# https://github.com/mikedh/trimesh
v -0.08072200 0.00063550 0.02430100
v -0.08045000 -0.00214750 0.02335600
v -0.08042500 -0.00666750 0.02493400
v -0.08029800 0.00354650 0.02342500
v -0.08018300 0.00790450 0.02469100
v -0.07981500 -0.00915750 0.02563500
v -0.07975600 -0.00447450 0.02299100
v -0.07956401 -0.01239450 0.02440000
v -0.07931900 0.01059050 0.02592600
v -0.07920200 0.00510150 0.02631400
v -0.07917500 0.01399250 0.02391000
v -0.07915800 -0.01538650 0.02442000
v -0.07915100 0.00128250 0.02654400
v -0.07907200 -0.00822950 0.02302000
v -0.07893400 0.00679950 0.02298500
v -0.07892400 0.01708550 0.02426000
v -0.07873000 0.00096550 0.02328000
v -0.07871500 -0.00171550 0.02668200
v -0.07866800 0.01039950 0.02292300
v -0.07864800 -0.00504350 0.02662600
v -0.07824200 0.01364550 0.02610900
v -0.07805500 -0.01337150 0.02305400
v -0.07804000 -0.01057550 0.02327800
v -0.07801799 -0.01845650 0.02330800
v -0.07780200 0.01973450 0.02550600
v -0.07769800 0.01261950 0.02308600
v -0.07767800 -0.02120450 0.02528900
v -0.07750000 -0.01786950 0.02635700
v -0.07749500 -0.01118050 0.02667600
v -0.07745100 0.01985250 0.02331500
v -0.07742500 0.01619650 0.02287700
v -0.07735900 -0.01616750 0.02312200
v -0.07734700 0.00772950 0.02641600
v -0.07732800 0.02248950 0.02434200
v -0.07702600 -0.02371950 0.02452700
v -0.07690300 -0.00517950 0.02482500
v -0.07680000 0.01007850 0.02636600
v -0.07679100 -0.00177950 0.02479500
v -0.07674800 -0.01416750 0.02666900
v -0.07674600 0.01558050 0.02642600
v -0.07666300 0.00204450 0.02617500
v -0.07663600 0.02467050 0.02484100
v -0.07654900 0.00289850 0.02476000
v -0.07654600 -0.00746950 0.02491900
v -0.07625800 -0.02156450 0.02313600
v -0.07622699 0.00981950 0.02464300
v -0.07619900 0.00432950 0.02586300
v -0.07611600 -0.00681450 0.02596700
v -0.07589100 0.00588550 0.02468700
v -0.07583100 -0.00321050 0.02578700
v -0.07569000 -0.02792350 0.02473800
v -0.07567200 0.01464050 0.02446500
v -0.07565400 0.01946850 0.02324400
v -0.07553000 -0.00064150 0.02547200
v -0.07546800 -0.01172750 0.02508800
v -0.07546300 0.02098850 0.02649700
v -0.07536300 0.02778750 0.02401700
v -0.07528500 -0.02285250 0.02664400
v -0.07513000 -0.02560850 0.02640700
v -0.07510700 0.01235350 0.02578100
v -0.07509800 -0.01476950 0.02507700
v -0.07508000 -0.01917450 0.02658700
v -0.07506301 -0.02534550 0.02317700
v -0.07492501 -0.02044350 0.02443500
v -0.07482000 0.02627350 0.02615900
v -0.07473100 0.00609850 0.02499500
v -0.07472700 -0.00347550 0.02412100
v -0.07472200 0.02543350 0.02277700
v -0.07470300 -0.03051450 0.02484500
v -0.07469000 -0.00877050 0.02434700
v -0.07467800 0.01705950 0.02459400
v -0.07465000 -0.01674550 0.02502600
v -0.07459400 -0.00011050 0.02353800
v -0.07446000 0.01785450 0.02593300
v -0.07440200 0.02332150 0.02354700
v -0.07429300 -0.00998150 0.02521000
v -0.07405100 0.03059050 0.02542500
v -0.07399500 -0.00603050 0.02323300
v -0.07385900 0.00902150 0.02451200
v -0.07382701 -0.00584850 0.02433100
v -0.07378601 -0.03230550 0.02502700
v -0.07378501 0.01375850 0.02389000
v -0.07369200 -0.00171750 0.02375100
v -0.07368901 0.00281450 0.02243900
v -0.07357500 0.01100650 0.02323900
v -0.07353100 -0.02820150 0.02340900
v -0.07351900 0.01497350 0.02511800
v -0.07342800 0.02824350 0.02302400
v -0.07341800 -0.01685550 0.02560000
v -0.07341400 -0.00186550 0.02098800
v -0.07337700 0.00806650 0.02237500
v -0.07334300 -0.01352650 0.02505200
v -0.07333200 0.00194350 0.02335900
v -0.07333100 0.03291050 0.02411700
v -0.07330600 0.00408650 0.02346700
v -0.07325701 0.00054150 0.01999300
v -0.07320800 0.00513750 0.02126700
v -0.07317100 -0.02361350 0.02503100
v -0.07313401 -0.01882150 0.02476000
v -0.07306600 -0.00941450 0.02234800
v -0.07303200 -0.00500250 0.02078700
v -0.07298201 0.02747550 0.02647000
v -0.07287700 0.02119750 0.02452400
v -0.07287200 -0.02126650 0.02487300
v -0.07280900 -0.00247350 0.01829200
v -0.07278700 0.00348250 0.01867200
v -0.07275499 -0.01353050 0.02304400
v -0.07274600 -0.02384950 0.02632600
v -0.07272799 0.00712250 0.02283800
v -0.07268900 -0.02077950 0.02579600
v -0.07265899 -0.00298450 0.02155500
v -0.07264400 -0.02941550 0.02672500
v -0.07264300 0.00191850 0.01715000
v -0.07263800 -0.00736350 0.01870000
v -0.07253800 -0.00854150 0.02340900
v -0.07252900 0.02329650 0.02586600
v -0.07252700 0.00662050 0.01814600
v -0.07248300 0.01023750 0.02064600
v -0.07246200 0.01217450 0.02352700
v -0.07243100 -0.03520650 0.02556200
v -0.07236800 -0.00474050 0.02151000
v -0.07236400 -0.03185550 0.02322700
v -0.07231800 -0.00458250 0.01626300
v -0.07230100 0.01307450 0.02125600
v -0.07229300 -0.00097150 0.02040400
v -0.07229000 -0.01191550 0.02088100
v -0.07228600 -0.00701950 0.02163200
v -0.07227600 0.00918650 0.01817500
v -0.07221700 0.00440950 0.02072200
v -0.07219800 -0.01048350 0.01846900
v -0.07219000 0.00169950 0.01960000
v -0.07203399 0.00344850 0.01485800
v -0.07202400 -0.01114450 0.02304700
v -0.07200400 0.00044750 0.01413300
v -0.07194600 -0.00821850 0.01640000
v -0.07192300 0.03387150 0.02596300
v -0.07192200 -0.01727650 0.02297000
v -0.07189900 0.00731450 0.01542000
v -0.07184500 0.00661750 0.01953400
v -0.07182700 -0.00574250 0.01874700
v -0.07174400 0.01618150 0.02180700
v -0.07174400 0.03229750 0.02286400
v -0.07171900 -0.00015050 0.01716200
v -0.07171800 0.01106150 0.01696600
v -0.07170700 -0.00414150 0.01364200
v -0.07170300 -0.01388950 0.01962900
v -0.07170200 0.01886650 0.02300400
v -0.07166100 -0.00326450 0.01702200
v -0.07161100 -0.00982450 0.02096700
v -0.07160199 0.01157750 0.02137300
v -0.07155700 0.01495250 0.02274100
v -0.07150500 0.00483650 0.01700000
v -0.07148300 -0.01404950 0.02245000
v -0.07147899 -0.00092050 0.01193600
v -0.07147100 0.01436850 0.01850300
v -0.07141500 -0.01660150 0.02365500
v -0.07139100 -0.00818450 0.01829100
v -0.07136799 -0.00793450 0.01343600
v -0.07136799 0.00545550 0.01231800
v -0.07136400 0.03714750 0.02435200
v -0.07135900 0.00952150 0.01853600
v -0.07134500 -0.03722550 0.02495100
v -0.07133100 0.00174450 0.01539200
v -0.07129200 -0.02466250 0.02482000
v -0.07127800 0.01317950 0.01650300
v -0.07127000 -0.02665850 0.02619100
v -0.07124100 0.02079950 0.02428400
v -0.07123600 -0.01157150 0.01532300
v -0.07123400 -0.01604850 0.01946700
v -0.07122700 0.01806550 0.02357100
v -0.07121900 0.00771150 0.01250300
v -0.07119500 -0.00218650 0.01425000
v -0.07117300 0.02614950 0.02440000
v -0.07116300 0.00747650 0.01714800
v -0.07110800 -0.01245950 0.01956000
v -0.07103200 0.00322250 0.01073900
v -0.07094700 -0.00721250 0.01564200
v -0.07094600 -0.01897150 0.02389000
v -0.07090000 0.01068550 0.01289800
v -0.07088800 0.02284950 0.02348000
v -0.07088400 -0.02719150 0.02512000
v -0.07087500 -0.01066650 0.01730700
v -0.07083500 0.01811450 0.01957200
v -0.07081401 0.01208950 0.01798700
v -0.07081100 -0.01388250 0.01524500
v -0.07080001 0.03554950 0.02282000
v -0.07076100 -0.02232850 0.02456700
v -0.07075000 0.01539750 0.02051600
v -0.07074299 0.03001750 0.02438500
v -0.07072200 -0.00076350 0.00963700
v -0.07068800 -0.00543050 0.01339000
v -0.07067500 -0.00518450 0.00994000
v -0.07062900 -0.00030750 0.01218900
v -0.07062600 -0.03363750 0.02677600
v -0.07062100 -0.00900750 0.01427400
v -0.07060800 0.00264850 0.01386900
v -0.07050600 -0.02129950 0.02250900
v -0.07048900 -0.01926650 0.01971400
v -0.07048300 -0.01087650 0.01160800
v -0.07046200 0.03028350 0.02597000
v -0.07045800 -0.00790950 0.00997000
v -0.07045600 -0.03511850 0.02339600
v -0.07044500 0.00485450 0.01262500
v -0.07044200 0.01636450 0.01556100
v -0.07043599 0.01366950 0.01303300
v -0.07040100 0.00746850 0.01343400
v -0.07039900 0.00491550 0.00920400
v -0.07033200 0.00979750 0.01411500
v -0.07028200 -0.01803150 0.01711700
v -0.07025599 -0.01599750 0.01968700
v -0.07022600 0.00870050 0.00961600
v -0.07015900 0.01462850 0.01667500
v -0.07014400 -0.00308250 0.01114200
v -0.07012600 0.01742850 0.01982500
v -0.07010300 -0.01474350 0.01721200
v -0.07010200 -0.01265850 0.01498600
v -0.07008100 -0.01836250 0.02065800
v -0.07004500 -0.03037350 0.02637700
v -0.07001700 0.02728750 0.02513500
v -0.06999400 -0.03026050 0.02520900
v -0.06997300 0.01240950 0.01368700
v -0.06992400 0.02153050 0.02022100
v -0.06991700 0.01201150 0.01010100
v -0.06983600 -0.00081950 0.00965800
v -0.06981099 -0.03731950 0.02336500
v -0.06978100 -0.01608850 0.01270400
v -0.06976300 -0.00987350 0.00883700
v -0.06976000 -0.02446950 0.02444500
v -0.06975300 -0.00618550 0.01047200
v -0.06975300 0.02012050 0.02138100
v -0.06975100 0.02051550 0.01707800
v -0.06973400 -0.00011150 0.00708600
v -0.06967700 0.00247250 0.00969200
v -0.06963600 0.00288450 0.00677500
v -0.06963500 0.01580950 0.01158200
v -0.06963100 0.02847750 0.02403000
v -0.06960100 0.02398350 0.02212600
v -0.06958600 0.01880250 0.01451900
v -0.06957200 0.03700650 0.02631800
v -0.06955900 -0.01854150 0.01426800
v -0.06955200 0.00726750 0.00989600
v -0.06954200 -0.01230050 0.01191100
v -0.06953100 0.02485350 0.02389400
v -0.06952200 0.02251750 0.02287800
v -0.06949500 -0.01416350 0.01031500
v -0.06943800 -0.00723450 0.00712900
v -0.06941800 -0.02310050 0.02050700
v -0.06939400 0.00638650 0.00670200
v -0.06939100 -0.00373450 0.00630800
v -0.06937700 0.04074850 0.02421700
v -0.06936400 -0.01626050 0.01571000
v -0.06935700 -0.02123750 0.01672900
v -0.06933000 -0.00919150 0.00988500
v -0.06931400 0.03851950 0.02279100
v -0.06927600 0.03305850 0.02592500
v -0.06926800 0.01526250 0.01345900
v -0.06926700 -0.02137850 0.02222400
v -0.06925800 0.01719850 0.01582300
v -0.06925600 -0.03744350 0.02685900
v -0.06920100 0.01812550 0.01194200
v -0.06918400 0.01017150 0.01027700
v -0.06917700 0.01916150 0.01744100
v -0.06911100 0.00510350 0.00852800
v -0.06907599 -0.02600150 0.02280400
v -0.06905001 -0.02053950 0.01847900
v -0.06897200 -0.03972850 0.02329700
v -0.06893900 -0.01570650 0.01279000
v -0.06889300 0.00056950 0.00745700
v -0.06885600 -0.01918250 0.01694000
v -0.06879200 0.01247050 0.01020800
v -0.06878000 -0.01301350 0.00766800
v -0.06876400 0.02214450 0.01964000
v -0.06875400 -0.00355750 0.00746600
v -0.06873300 -0.03313750 0.02521000
v -0.06870300 -0.00624950 0.00787800
v -0.06868200 0.00147050 0.00449800
v -0.06867401 0.01192850 0.00665200
v -0.06867300 0.01675350 0.00918800
v -0.06867000 0.00935650 0.00573400
v -0.06864200 0.02606750 0.02148500
v -0.06861800 -0.04042750 0.02668900
v -0.06858300 -0.00168550 0.00428800
v -0.06854799 -0.04158250 0.02376700
v -0.06854300 0.00791750 0.00746700
v -0.06854200 -0.01024350 0.00589800
v -0.06853000 -0.02133450 0.01336200
v -0.06851999 0.02994550 0.02473300
v -0.06851100 0.01480050 0.01026700
v -0.06849900 -0.01881550 0.01068300
v -0.06849600 -0.01085650 0.00813100
v -0.06847700 -0.02450150 0.01794900
v -0.06843400 -0.02307750 0.01536000
v -0.06840800 0.02493650 0.01787600
v -0.06840500 -0.02724150 0.02442200
v -0.06839500 0.03431350 0.02437700
v -0.06839000 0.02307150 0.01482500
v -0.06837300 -0.02975950 0.02498200
v -0.06835800 0.04158850 0.02571100
v -0.06834400 -0.02422550 0.02146500
v -0.06834100 0.01801250 0.01275500
v -0.06833000 -0.03537850 0.02517700
v -0.06831400 0.01112350 0.00779200
v -0.06829600 -0.01480750 0.01038900
v -0.06828800 -0.00177850 0.00575000
v -0.06826000 -0.02602650 0.02033400
v -0.06822000 0.02156650 0.01594000
v -0.06818200 -0.01916450 0.01344200
v -0.06817700 0.01504250 0.00705500
v -0.06815200 0.02127550 0.01131000
v -0.06814399 -0.02299450 0.01868400
v -0.06811800 -0.02870650 0.02319300
v -0.06805200 -0.03246150 0.02583100
v -0.06804799 -0.00788450 0.00394900
v -0.06801300 0.00412250 0.00538900
v -0.06798900 0.02437250 0.02028900
v -0.06794700 -0.01704750 0.01014900
v -0.06791600 0.00468050 0.00296400
v -0.06788600 -0.01315650 0.00784100
v -0.06783100 -0.01747450 0.00778700
v -0.06782700 0.03040950 0.02332100
v -0.06782300 0.02811750 0.02146700
v -0.06779700 0.01870250 0.00809200
v -0.06778500 -0.00418850 0.00280400
v -0.06778000 -0.00617050 0.00543100
v -0.06775800 -0.02207550 0.01502900
v -0.06771800 0.01946650 0.01177200
v -0.06763800 0.00090450 0.00427700
v -0.06762500 0.00928250 0.00582100
v -0.06760900 -0.01490150 0.00583700
v -0.06757100 0.00822150 0.00317700
v -0.06756800 0.02712350 0.02194200
v -0.06755800 -0.00971450 0.00581400
v -0.06754000 0.01290850 0.00672100
v -0.06753000 -0.02551350 0.01887500
v -0.06745300 0.01743550 0.00924300
v -0.06743400 -0.04391050 0.02565300
v -0.06741200 -0.02683250 0.02165200
v -0.06738800 -0.02441950 0.01320300
v -0.06735000 0.00059150 0.00158600
v -0.06732400 -0.02372450 0.01615900
v -0.06730900 0.04160950 0.02279600
v -0.06723201 -0.02300050 0.01075200
v -0.06723000 -0.01978850 0.01063900
v -0.06720300 -0.02601650 0.01474500
v -0.06716700 0.02491650 0.01219600
v -0.06713200 -0.02046550 0.00805000
v -0.06712400 -0.03523150 0.02614200
v -0.06711600 0.02646150 0.01462100
v -0.06711500 -0.02870150 0.01987600
v -0.06709800 0.02840950 0.01808000
v -0.06709500 0.02439650 0.01576100
v -0.06707100 0.03736150 0.02433100
v -0.06706100 -0.01305050 0.00373500
v -0.06698300 0.01503250 0.00426400
v -0.06697000 0.00329650 0.00286000
v -0.06695600 0.03182850 0.02424800
v -0.06693500 -0.00375650 0.00270600
v -0.06692000 -0.04361250 0.02322300
v -0.06688600 -0.00268050 0.00079600
v -0.06687200 0.02246650 0.01183100
v -0.06682900 0.02267050 0.00881600
v -0.06681500 -0.01588450 0.00676100
v -0.06680500 0.01152950 0.00242100
v -0.06679900 -0.02825750 0.01688500
v -0.06679300 0.00649650 0.00358900
v -0.06675901 -0.00584850 0.00088800
v -0.06673200 0.04375550 0.02569700
v -0.06672200 -0.02296250 0.01233500
v -0.06671300 -0.03745350 0.02529000
v -0.06668000 -0.02962850 0.02313500
v -0.06667800 0.00543550 0.00068900
v -0.06661000 -0.00596750 0.00253600
v -0.06660701 0.01523550 0.00575600
v -0.06658000 -0.01840650 0.00554000
v -0.06657700 0.03017950 0.01907700
v -0.06656800 0.02780050 0.01889900
v -0.06656200 -0.02623750 0.01634900
v -0.06652600 -0.00898050 0.00116600
v -0.06650800 0.02065550 0.00884000
v -0.06650000 0.03227450 0.02240500
v -0.06649600 0.03477250 0.02498000
v -0.06647800 0.04495450 0.02370300
v -0.06641600 -0.00814150 0.00252200
v -0.06636599 0.02485350 0.01282100
v -0.06629600 -0.02786750 0.01842200
v -0.06627900 -0.01101650 0.00401100
v -0.06625400 0.00218650 -0.00063500
v -0.06623600 -0.01945450 0.00811900
v -0.06623400 0.02727150 0.01600700
v -0.06623300 0.01877950 0.00466000
v -0.06621900 0.02991150 0.02194100
v -0.06618300 -0.00148450 0.00180200
v -0.06615800 -0.03299150 0.02324000
v -0.06615800 -0.03115150 0.02069100
v -0.06615000 0.02755450 0.01242900
v -0.06614801 0.01178850 0.00362400
v -0.06612500 0.02069450 0.00549500
v -0.06607200 0.00886450 0.00248400
v -0.06606800 0.02977350 0.01587500
v -0.06603000 -0.00077050 -0.00119000
v -0.06602300 -0.02371150 0.00836100
v -0.06600100 -0.03179050 0.02378300
v -0.06598200 -0.02700450 0.01172100
v -0.06586100 0.00091850 0.00062600
v -0.06585100 -0.03003050 0.02016000
v -0.06585000 -0.02247950 0.00963100
v -0.06582000 -0.04014150 0.02508800
v -0.06581900 -0.03863550 0.02646600
v -0.06580200 0.03183650 0.01975000
v -0.06576000 0.03739450 0.02554800
v -0.06575900 0.02618450 0.00920500
v -0.06575300 0.00813750 -0.00086600
v -0.06575200 -0.01352850 0.00115400
v -0.06574600 -0.01669550 0.00285700
v -0.06571700 0.01978150 0.00667800
v -0.06569900 0.03451850 0.02300900
v -0.06569300 -0.02573450 0.01374800
v -0.06564600 -0.03586650 0.02437600
v -0.06563900 0.02302350 0.00610800
v -0.06563200 0.00359550 0.00034200
v -0.06561000 0.02332150 0.00888700
v -0.06558600 0.01400550 0.00271000
v -0.06557300 -0.02516950 0.01113000
v -0.06556800 0.04538250 0.02591100
v -0.06556199 0.04105850 0.02608600
v -0.06551000 -0.00499250 0.00026500
v -0.06549100 -0.01422350 0.00315100
v -0.06546900 -0.00769250 -0.00123700
v -0.06546700 -0.02256850 0.00606600
v -0.06545600 0.00592150 0.00072600
v -0.06545000 0.03999150 0.02448600
v -0.06542200 -0.03168750 0.01775100
v -0.06539200 -0.01800650 0.00456300
v -0.06535700 0.01873150 0.00495600
v -0.06527400 0.01655450 0.00372900
v -0.06520400 0.02821950 0.01364900
v -0.06519999 0.02827250 0.01033700
v -0.06519999 0.03298250 0.02264000
v -0.06515100 -0.02121350 0.00622600
v -0.06514100 -0.02796750 0.01403100
v -0.06513301 0.03102350 0.01976300
v -0.06513099 0.01500050 0.00045200
v -0.06512100 -0.03026950 0.01773800
v -0.06510000 -0.00451950 -0.00265700
v -0.06509600 -0.02107950 0.00426600
v -0.06507300 -0.01268950 0.00182000
v -0.06506000 0.02624350 0.01089700
v -0.06504300 -0.02997250 0.01302100
v -0.06502201 -0.04373650 0.02704100
v -0.06501400 0.04410550 0.02305300
v -0.06499400 -0.01029250 0.00105200
v -0.06495100 -0.01919650 0.00249200
v -0.06493800 -0.02830050 0.01046100
v -0.06490700 -0.03191550 0.02164300
v -0.06489800 0.03042150 0.01243400
v -0.06488200 -0.04082150 0.02661500
v -0.06487700 -0.03129450 0.01472600
v -0.06483800 -0.03424050 0.02395800
v -0.06483100 -0.04589150 0.02341200
v -0.06478800 0.00189150 -0.00358500
v -0.06476700 0.03416350 0.02067000
v -0.06472900 -0.01053050 -0.00187500
v -0.06472400 0.02570450 0.00620600
v -0.06470000 -0.03012850 0.01550500
v -0.06470000 -0.02588350 0.00685500
v -0.06470000 -0.01287550 -0.00122200
v -0.06469700 -0.03664750 0.02503900
v -0.06469500 0.01865750 0.00142500
v -0.06465900 0.03043050 0.01630400
v -0.06463500 -0.00793150 -0.00079500
v -0.06462600 0.00863050 -0.00077800
v -0.06462500 0.00558250 -0.00359800
v -0.06462100 -0.02864250 0.01202000
v -0.06460400 -0.02472950 0.00808100
v -0.06458600 0.01236950 -0.00173900
v -0.06456099 0.03333450 0.01713400
v -0.06454799 0.02236350 0.00580300
v -0.06454000 -0.00176950 -0.00174800
v -0.06453399 0.00174250 -0.00183300
v -0.06451900 -0.01570750 -0.00030400
v -0.06446499 -0.03418550 0.01975300
v -0.06442100 -0.00134250 -0.00439700
v -0.06434200 0.01194650 -0.00044500
v -0.06433000 0.00491650 -0.00226600
v -0.06431900 -0.04741650 0.02627000
v -0.06431200 0.01680950 0.00162800
v -0.06424700 0.04844050 0.02429600
v -0.06420200 0.01446750 0.00048400
v -0.06419000 0.02485550 0.00645700
v -0.06418300 -0.02774350 0.01020200
v -0.06412400 -0.01328550 -0.00036700
v -0.06411800 0.00961250 -0.00346800
v -0.06411400 -0.01749950 0.00238300
v -0.06405500 0.02620350 0.00822400
v -0.06403800 -0.04769450 0.02329800
v -0.06402101 -0.00788550 -0.00407100
v -0.06397100 -0.00642850 -0.00253100
v -0.06391700 -0.04937550 0.02497500
v -0.06390100 0.01934250 0.00250200
v -0.06389400 -0.02322750 0.00521800
v -0.06389100 0.02122450 0.00142800
v -0.06387200 0.03319850 0.01350100
v -0.06384700 -0.03608050 0.02200400
v -0.06382900 -0.03321650 0.01834000
v -0.06381500 0.02400450 0.00326800
v -0.06376700 -0.04582250 0.02697200
v -0.06376000 0.02850550 0.00930000
v -0.06375600 -0.04196350 0.02522300
v -0.06375500 0.03010750 0.01136100
v -0.06372400 -0.03455650 0.02109700
v -0.06371600 -0.02049950 0.00336300
v -0.06370800 0.03643750 0.02129900
v -0.06369700 0.03364150 0.01907300
v -0.06369400 0.03128550 0.01334500
v -0.06366600 -0.01601050 0.00018800
v -0.06365800 0.01745450 -0.00122300
v -0.06360100 -0.00361550 -0.00329900
v -0.06359800 0.03566450 0.02241300
v -0.06358500 -0.03867850 0.02399600
v -0.06358000 0.00726850 -0.00338500
v -0.06351900 0.03260350 0.01518700
v -0.06351200 -0.03095150 0.00978000
v -0.06347400 -0.02272950 0.00208000
v -0.06345800 0.03149850 0.00950400
v -0.06345300 0.04716350 0.02278800
v -0.06344600 0.04045250 0.02504100
v -0.06343000 -0.02883050 0.00697800
v -0.06341500 -0.03344750 0.01364600
v -0.06341100 0.02924450 0.00683200
v -0.06339800 -0.00430150 -0.00572600
v -0.06339200 -0.01873950 -0.00073300
v -0.06336400 0.02237350 0.00317300
v -0.06332500 -0.01128850 -0.00197500
v -0.06327500 -0.02761250 0.00798200
v -0.06327300 0.03587950 0.01727100
v -0.06325100 0.01030950 -0.00271700
v -0.06322800 -0.03650650 0.02314600
v -0.06322700 -0.03525650 0.01671100
v -0.06322400 -0.02508050 0.00334000
v -0.06321300 0.03935850 0.02327000
v -0.06319300 0.00739550 -0.00554300
v -0.06312000 -0.00106150 -0.00473500
v -0.06310700 -0.04410650 0.02520300
v -0.06309500 -0.01296450 -0.00408400
v -0.06309000 0.00384650 -0.00622700
v -0.06308400 -0.03293650 0.01495500
v -0.06304300 -0.01886450 0.00039600
v -0.06303200 0.01602350 -0.00319700
v -0.06302501 -0.02271050 0.00303300
v -0.06296900 0.02715850 0.00659400
v -0.06295500 0.01782250 -0.00049400
v -0.06293900 -0.02121950 -0.00018800
v -0.06293100 -0.03939650 0.02506400
v -0.06291000 0.00110550 -0.00665200
v -0.06287200 -0.03192050 0.01253800
v -0.06286300 0.00341850 -0.00519400
v -0.06282700 -0.01641050 -0.00303900
v -0.06280900 0.04815050 0.02615900
v -0.06279000 -0.03694850 0.01879900
v -0.06277900 0.00088450 -0.00513000
v -0.06272400 0.01335250 -0.00492000
v -0.06271500 -0.01021250 -0.00380900
v -0.06271000 0.02052250 0.00049300
v -0.06265700 0.03588150 0.01458500
v -0.06262400 0.02515050 0.00366500
v -0.06258300 0.01482850 -0.00290800
v -0.06256700 -0.00136150 -0.00726300
v -0.06255900 0.03579550 0.01945400
v -0.06255000 0.04262450 0.02414200
v -0.06253000 0.04375050 0.02577600
v -0.06251400 -0.04188850 0.02583900
v -0.06249700 -0.05140350 0.02517300
v -0.06249100 -0.03044850 0.00910600
v -0.06246000 -0.00740450 -0.00484700
v -0.06243600 0.01190950 -0.00414200
v -0.06240300 -0.03645250 0.01996300
v -0.06238100 0.03463450 0.01108300
v -0.06234900 0.03499050 0.01632400
v -0.06234000 -0.01344650 -0.00339100
v -0.06234000 0.02741650 0.00298700
v -0.06233500 0.02349650 -0.00013800
v -0.06233400 -0.00833450 -0.00676700
v -0.06232900 -0.03512150 0.01659400
v -0.06227600 0.03835050 0.02298300
v -0.06227100 0.03780850 0.01883000
v -0.06226800 -0.01605950 -0.00275600
v -0.06226800 0.02077750 -0.00198800
v -0.06226300 -0.00416250 -0.00570000
v -0.06224500 0.00922250 -0.00524100
v -0.06223100 0.02980250 0.00671700
v -0.06221100 -0.03489250 0.01210500
v -0.06219700 -0.02603750 0.00409900
v -0.06218300 -0.02178850 0.00057400
v -0.06216800 -0.02795750 0.00368500
v -0.06213800 0.03126650 0.00904500
v -0.06209800 0.00901350 -0.00709800
v -0.06199200 0.03419250 0.01308200
v -0.06194500 0.05112950 0.02451200
v -0.06192100 -0.02861250 0.00606000
v -0.06191800 0.01192550 -0.00659000
v -0.06185200 -0.02377450 -0.00038100
v -0.06184200 -0.00369350 -0.00827700
v -0.06182100 0.01885450 -0.00405100
v -0.06176900 -0.03945250 0.02171900
v -0.06176000 0.03315950 0.01052400
v -0.06175300 0.00556550 -0.00833000
v -0.06174500 -0.04949150 0.02677200
v -0.06174400 -0.03157450 0.00657000
v -0.06169700 -0.03398650 0.00920700
v -0.06167200 -0.01146050 -0.00702100
v -0.06166900 0.02308150 0.00056900
v -0.06165800 -0.02499450 0.00208800
v -0.06165400 0.04966250 0.02288400
v -0.06164900 -0.04071350 0.02355600
v -0.06161300 -0.03719950 0.01492100
v -0.06159600 0.02819650 0.00420200
v -0.06159000 0.00634950 -0.00644800
v -0.06158500 -0.03259350 0.00992800
v -0.06158300 -0.03466250 0.01317800
v -0.06157600 0.03304250 0.00676800
v -0.06156000 -0.04583250 0.02676800
v -0.06155300 0.03722750 0.01927900
v -0.06152700 0.02582150 0.00020300
v -0.06152100 0.04042650 0.02342400
v -0.06149500 -0.01994950 -0.00162200
v -0.06149100 -0.01838850 -0.00448800
v -0.06149000 0.00235350 -0.00891700
v -0.06145900 0.03968750 0.02045800
v -0.06145400 0.01663350 -0.00358100
v -0.06139800 -0.05071050 0.02356800
v -0.06139100 0.04581250 0.02452200
v -0.06136200 -0.01617650 -0.00579800
v -0.06132900 -0.00679950 -0.00856100
v -0.06130600 -0.03813250 0.02038700
v -0.06128600 0.01519350 -0.00656400
v -0.06127800 -0.03920250 0.01802200
v -0.06124200 -0.01790850 -0.00344400
v -0.06122900 -0.02631050 0.00046600
v -0.06118100 -0.04599550 0.02535400
v -0.06113000 0.03827650 0.01453700
v -0.06110700 -0.00821250 -0.00687900
v -0.06109900 -0.00090050 -0.00773400
v -0.06108900 0.02117450 -0.00205300
v -0.06106900 0.02694750 0.00184200
v -0.06102700 0.00159050 -0.00810000
v -0.06102600 0.01900850 -0.00332500
v -0.06099300 -0.02112950 -0.00382500
v -0.06095500 -0.01383950 -0.00733000
v -0.06095000 0.03698350 0.01541300
v -0.06093900 0.02997550 0.00249100
v -0.06093700 -0.04840450 0.02473900
v -0.06093400 0.03675950 0.01054000
v -0.06093100 0.00407150 -0.00770600
v -0.06091700 -0.04124250 0.02420500
v -0.06089700 -0.01386050 -0.00565600
v -0.06085800 -0.03933350 0.02277200
v -0.06079100 0.01319950 -0.00614900
v -0.06078000 -0.03680950 0.01477300
v -0.06076500 -0.02881050 0.00175200
v -0.06071700 0.03653050 0.01262900
v -0.06071500 -0.03420550 0.00959500
v -0.06068300 0.01057750 -0.00714400
v -0.06066300 -0.00985450 -0.00904800
v -0.06065600 -0.01164750 -0.00724100
v -0.06065100 -0.03788050 0.01685200
v -0.06064800 0.01753650 -0.00660900
v -0.06060900 -0.02376750 -0.00005200
v -0.06058800 -0.03761950 0.01243700
v -0.06058100 0.02473850 -0.00042100
v -0.06056400 -0.00097850 -0.01037100
v -0.06054000 0.03241150 0.00411400
v -0.06053500 0.04445050 0.02496100
v -0.06049000 0.02524850 -0.00237000
v -0.06048600 -0.00473950 -0.00824600
v -0.06047800 -0.02987550 0.00416200
v -0.06045600 0.03255050 0.00648800
v -0.06040600 -0.02360950 -0.00318800
v -0.06039900 0.03997050 0.02122100
v -0.06038500 0.02279350 -0.00422500
v -0.06038400 0.01553650 -0.00616400
v -0.06038000 -0.03467850 0.00712800
v -0.06037600 0.03901550 0.01773900
v -0.06035400 0.03554350 0.00733500
v -0.06033200 0.00902450 -0.00985500
v -0.06031400 0.04194250 0.02146000
v -0.06030100 0.04058950 0.01715000
v -0.06029600 -0.03639950 0.01211800
v -0.06027900 -0.04289450 0.02325300
v -0.06023100 -0.04365350 0.02533400
v -0.06021800 -0.02647150 0.00071500
v -0.06019800 -0.05162850 0.02686200
v -0.06019200 -0.05330650 0.02395200
v -0.06018200 0.03445750 0.00769900
v -0.06017600 0.00266550 -0.01084600
v -0.06017000 -0.03952850 0.01937200
v -0.06016500 -0.02211750 -0.00276800
v -0.06011700 0.03611750 0.00998100
v -0.06009100 0.03111950 0.00437900
v -0.06007300 -0.03736150 0.01021200
v -0.06007100 -0.03249950 0.00603000
v -0.06005800 0.00818950 -0.00872200
v -0.06004100 -0.03139850 0.00276800
v -0.06004000 0.04879750 0.02616500
v -0.06001500 -0.01698450 -0.00572700
v -0.05998500 -0.02564450 -0.00237300
v -0.05998400 -0.02832150 -0.00010300
v -0.05992600 0.05194550 0.02624100
v -0.05992300 -0.00473650 -0.01085800
v -0.05992100 0.01214050 -0.00971400
v -0.05986500 0.02050850 -0.00627500
v -0.05983800 0.04400350 0.02303400
v -0.05983300 -0.04049750 0.01583200
v -0.05977100 -0.02005750 -0.00473800
v -0.05972000 0.00540950 -0.01111000
v -0.05971800 0.05427550 0.02392500
v -0.05970500 -0.04165450 0.01865500
v -0.05963900 -0.02919850 0.00198700
v -0.05959900 0.01542450 -0.00903800
v -0.05957200 -0.01002850 -0.00877600
v -0.05955800 0.03879050 0.01421600
v -0.05954600 0.00491450 -0.01003000
v -0.05951500 -0.01641550 -0.00858200
v -0.05949000 0.01814550 -0.00648500
v -0.05948500 -0.01257850 -0.00993200
v -0.05947600 -0.04251850 0.02116300
v -0.05943600 0.04294350 0.02305300
v -0.05943600 0.05180050 0.02293000
v -0.05942600 0.02089550 -0.00506700
v -0.05939500 0.03894450 0.01014300
v -0.05935500 0.04780050 0.02458500
v -0.05935100 -0.03640150 0.00959100
v -0.05934400 -0.04486350 0.02394600
v -0.05933400 0.04047350 0.01302700
v -0.05932800 -0.01954650 -0.00728200
v -0.05930700 -0.04151650 0.02184500
v -0.05926500 0.04086450 0.01928700
v -0.05925200 0.02950150 -0.00116500
v -0.05924900 -0.03375350 0.00386300
v -0.05923300 0.02767350 -0.00290100
v -0.05917700 -0.04599950 0.02586000
v -0.05917200 0.04209150 0.02148700
v -0.05915900 0.02336050 -0.00392100
v -0.05914300 0.02611750 -0.00207700
v -0.05911800 -0.00302650 -0.01024100
v -0.05909300 -0.03762750 0.00816600
v -0.05908700 -0.01464350 -0.00777900
v -0.05908000 -0.02543250 -0.00246200
v -0.05904900 0.01345550 -0.00863300
v -0.05903500 0.00815850 -0.01152300
v -0.05902100 -0.03251250 0.00397300
v -0.05897600 0.03545650 0.00437400
v -0.05895000 0.03286550 0.00167200
v -0.05893400 0.04735350 0.02528700
v -0.05891900 0.03042650 0.00126600
v -0.05886600 -0.04813750 0.02649300
v -0.05886100 0.03846250 0.01104000
v -0.05885000 -0.05457350 0.02602800
v -0.05884600 -0.02785350 -0.00269200
v -0.05884400 0.02876750 -0.00024600
v -0.05883600 -0.00072350 -0.01098600
v -0.05883400 -0.04076050 0.01299300
v -0.05882500 -0.03556750 0.00688900
v -0.05881800 -0.00032550 -0.01264300
v -0.05878500 -0.03999950 0.01584200
v -0.05878000 -0.00835850 -0.01037600
v -0.05876700 -0.00701550 -0.01194300
v -0.05874800 -0.00963250 -0.01168100
v -0.05874600 -0.01690350 -0.00823300
v -0.05869900 0.03781750 0.00682400
v -0.05869400 0.04352950 0.02006000
v -0.05862600 -0.04163750 0.01826800
v -0.05860700 -0.01561850 -0.00996600
v -0.05859400 0.04098050 0.01662000
v -0.05857900 -0.03074550 -0.00060800
v -0.05856100 0.00141550 -0.01144900
v -0.05856000 -0.03948850 0.01279600
v -0.05853000 -0.00611050 -0.01096300
v -0.05852400 0.02378850 -0.00652000
v -0.05849400 0.04213050 0.01428300
v -0.05847000 -0.01967150 -0.00701300
v -0.05847000 0.01909750 -0.00900500
v -0.05846400 -0.03078050 0.00153100
v -0.05845300 -0.04984850 0.02539500
v -0.05844600 -0.04000050 0.01074400
v -0.05844300 0.00806750 -0.01095500
v -0.05843800 -0.02861150 -0.00122900
v -0.05837500 -0.04766550 0.02505800
v -0.05836900 -0.00301050 -0.01303100
v -0.05828400 -0.03688750 0.00545900
v -0.05827500 0.01190850 -0.01024700
v -0.05826800 -0.03865850 0.01034800
v -0.05821000 -0.02439250 -0.00632000
v -0.05819600 -0.02273150 -0.00590000
v -0.05818000 -0.01249950 -0.01022800
v -0.05816900 0.03528250 0.00495800
v -0.05811600 0.03332150 0.00268200
v -0.05811100 0.01644450 -0.01072900
v -0.05807500 0.02658750 -0.00537700
v -0.05807100 0.01629550 -0.00936900
v -0.05801000 0.04588450 0.02401900
v -0.05797500 0.03676650 0.00634300
v -0.05797200 0.00226450 -0.01348300
v -0.05795900 0.01917250 -0.00818600
v -0.05795200 -0.04507450 0.02228100
v -0.05791700 0.01328550 -0.01176200
v -0.05789000 -0.04427050 0.02352200
v -0.05787900 0.04391950 0.01696800
v -0.05784300 0.02836650 -0.00252600
v -0.05783300 -0.02721050 -0.00490600
v -0.05783300 0.04101450 0.01391700
v -0.05780600 -0.04440250 0.01955800
v -0.05779900 0.01047550 -0.01280300
v -0.05779100 -0.04346850 0.02090000
v -0.05778700 -0.05407150 0.02358500
v -0.05778200 0.03860050 0.00814500
v -0.05774200 -0.03555150 0.00475800
v -0.05774100 0.04278750 0.01745400
v -0.05771000 -0.03339450 0.00225200
v -0.05770000 0.04594450 0.02218900
v -0.05769600 -0.05263650 0.02700500
v -0.05766800 0.04078450 0.00900200
v -0.05765800 -0.04214450 0.01583000
v -0.05764100 0.02246150 -0.00873300
v -0.05762400 0.00422950 -0.01269800
v -0.05758500 0.03250550 -0.00133200
v -0.05756300 -0.04341050 0.01552200
v -0.05755800 0.05632850 0.02351400
v -0.05754500 0.05513750 0.02574400
v -0.05751800 -0.05199250 0.02505900
v -0.05749800 -0.02280750 -0.00829500
v -0.05747500 0.04887650 0.02425600
v -0.05746700 -0.01528950 -0.01159100
v -0.05746200 0.03463250 0.00080500
v -0.05746100 -0.03578250 0.00267200
v -0.05741000 -0.03094050 -0.00067200
v -0.05740900 0.05360150 0.02316000
v -0.05736600 -0.00253650 -0.01291000
v -0.05735000 0.03161350 -0.00022200
v -0.05732800 -0.03309650 -0.00031000
v -0.05732600 -0.01870750 -0.01044200
v -0.05725300 -0.01231550 -0.01278200
v -0.05725300 0.00817350 -0.01391400
v -0.05722800 -0.04101150 0.01225100
v -0.05722100 -0.01877650 -0.00913800
v -0.05718700 0.04382150 0.01984700
v -0.05717900 -0.04262050 0.01210200
v -0.05715400 -0.00500950 -0.01247600
v -0.05714100 -0.02117650 -0.00961300
v -0.05707100 0.04926850 0.02517200
v -0.05706700 0.00577150 -0.01449000
v -0.05706200 -0.01618350 -0.01067800
v -0.05704100 -0.05625750 0.02399400
v -0.05699900 0.02669650 -0.00532500
v -0.05692900 -0.00654250 -0.01440600
v -0.05692900 0.02195450 -0.00810000
v -0.05691200 -0.05030250 0.02631500
v -0.05689400 0.04385950 0.01292700
v -0.05689300 0.02942750 -0.00514400
v -0.05687200 -0.00244250 -0.01477300
v -0.05686000 -0.03953450 0.00850400
v -0.05685400 0.04590250 0.01954300
v -0.05678700 -0.04064350 0.00740400
v -0.05676100 0.01065450 -0.01243900
v -0.05675900 0.03767350 0.00292200
v -0.05675800 -0.05687450 0.02600800
v -0.05674900 -0.02194850 -0.00812600
v -0.05674400 0.04556850 0.02215400
v -0.05674100 0.00126450 -0.01357900
v -0.05670600 -0.04521050 0.01745500
v -0.05668600 0.05274050 0.02626800
v -0.05667600 -0.00999950 -0.01251900
v -0.05667100 -0.00934850 -0.01408100
v -0.05666200 0.01438550 -0.01140300
v -0.05665300 -0.01401850 -0.01147600
v -0.05663300 -0.03082950 -0.00368800
v -0.05662500 -0.02584650 -0.00626500
v -0.05660000 0.03490450 0.00145100
v -0.05659400 -0.02864850 -0.00398100
v -0.05657600 -0.04659550 0.02439800
v -0.05653900 0.04147850 0.01063600
v -0.05652600 0.02467650 -0.00735100
v -0.05645200 0.01525550 -0.01293000
v -0.05644200 0.04041450 0.00587300
v -0.05643700 0.00666250 -0.01375200
v -0.05643700 0.03190050 -0.00370800
v -0.05640500 0.04510050 0.01470500
v -0.05639700 0.05132350 0.02461000
v -0.05637700 -0.03819850 0.00579900
v -0.05637700 -0.03315350 0.00001700
v -0.05637600 0.02519750 -0.00899100
v -0.05631300 0.01685650 -0.01144800
v -0.05630700 0.01843850 -0.01206300
v -0.05620800 0.02932450 -0.00453800
v -0.05619700 0.04297450 0.00929400
v -0.05618600 0.03862650 0.00533300
v -0.05616800 0.04352450 0.01398500
v -0.05615000 0.03317650 -0.00130000
v -0.05609700 -0.04686650 0.02132800
v -0.05605200 -0.02528150 -0.00885200
v -0.05601300 0.00417650 -0.01587300
v -0.05599500 -0.04796950 0.02309800
v -0.05599500 0.00160250 -0.01601400
v -0.05598900 -0.04864150 0.02521200
v -0.05597900 0.04423550 0.01660500
v -0.05596800 -0.00107950 -0.01463600
v -0.05593400 -0.04375750 0.01492300
v -0.05593100 -0.04542950 0.02194300
v -0.05591900 0.05748050 0.02533200
v -0.05588500 -0.03712650 0.00339700
v -0.05585900 0.03116450 -0.00352500
v -0.05585600 -0.03753650 0.00201300
v -0.05584000 -0.03569150 -0.00026000
v -0.05583200 0.00982450 -0.01556300
v -0.05582500 0.03623150 -0.00022700
v -0.05581700 -0.04482850 0.01847300
v -0.05581200 -0.03943750 0.00406200
v -0.05581000 0.02166150 -0.01134600
v -0.05579500 -0.04676050 0.01895200
v -0.05577600 -0.05388650 0.02699500
v -0.05570800 -0.02959550 -0.00613300
v -0.05569700 -0.05093450 0.02500000
v -0.05569500 -0.01986450 -0.01067200
v -0.05568400 0.01963950 -0.01097000
v -0.05567400 -0.02386050 -0.00885700
v -0.05566000 -0.04288950 0.00880300
v -0.05564800 -0.03560750 0.00102600
v -0.05564300 0.04820150 0.02189100
v -0.05561600 0.04137950 0.00791100
v -0.05560700 -0.05563950 0.02400500
v -0.05559700 -0.01512750 -0.01399400
v -0.05559300 -0.05848850 0.02411700
v -0.05559300 -0.05848850 0.02411700
v -0.05557400 0.00269650 -0.01499600
v -0.05553100 0.01201750 -0.01511600
v -0.05551600 0.03461250 -0.00272400
v -0.05551400 0.04611550 0.02002200
v -0.05550500 0.02830150 -0.00814200
v -0.05550200 -0.03438850 -0.00241200
v -0.05547000 -0.04556250 0.01406200
v -0.05545400 -0.02770450 -0.00802400
v -0.05543600 -0.04255750 0.01063200
v -0.05542600 -0.01229750 -0.01348200
v -0.05540800 0.03724350 0.00215200
v -0.05539500 -0.02165250 -0.01156200
v -0.05535300 0.03060250 -0.00638900
v -0.05533600 -0.00806550 -0.01482500
v -0.05532200 -0.00489750 -0.01502400
v -0.05529600 -0.03306150 -0.00383400
v -0.05529400 0.02244150 -0.01018600
v -0.05526000 0.04689050 0.01592200
v -0.05524400 -0.01105550 -0.01540600
v -0.05523400 -0.03200650 -0.00302600
v -0.05523200 0.04790850 0.02284900
v -0.05523100 -0.00693150 -0.01619200
v -0.05515900 -0.00385650 -0.01674000
v -0.05515300 0.05555650 0.02335600
v -0.05514800 -0.01622350 -0.01268400
v -0.05514300 0.05060450 0.02469100
v -0.05511800 -0.05946550 0.02468200
v -0.05511800 -0.05946550 0.02468200
v -0.05507600 -0.02448950 -0.01038500
v -0.05507500 0.00841550 -0.01484800
v -0.05506800 0.04383150 0.01153700
v -0.05503300 0.04788750 0.01908300
v -0.05502200 0.01309350 -0.01374000
v -0.05499800 -0.04509650 0.01149600
v -0.05498800 0.04513950 0.01064400
v -0.05497100 0.03571550 -0.00026300
v -0.05489300 -0.03412950 -0.00211700
v -0.05487300 0.04069450 0.00609600
v -0.05486700 -0.05384850 0.02546300
v -0.05486500 0.00576750 -0.01581000
v -0.05486500 0.05321550 0.02458100
v -0.05485800 -0.01938650 -0.01315600
v -0.05485800 0.00728650 -0.01666700
v -0.05481400 -0.00101550 -0.01719200
v -0.05477300 0.02904750 -0.00687500
v -0.05475300 0.05826050 0.02312100
v -0.05474800 -0.04763950 0.02269600
v -0.05464900 -0.04231750 0.00576300
v -0.05463400 -0.04141150 0.00676100
v -0.05463300 -0.04727250 0.01632000
v -0.05459600 -0.02884350 -0.00645100
v -0.05456400 -0.04646050 0.01800200
v -0.05449400 -0.04483450 0.00996300
v -0.05446900 -0.05833050 0.02664200
v -0.05444800 0.04977350 0.02257300
v -0.05444400 0.04118650 0.00327600
v -0.05443000 -0.05739350 0.02380900
v -0.05443000 -0.05739350 0.02380900
v -0.05441700 0.02472950 -0.00989400
v -0.05439400 -0.03815550 0.00016900
v -0.05439200 -0.00062250 -0.01641500
v -0.05436600 0.05433350 0.02619400
v -0.05435700 0.01144650 -0.01537500
v -0.05434000 0.01416550 -0.01578700
v -0.05433000 0.02700150 -0.00880200
v -0.05432800 0.04684750 0.01762400
v -0.05431100 -0.03256150 -0.00587500
v -0.05430700 -0.05902650 0.02369300
v -0.05430700 -0.05902650 0.02369300
v -0.05429000 0.04359450 0.00632200
v -0.05428600 0.01649850 -0.01523100
v -0.05428400 -0.02198550 -0.01133000
v -0.05427500 -0.06002750 0.02484800
v -0.05427500 -0.06002750 0.02484800
v -0.05426200 0.01821950 -0.01345100
v -0.05425900 0.04617050 0.01462400
v -0.05423700 0.01505750 -0.01450300
v -0.05420400 0.04008350 0.00384600
v -0.05418500 0.05758150 0.02618200
v -0.05417100 0.02065850 -0.01225000
v -0.05417100 0.04688650 0.01216500
v -0.05416400 0.04371350 0.00912200
v -0.05413700 -0.03966950 0.00338600
v -0.05413700 -0.02711750 -0.01000800
v -0.05409500 -0.00353450 -0.01670900
v -0.05409300 0.03293250 -0.00473600
v -0.05404200 0.04909550 0.02272900
v -0.05403200 -0.04900050 0.01988800
v -0.05402000 0.03724150 -0.00222700
v -0.05400800 -0.00899250 -0.01710500
v -0.05398700 0.01918350 -0.01443300
v -0.05394700 -0.05030450 0.02327800
v -0.05393300 -0.01267250 -0.01658700
v -0.05392800 -0.03783950 0.00122700
v -0.05392700 -0.05176050 0.02560700
v -0.05389400 0.02713550 -0.01084400
v -0.05389100 -0.04511750 0.01390900
v -0.05389100 -0.01440350 -0.01483500
v -0.05386400 -0.02535250 -0.00998400
v -0.05380800 -0.02728250 -0.00889700
v -0.05380000 -0.05665750 0.02707100
v -0.05377800 -0.03073150 -0.00788200
v -0.05376300 -0.01581850 -0.01571200
v -0.05373800 -0.02240050 -0.01325100
v -0.05368000 0.03957950 -0.00010600
v -0.05365600 -0.00505450 -0.01795300
v -0.05364800 0.00144950 -0.01722500
v -0.05363900 -0.03614350 -0.00320000
v -0.05363000 -0.03617550 -0.00143000
v -0.05361900 -0.04484450 0.01127500
v -0.05361300 -0.04048850 0.00161500
v -0.05360100 0.03135250 -0.00645800
v -0.05358300 -0.05699350 0.02450800
v -0.05358300 -0.05699350 0.02450800
v -0.05358300 -0.01998650 -0.01315500
v -0.05357300 -0.04847650 0.02123700
v -0.05356700 0.00418650 -0.01739000
v -0.05352700 0.00855250 -0.01676600
v -0.05352000 0.03499950 -0.00347500
v -0.05351500 0.04814850 0.01374200
v -0.05350900 -0.05251150 0.02466400
v -0.05348500 0.01152350 -0.01747500
v -0.05347700 0.03433950 -0.00600600
v -0.05347200 0.04919050 0.01740200
v -0.05345000 -0.03164550 -0.00620200
v -0.05345000 -0.01874250 -0.01515300
v -0.05342100 0.00164350 -0.01869300
v -0.05340800 -0.00999550 -0.01628700
v -0.05337300 -0.04922450 0.01764700
v -0.05332400 0.04574350 0.00795500
v -0.05332200 -0.04470250 0.00720000
v -0.05331800 -0.01792450 -0.01424300
v -0.05323900 0.04308750 0.00607900
v -0.05322000 0.03841250 -0.00033200
v -0.05315700 -0.03509550 -0.00517900
v -0.05314900 -0.03355650 -0.00493000
v -0.05313900 -0.04219050 0.00309400
v -0.05312300 0.04872350 0.02031700
v -0.05310000 0.03269950 -0.00805000
v -0.05309700 -0.05040550 0.02408100
v -0.05307000 0.00875350 -0.01838500
v -0.05307000 0.05189750 0.02418400
v -0.05301200 0.04647550 0.01217000
v -0.05299500 -0.04798950 0.01287200
v -0.05299500 -0.04798950 0.01287200
v -0.05298700 -0.06052050 0.02512800
v -0.05298700 -0.06052050 0.02512800
v -0.05296000 0.02554150 -0.01278300
v -0.05294700 0.06053550 0.02420800
v -0.05294300 -0.02581250 -0.01220700
v -0.05289100 0.02319250 -0.01280700
v -0.05289000 -0.04155450 0.00366100
v -0.05287900 0.02273650 -0.01435800
v -0.05285900 -0.04758350 0.01666200
v -0.05284400 -0.04685450 0.00995400
v -0.05284400 -0.04685450 0.00995400
v -0.05283800 -0.06009950 0.02645400
v -0.05283800 0.01711350 -0.01534400
v -0.05283500 -0.04861750 0.01437800
v -0.05283500 -0.04861750 0.01437800
v -0.05280700 -0.04626250 0.00896100
v -0.05280700 -0.04626250 0.00896100
v -0.05277500 -0.04742350 0.01102500
v -0.05277500 -0.04742350 0.01102500
v -0.05274700 0.04532050 0.00876500
v -0.05273400 -0.05446450 0.02521300
v -0.05273400 -0.05446450 0.02521300
v -0.05273400 0.03040250 -0.01019400
v -0.05272500 -0.04890250 0.01899800
v -0.05271500 0.02542850 -0.01151400
v -0.05271100 -0.05604650 0.02533100
v -0.05271100 -0.05604650 0.02533100
v -0.05270300 -0.05068150 0.02185100
v -0.05269200 -0.03814150 -0.00251400
v -0.05268600 0.04873650 0.01693700
v -0.05262000 0.00612950 -0.01770000
v -0.05260600 0.03023450 -0.00869300
v -0.05257800 -0.00749350 -0.01868100
v -0.05253700 0.04058050 0.00138700
v -0.05251300 -0.02351250 -0.01253200
v -0.05251300 0.00689950 -0.01913300
v -0.05249700 -0.03524450 -0.00445800
v -0.05245000 0.00378650 -0.01947600
v -0.05244500 0.04965450 0.01499200
v -0.05243800 -0.04475550 0.00885100
v -0.05243700 -0.03997150 0.00103100
v -0.05242900 0.03723450 -0.00263000
v -0.05241100 0.05224350 0.02261800
v -0.05235400 -0.00344550 -0.01941100
v -0.05234800 0.03687750 -0.00530000
v -0.05233400 0.05585450 0.02574300
v -0.05232200 -0.04541150 0.00655300
v -0.05232200 -0.04541150 0.00655300
v -0.05228300 -0.04386950 0.00596100
v -0.05226400 -0.03108250 -0.00836100
v -0.05226400 -0.00714950 -0.01798600
v -0.05226100 0.05560450 0.02460400
v -0.05224700 -0.00073050 -0.01962500
v -0.05224000 0.04245050 0.00329500
v -0.05221800 0.05092750 0.01896900
v -0.05221000 -0.01608150 -0.01733300
v -0.05217900 -0.03855450 -0.00135100
v -0.05216700 -0.03471750 -0.00689200
v -0.05215400 0.04804250 0.00995200
v -0.05213400 0.01304350 -0.01698700
v -0.05212900 -0.01556850 -0.01626600
v -0.05211700 -0.02943450 -0.01087800
v -0.05209800 0.05113550 0.02179500
v -0.05206900 -0.04640650 0.00763900
v -0.05206900 -0.04640650 0.00763900
v -0.05205400 0.04469850 0.00405800
v -0.05199600 0.03902850 -0.00354200
v -0.05198900 -0.05119750 0.02009900
v -0.05198900 -0.05119750 0.02009900
v -0.05198500 -0.04516850 0.00526800
v -0.05198500 -0.04516850 0.00526800
v -0.05198200 -0.00414650 -0.01856700
v -0.05195800 0.02867450 -0.01050800
v -0.05195700 0.00994450 -0.01778700
v -0.05190500 -0.04969250 0.01499800
v -0.05190500 -0.04969250 0.01499800
v -0.05189400 -0.00171750 -0.01894000
v -0.05187800 -0.05032350 0.01650000
v -0.05187800 -0.05032350 0.01650000
v -0.05186700 -0.04062150 -0.00104000
v -0.05185300 -0.02375650 -0.01460600
v -0.05185000 -0.06109150 0.02390600
v -0.05183700 -0.04845150 0.01444900
v -0.05178900 0.03387050 -0.00694400
v -0.05177900 -0.02940150 -0.00993800
v -0.05177100 -0.05813050 0.02702700
v -0.05176600 -0.04722350 0.01143300
v -0.05175400 0.05955150 0.02270300
v -0.05173400 0.00107950 -0.01881200
v -0.05172000 0.02001450 -0.01527800
v -0.05169600 -0.05239950 0.02273900
v -0.05169600 -0.05239950 0.02273900
v -0.05167900 -0.03207650 -0.00955300
v -0.05166400 -0.02183350 -0.01570600
v -0.05160400 -0.01045550 -0.01918100
v -0.05159800 -0.05122150 0.01827900
v -0.05159800 -0.05122150 0.01827900
v -0.05159700 -0.06094450 0.02659200
v -0.05159700 -0.06094450 0.02659200
v -0.05154800 0.01440750 -0.01838200
v -0.05153900 0.04657050 0.00585700
v -0.05153000 -0.02760550 -0.01158100
v -0.05152900 -0.05521250 0.02621300
v -0.05152000 -0.05050050 0.02120200
v -0.05151900 -0.03391450 -0.00681300
v -0.05149000 -0.01313450 -0.01876400
v -0.05147300 -0.05192650 0.02149000
v -0.05147300 -0.05192650 0.02149000
v -0.05145400 -0.04426750 0.00338300
v -0.05145400 -0.04426750 0.00338300
v -0.05144500 0.01134150 -0.01941000
v -0.05141800 0.04898550 0.01447700
v -0.05141000 0.01702750 -0.01789600
v -0.05139900 0.02070650 -0.01659300
v -0.05137600 -0.05306850 0.02337900
v -0.05137600 -0.05306850 0.02337900
v -0.05134500 0.01511250 -0.01738100
v -0.05134300 0.04393050 0.00175400
v -0.05133900 0.04464450 0.00508800
v -0.05131800 -0.02090250 -0.01543600
v -0.05129600 -0.03783150 -0.00341200
v -0.05126100 -0.05423650 0.02421300
v -0.05126100 -0.05423650 0.02421300
v -0.05115700 -0.00990750 -0.01849000
v -0.05112800 -0.03740350 -0.00561100
v -0.05112800 0.05108850 0.01930000
v -0.05112200 0.05914750 0.02619600
v -0.05109700 0.00718550 -0.01938500
v -0.05108600 -0.04363150 0.00179300
v -0.05108600 -0.04363150 0.00179300
v -0.05108300 0.03234450 -0.01063400
v -0.05106300 -0.04550950 0.00443600
v -0.05106300 -0.04550950 0.00443600
v -0.05100200 -0.01820350 -0.01626500
v -0.05100100 -0.04298250 0.00287000
v -0.05099800 -0.04944450 0.01126900
v -0.05098100 -0.05731050 0.02545500
v -0.05096900 -0.01292150 -0.01803600
v -0.05095700 0.04864850 0.01174400
v -0.05094800 0.00647450 -0.02060200
v -0.05094700 -0.02662750 -0.01406800
v -0.05094100 -0.02005550 -0.01718000
v -0.05092100 0.00922950 -0.02015800
v -0.05091600 0.04138850 -0.00225300
v -0.05091400 0.03646250 -0.00575800
v -0.05091000 -0.04263750 -0.00004800
v -0.05091000 -0.04263750 -0.00004800
v -0.05090600 0.03965750 -0.00199200
v -0.05088000 0.05248150 0.02298800
v -0.05086200 0.00344050 -0.01958300
v -0.05085100 -0.02893650 -0.01277200
v -0.05083900 -0.02586450 -0.01342700
v -0.05081900 0.02540850 -0.01363900
v -0.05081400 0.06182450 0.02532700
v -0.05080100 -0.05036550 0.01327000
v -0.05076800 0.05415050 0.02412600
v -0.05076700 -0.06177550 0.02631100
v -0.05076700 -0.06177550 0.02631100
v -0.05076200 0.03250250 -0.00925300
v -0.05074700 0.05211950 0.01763100
v -0.05069900 0.05725750 0.02456800
v -0.05067500 0.01129350 -0.01893500
v -0.05066800 0.02788650 -0.01253500
v -0.05066000 0.04793950 0.00947800
v -0.05065900 0.00237350 -0.02115300
v -0.05063300 0.02240350 -0.01529800
v -0.05063100 0.03672350 -0.00764400
v -0.05062700 -0.05183450 0.02244900
v -0.05059400 0.04191050 -0.00022000
v -0.05058900 0.05096350 0.01312600
v -0.05058000 0.01735850 -0.01734100
v -0.05056300 -0.04057350 -0.00309800
v -0.05053200 0.04405250 0.00246700
v -0.05052500 -0.04516050 0.00489800
v -0.05049900 -0.05299150 0.02449400
v -0.05049000 -0.02295750 -0.01502300
v -0.05048200 -0.04850050 0.00811500
v -0.05048200 0.03000050 -0.01281800
v -0.05047300 -0.00590950 -0.02085200
v -0.05044000 0.06135150 0.02266300
v -0.05043700 0.04845950 0.00723200
v -0.05042500 -0.03469950 -0.00900900
v -0.05039300 -0.00582150 -0.01978600
v -0.05034500 -0.01606150 -0.01782100
v -0.05032400 0.03930650 -0.00542100
v -0.05028900 -0.00338850 -0.02124900
v -0.05026200 -0.03350450 -0.00887600
v -0.05025100 -0.03688750 -0.00587600
v -0.05023500 0.03039550 -0.01141900
v -0.05022700 0.05626650 0.02518400
v -0.05017400 0.04691850 0.00642000
v -0.05017100 -0.04213050 0.00018600
v -0.05017100 0.05106750 0.01686600
v -0.05014700 -0.03233150 -0.01120600
v -0.05013600 -0.03950550 -0.00483700
v -0.05011100 0.04363650 -0.00060000
v -0.05009700 0.05215450 0.01539700
v -0.05007000 -0.05210650 0.01648900
v -0.05006300 -0.00869850 -0.02087300
v -0.05002500 -0.05048350 0.01577100
v -0.04993600 0.05358950 0.02063400
v -0.04993100 0.05494650 0.02292500
v -0.04992100 -0.04416250 0.00063500
v -0.04992100 -0.04416250 0.00063500
v -0.04991200 -0.06154050 0.02694300
v -0.04991200 -0.06154050 0.02694300
v -0.04989000 -0.05312950 0.01942100
v -0.04986800 -0.04676550 0.00698800
v -0.04986400 0.03538550 -0.00980600
v -0.04986100 -0.05164750 0.01893100
v -0.04984400 -0.04941950 0.01285200
v -0.04980100 -0.01787850 -0.01887000
v -0.04978500 0.02667450 -0.01551900
v -0.04978300 0.03527750 -0.00818500
v -0.04978200 0.05024450 0.00928800
v -0.04976700 -0.02532550 -0.01595700
v -0.04973600 -0.04029950 -0.00260300
v -0.04971700 -0.03039250 -0.01162100
v -0.04971400 -0.04167950 -0.00291500
v -0.04971400 -0.04167950 -0.00291500
v -0.04968200 -0.01578350 -0.01967500
v -0.04968200 -0.00031950 -0.02092600
v -0.04968100 0.02885950 -0.01450100
v -0.04965800 0.02518650 -0.01547500
v -0.04962600 0.04603450 0.00395700
v -0.04960600 -0.04255250 -0.00194800
v -0.04960600 -0.04255250 -0.00194800
v -0.04960000 0.04687650 0.00331000
v -0.04958900 -0.04707350 0.00437100
v -0.04955600 0.01335150 -0.02055000
v -0.04954800 -0.04590450 0.00233900
v -0.04953000 0.02321850 -0.01727400
v -0.04952500 0.00514250 -0.02094400
v -0.04945900 -0.04790650 0.00923000
v -0.04944000 -0.00000150 -0.02219100
v -0.04938300 0.05101850 0.01408600
v -0.04937600 -0.01242650 -0.02080500
v -0.04935500 -0.05141450 0.01203100
v -0.04934100 -0.05392250 0.02140100
v -0.04933300 0.01894650 -0.01921300
v -0.04931500 0.05264950 0.01974500
v -0.04931200 -0.01946950 -0.01752200
v -0.04925400 -0.00335450 -0.02105600
v -0.04923500 0.04871850 0.00812300
v -0.04922400 0.03979150 -0.00461100
v -0.04920700 -0.06286650 0.02386000
v -0.04917300 -0.04140150 -0.00415800
v -0.04917300 -0.04140150 -0.00415800
v -0.04916500 -0.02848750 -0.01357300
v -0.04916400 -0.05755550 0.02638300
v -0.04908600 0.02076250 -0.01772700
v -0.04904900 0.01033850 -0.02158400
v -0.04904400 -0.04459950 0.00180000
v -0.04900900 -0.05946450 0.02547000
v -0.04900800 0.00909550 -0.02084900
v -0.04900500 0.01609950 -0.02021200
v -0.04900000 -0.00729350 -0.02092100
v -0.04899100 0.06386150 0.02397800
v -0.04898900 -0.03677550 -0.00874000
v -0.04894300 -0.03843850 -0.00736400
v -0.04894300 -0.03843850 -0.00736400
v -0.04893800 -0.04068550 -0.00510000
v -0.04893800 -0.04068550 -0.00510000
v -0.04892300 0.05417050 0.02253000
v -0.04890100 -0.02041050 -0.01893700
v -0.04888200 -0.02381150 -0.01744500
v -0.04887700 0.05081650 0.01179700
v -0.04886800 -0.06033850 0.02711000
v -0.04886800 -0.06033850 0.02711000
v -0.04885800 -0.01037750 -0.02050000
v -0.04885500 -0.02408150 -0.01621900
v -0.04884300 0.01256450 -0.02048700
v -0.04884000 -0.03029650 -0.01390200
v -0.04880300 0.00249750 -0.02172300
v -0.04879200 -0.05478250 0.02467100
v -0.04878700 0.04242050 -0.00411900
v -0.04878200 -0.03951450 -0.00671900
v -0.04878200 -0.03951450 -0.00671900
v -0.04877200 -0.05063450 0.00914000
v -0.04877200 -0.03228450 -0.01259900
v -0.04875000 -0.05346150 0.02207100
v -0.04874400 -0.03936050 -0.00523200
v -0.04872200 -0.04970450 0.01014700
v -0.04867800 -0.04017850 -0.00605600
v -0.04867800 -0.04017850 -0.00605600
v -0.04866100 0.04478650 0.00081400
v -0.04865600 0.01799950 -0.01889600
v -0.04865200 -0.01326850 -0.01999400
v -0.04865100 0.03247350 -0.01188000
v -0.04864200 -0.04214550 -0.00214300
v -0.04863800 0.05930550 0.02443800
v -0.04861000 0.00692950 -0.02266200
v -0.04858600 -0.03487050 -0.01108200
v -0.04855000 0.00395850 -0.02304000
v -0.04854600 -0.03343550 -0.01073800
v -0.04854500 0.05593250 0.02408600
v -0.04852800 0.03777150 -0.00750800
v -0.04852300 0.05868650 0.02560000
v -0.04847000 -0.03763450 -0.00757300
v -0.04846800 0.04652750 0.00089000
v -0.04845400 0.06202250 0.02268100
v -0.04842800 0.06148450 0.02622600
v -0.04841400 0.04295250 -0.00169700
v -0.04837400 -0.00882550 -0.02244800
v -0.04835200 0.05447550 0.01803900
v -0.04831600 -0.05702750 0.02459700
v -0.04828600 0.02911750 -0.01408900
v -0.04827500 -0.04877850 0.00497900
v -0.04826900 -0.00147350 -0.02334200
v -0.04825100 0.01576950 -0.01999400
v -0.04823700 -0.00405450 -0.02296600
v -0.04823000 -0.02685250 -0.01546400
v -0.04821700 0.04987250 0.00560600
v -0.04810800 0.00708050 -0.02194100
v -0.04807100 0.03557050 -0.01011400
v -0.04805200 -0.05303550 0.01784800
v -0.04804400 -0.01753450 -0.01927100
v -0.04804100 0.05219950 0.01000400
v -0.04799300 0.03850450 -0.00920400
v -0.04798900 -0.03851350 -0.00838300
v -0.04798900 -0.03851350 -0.00838300
v -0.04797500 0.02587050 -0.01778100
v -0.04796300 0.04083450 -0.00694800
v -0.04793700 -0.05534350 0.02239200
v -0.04788600 -0.06333150 0.02687900
v -0.04788500 0.05287150 0.01581800
v -0.04787900 0.05357450 0.01338300
v -0.04785500 -0.05461550 0.01818000
v -0.04785200 0.04792950 0.00431600
v -0.04784900 -0.03922650 -0.00793200
v -0.04784900 -0.03922650 -0.00793200
v -0.04783100 -0.05260450 0.01150700
v -0.04780300 -0.04438550 -0.00035900
v -0.04779800 -0.04645850 0.00269100
v -0.04779800 0.02133650 -0.01964400
v -0.04776800 0.05427750 0.02014500
v -0.04775500 -0.05146550 0.01268700
v -0.04768600 -0.04825450 0.00554400
v -0.04768500 -0.01878650 -0.02034600
v -0.04768000 -0.04178250 -0.00557200
v -0.04767600 -0.04928250 0.00774800
v -0.04766400 -0.02952750 -0.01548000
v -0.04764800 0.04658950 0.00174100
v -0.04764100 -0.01541150 -0.02164700
v -0.04763700 0.03292250 -0.01389400
v -0.04763300 -0.03640550 -0.00936700
v -0.04762100 0.03499750 -0.01245000
v -0.04760300 -0.02260750 -0.01904600
v -0.04759500 0.05263050 0.01315700
v -0.04758900 0.04930250 0.00629000
v -0.04758200 0.05068550 0.00870800
v -0.04757800 -0.04364250 -0.00354100
v -0.04755900 -0.03712050 -0.01018200
v -0.04755900 -0.03712050 -0.01018200
v -0.04754900 -0.03112550 -0.01367800
v -0.04751000 -0.04742950 0.00164400
v -0.04748200 -0.05384750 0.01438500
v -0.04745400 -0.06080750 0.02699300
v -0.04745400 -0.06080750 0.02699300
v -0.04745100 0.03018650 -0.01591300
v -0.04744600 -0.02237150 -0.01793300
v -0.04743200 -0.00857850 -0.02222300
v -0.04737900 0.02657950 -0.01623600
v -0.04737300 -0.03806350 -0.00951100
v -0.04737300 -0.03806350 -0.00951100
v -0.04735000 0.05730750 0.02308400
v -0.04733900 0.04895950 0.00284800
v -0.04731500 -0.00719650 -0.02367800
v -0.04730300 0.04506450 -0.00292200
v -0.04726500 -0.05251350 0.01422300
v -0.04724700 -0.05866250 0.02627900
v -0.04714600 -0.05534450 0.02324200
v -0.04714600 0.01021950 -0.02220800
v -0.04713800 -0.04576450 -0.00126000
v -0.04712700 -0.00266950 -0.02315300
v -0.04712600 0.02335650 -0.01826500
v -0.04710100 0.06419750 0.02559600
v -0.04709200 0.01564450 -0.02192500
v -0.04708800 -0.02613750 -0.01782400
v -0.04706300 -0.01614150 -0.02088100
v -0.04705000 0.04130150 -0.00570900
v -0.04703500 0.00386850 -0.02338200
v -0.04703000 -0.02795450 -0.01707400
v -0.04702100 -0.05488050 0.02103900
v -0.04699000 -0.05120250 0.00993300
v -0.04698700 0.05601850 0.02021100
v -0.04698200 -0.01337250 -0.02262400
v -0.04697000 0.05719650 0.02395000
v -0.04695100 0.05496050 0.01518400
v -0.04693500 0.00034750 -0.02358500
v -0.04692800 -0.04274050 -0.00376000
v -0.04686500 -0.06534550 0.02513700
v -0.04682000 0.05404650 0.01684900
v -0.04679800 0.00200450 -0.02496400
v -0.04678700 0.01358350 -0.02283300
v -0.04677400 0.02412850 -0.01941500
v -0.04675700 -0.03656650 -0.01159200
v -0.04675700 -0.03656650 -0.01159200
v -0.04673800 -0.00234650 -0.02507500
v -0.04672100 -0.03525450 -0.01257600
v -0.04672100 -0.03525450 -0.01257600
v -0.04670700 -0.03966650 -0.00913800
v -0.04667600 0.05574150 0.02218000
v -0.04666300 0.01951750 -0.02124400
v -0.04665800 -0.01388050 -0.02179300
v -0.04663800 -0.06407650 0.02374000
v -0.04662400 0.06559750 0.02373200
v -0.04660200 -0.01099350 -0.02267200
v -0.04657700 0.04689750 -0.00133600
v -0.04657000 0.02094050 -0.01965100
v -0.04656700 0.01349150 -0.02197200
v -0.04656600 -0.05364350 0.01552700
v -0.04654700 -0.05095850 0.00580100
v -0.04650000 -0.05709550 0.02477600
v -0.04647700 0.06364450 0.02269300
v -0.04645500 -0.05279550 0.00918500
v -0.04644200 -0.04119850 -0.00760100
v -0.04642100 -0.03594450 -0.01120500
v -0.04641600 0.04372650 -0.00354600
v -0.04640700 0.00928750 -0.02438300
v -0.04638900 0.00829150 -0.02372000
v -0.04637700 0.05930450 0.02497000
v -0.04634600 0.03939750 -0.00869300
v -0.04633200 -0.01983650 -0.02017900
v -0.04633000 0.03225550 -0.01412200
v -0.04630300 0.00578150 -0.02524500
v -0.04629200 -0.06161550 0.02700100
v -0.04629200 -0.06161550 0.02700100
v -0.04628600 0.06112450 0.02452400
v -0.04628300 0.04575850 -0.00126100
v -0.04619900 -0.00606650 -0.02395900
v -0.04618700 -0.01108350 -0.02409800
v -0.04617200 0.05270050 0.01053700
v -0.04616300 0.00010550 -0.02567100
v -0.04614000 -0.03355350 -0.01331600
v -0.04612100 -0.01793350 -0.02189900
v -0.04611000 -0.02528650 -0.01801000
v -0.04610500 -0.05671150 0.02155200
v -0.04610500 0.03717450 -0.01220100
v -0.04609900 -0.06178950 0.02527900
v -0.04607600 -0.03290950 -0.01497100
v -0.04607600 -0.03290950 -0.01497100
v -0.04606100 -0.03433050 -0.01383400
v -0.04606100 -0.03433050 -0.01383400
v -0.04605700 0.03476150 -0.01265100
v -0.04605400 0.02985650 -0.01603500
v -0.04603200 -0.02479350 -0.01946200
v -0.04591000 -0.04119650 -0.00650100
v -0.04585700 0.01183050 -0.02430500
v -0.04585300 -0.00514450 -0.02569200
v -0.04582600 -0.02949450 -0.01610900
v -0.04581000 0.04838250 -0.00012500
v -0.04580700 -0.04540850 -0.00159800
v -0.04574600 0.05064250 0.00317700
v -0.04573200 -0.05505350 0.01734000
v -0.04572400 0.05259750 0.00647900
v -0.04570700 0.04911350 0.00277400
v -0.04569700 0.02555150 -0.01829400
v -0.04569300 0.04744250 0.00042200
v -0.04566300 0.06328950 0.02606100
v -0.04564300 -0.04954450 0.00222000
v -0.04561100 -0.05459050 0.01169300
v -0.04557400 0.01643850 -0.02209400
v -0.04555700 0.04135850 -0.00920100
v -0.04555500 0.04360950 -0.00686000
v -0.04554900 -0.05667350 0.01859200
v -0.04551300 0.05455450 0.01029100
v -0.04546200 0.06526650 0.02540200
v -0.04544300 0.01793350 -0.02271100
v -0.04543700 0.05403450 0.01297500
v -0.04543400 0.03795750 -0.01103900
v -0.04541500 -0.04401950 -0.00572700
v -0.04539100 0.06653650 0.02403500
v -0.04539100 0.06653650 0.02403500
v -0.04537100 0.02933850 -0.01804500
v -0.04537000 -0.05617350 0.01600500
v -0.04534400 0.01232650 -0.02386800
v -0.04534400 0.01963050 -0.02117700
v -0.04534000 -0.03945450 -0.00909400
v -0.04532600 0.02687350 -0.01943300
v -0.04531000 -0.05120450 0.00739500
v -0.04528300 0.05066150 0.00467200
v -0.04528000 -0.03229150 -0.01606300
v -0.04528000 -0.03229150 -0.01606300
v -0.04526700 -0.03089750 -0.01704400
v -0.04526700 -0.03089750 -0.01704400
v -0.04525300 -0.00299550 -0.02529100
v -0.04525100 0.03963350 -0.01107500
v -0.04525100 0.05214550 0.00741600
v -0.04524500 -0.03799250 -0.01174400
v -0.04524200 -0.02142250 -0.02156900
v -0.04522100 -0.04560650 -0.00416600
v -0.04519800 0.04566350 -0.00476600
v -0.04514000 -0.02165250 -0.02026900
v -0.04513900 -0.03628550 -0.01318300
v -0.04512900 0.00727550 -0.02504700
v -0.04512700 -0.05894350 0.02549100
v -0.04510300 -0.05889050 0.02419300
v -0.04509600 0.05583750 0.01920400
v -0.04507400 -0.05013850 0.00446200
v -0.04507400 -0.00855450 -0.02481200
v -0.04505400 0.05700250 0.01760300
v -0.04502200 -0.03978250 -0.01071500
v -0.04502200 -0.01730450 -0.02206200
v -0.04501900 -0.05438550 0.01289700
v -0.04500500 0.06518150 0.02254800
v -0.04495500 -0.01503450 -0.02408100
v -0.04495500 0.05817150 0.02159400
v -0.04494600 0.06332250 0.02375500
v -0.04492200 0.03592750 -0.01427100
v -0.04488800 0.04137250 -0.00817100
v -0.04488100 -0.06133150 0.02658300
v -0.04488100 -0.06133150 0.02658300
v -0.04487800 0.00516550 -0.02549900
v -0.04487500 -0.05622850 0.02250600
v -0.04486600 0.05955050 0.02317400
v -0.04486400 0.00196550 -0.02583500
v -0.04486100 -0.04846450 0.00160300
v -0.04485700 0.02364650 -0.02123400
v -0.04484100 -0.01364250 -0.02330100
v -0.04479600 0.06667750 0.02436700
v -0.04479600 0.06667750 0.02436700
v -0.04478600 -0.05606850 0.01945400
v -0.04472200 -0.03780050 -0.01107900
v -0.04470800 -0.04403750 -0.00495000
v -0.04469600 0.03270350 -0.01674900
v -0.04467500 0.05670950 0.01506000
v -0.04463100 0.04343250 -0.00627300
v -0.04460500 0.05586250 0.01648400
v -0.04458000 0.06093550 0.02505100
v -0.04456900 -0.00782150 -0.02652100
v -0.04453800 -0.06531450 0.02697900
v -0.04452900 -0.03231450 -0.01680700
v -0.04452900 -0.03231450 -0.01680700
v -0.04451600 0.01662750 -0.02406700
v -0.04449100 0.02287450 -0.02075700
v -0.04448500 -0.05366350 0.00997400
v -0.04447600 -0.01793550 -0.02358800
v -0.04445200 -0.05620750 0.01398500
v -0.04444400 -0.02811350 -0.01905100
v -0.04442100 -0.01230750 -0.02563400
v -0.04436300 -0.04260650 -0.00855700
v -0.04436200 -0.05291250 0.00586800
v -0.04435300 0.03291850 -0.01565200
v -0.04432300 0.01038950 -0.02529300
v -0.04430500 -0.02600350 -0.01931200
v -0.04428900 0.05897050 0.02364400
v -0.04427200 0.02793750 -0.01870900
v -0.04422600 0.05758850 0.02221100
v -0.04422400 -0.04845450 -0.00151100
v -0.04422200 0.05629850 0.01216100
v -0.04421900 -0.01181550 -0.02485500
v -0.04419500 0.06705450 0.02335800
v -0.04419400 0.01469250 -0.02522900
v -0.04417300 -0.02416550 -0.02116900
v -0.04414000 -0.02886750 -0.01789400
v -0.04411300 0.01871750 -0.02239400
v -0.04410200 0.04592950 -0.00369000
v -0.04409500 0.00526650 -0.02704900
v -0.04409300 0.01446450 -0.02435100
v -0.04407600 -0.00069650 -0.02721900
v -0.04407300 -0.03039150 -0.01819600
v -0.04407300 -0.03039150 -0.01819600
v -0.04406900 -0.06535050 0.02383400
v -0.04405500 -0.03617050 -0.01340200
v -0.04395100 -0.03201650 -0.01623700
v -0.04391900 -0.05167050 0.00318000
v -0.04389900 0.03668850 -0.01327000
v -0.04388800 0.04956650 -0.00113700
v -0.04386400 -0.03486650 -0.01561600
v -0.04384700 -0.01576150 -0.02418500
v -0.04384100 -0.02413850 -0.02042800
v -0.04384000 -0.06321250 0.02700400
v -0.04383800 -0.05047850 0.00104200
v -0.04383400 -0.04743550 -0.00349300
v -0.04380700 0.06702749 0.02503200
v -0.04380700 0.06702749 0.02503200
v -0.04380600 0.00883150 -0.02691600
v -0.04378000 0.05581650 0.01366100
v -0.04377000 0.03070950 -0.01731200
v -0.04370600 -0.05850550 0.02015000
v -0.04363700 -0.06119350 0.02604600
v -0.04363700 -0.06119350 0.02604600
v -0.04362500 0.05011650 0.00157900
v -0.04357600 -0.05901150 0.02461600
v -0.04357400 0.00211250 -0.02726500
v -0.04357300 0.06543950 0.02276600
v -0.04354200 -0.02638550 -0.02061400
v -0.04352300 -0.05611050 0.01627900
v -0.04350200 -0.02106850 -0.02172200
v -0.04349600 -0.04659350 -0.00296500
v -0.04349200 0.06266750 0.02421100
v -0.04348800 -0.06768450 0.02498600
v -0.04348700 -0.03426550 -0.01530900
v -0.04347700 0.05223650 0.00251600
v -0.04346400 0.05865050 0.01942900
v -0.04345900 -0.05463950 0.00770600
v -0.04343800 -0.01855150 -0.02326400
v -0.04342900 0.05501550 0.00756100
v -0.04341900 -0.04817050 -0.00078300
v -0.04339300 0.06620150 0.02570500
v -0.04339300 0.06620150 0.02570500
v -0.04338200 0.05427750 0.00844600
v -0.04337500 -0.00212650 -0.02646600
v -0.04336900 -0.02048350 -0.02347700
v -0.04336000 -0.01500750 -0.02590900
v -0.04335300 0.02483750 -0.02082600
v -0.04335300 0.04829350 -0.00133600
v -0.04335100 0.04043750 -0.01056000
v -0.04333600 -0.03743650 -0.01406700
v -0.04331700 0.02086950 -0.02360800
v -0.04329800 -0.05594750 0.01031700
v -0.04329300 0.03478550 -0.01535300
v -0.04324200 0.06313850 0.02559700
v -0.04322100 -0.04148450 -0.00945100
v -0.04321400 -0.00989650 -0.02706900
v -0.04321200 -0.00712150 -0.02642400
v -0.04319300 -0.05824250 0.01766400
v -0.04314600 -0.03911250 -0.01147100
v -0.04313400 0.03534850 -0.01640400
v -0.04312800 0.04599650 -0.00678700
v -0.04308000 -0.05757750 0.02183700
v -0.04307400 0.01820650 -0.02399800
v -0.04304700 0.04820050 -0.00402600
v -0.04304600 0.01291550 -0.02678100
v -0.04304100 0.05309850 0.00581200
v -0.04302500 0.05767350 0.01913500
v -0.04302200 -0.06036350 0.02410400
v -0.04297700 -0.05291350 0.00641000
v -0.04297700 -0.02922950 -0.01968300
v -0.04297700 -0.02922950 -0.01968300
v -0.04297400 -0.06323550 0.02541300
v -0.04295900 0.04071150 -0.01231400
v -0.04287900 0.05169250 0.00320700
v -0.04287100 0.04586850 -0.00535300
v -0.04284600 -0.01752650 -0.02546200
v -0.04280200 -0.00973750 -0.02608300
v -0.04279000 0.04361350 -0.00819800
v -0.04276600 0.01173950 -0.02620300
v -0.04270100 -0.05039250 0.00162700
v -0.04270100 0.02643050 -0.02162600
v -0.04268000 -0.05757850 0.01878600
v -0.04266600 -0.00261250 -0.02737200
v -0.04265700 -0.04417250 -0.00701900
v -0.04265200 0.02942950 -0.02018300
v -0.04263400 0.04321250 -0.01039600
v -0.04263100 -0.01438650 -0.02541300
v -0.04259500 0.03862050 -0.01294000
v -0.04259000 -0.04458850 -0.00831000
v -0.04257400 0.05850850 0.01593400
v -0.04253700 -0.02424850 -0.02230500
v -0.04249500 0.06081150 0.02269000
v -0.04248800 0.06556550 0.02597500
v -0.04248800 0.06556550 0.02597500
v -0.04248700 -0.00520450 -0.02734300
v -0.04247900 -0.01215350 -0.02706900
v -0.04247600 0.05578950 0.01095100
v -0.04247500 0.02201250 -0.02275600
v -0.04245800 -0.03032150 -0.01962300
v -0.04243900 0.00715450 -0.02650300
v -0.04243800 0.00107550 -0.02661000
v -0.04238800 -0.05934350 0.02108800
v -0.04236900 -0.03274750 -0.01826100
v -0.04229700 -0.02830150 -0.02063500
v -0.04229700 -0.02830150 -0.02063500
v -0.04229500 0.00481250 -0.02654000
v -0.04229200 0.03867950 -0.01449100
v -0.04228900 -0.02713450 -0.02024500
v -0.04227900 0.01832450 -0.02584600
v -0.04225600 -0.06115650 0.02565900
v -0.04225600 -0.06115650 0.02565900
v -0.04219300 -0.06667150 0.02719300
v -0.04212600 -0.05117350 -0.00011000
v -0.04212500 0.06697250 0.02250600
v -0.04209800 0.06126550 0.02435500
v -0.04208800 -0.05757150 0.01248100
v -0.04208600 -0.05839550 0.01523200
v -0.04206600 -0.04107650 -0.01222500
v -0.04205200 -0.02367450 -0.02230200
v -0.04203300 -0.06743750 0.02381100
v -0.04203300 0.02416150 -0.02307100
v -0.04201300 0.01526850 -0.02593400
v -0.04200200 -0.00427850 -0.02652700
v -0.04198800 -0.05616850 0.01206100
v -0.04191700 0.03305250 -0.01882100
v -0.04191000 -0.05194750 0.00317800
v -0.04190800 0.05781250 0.01654500
v -0.04188400 0.06537551 0.02361000
v -0.04187100 0.05063450 0.00036100
v -0.04186500 -0.05695650 0.01480700
v -0.04186400 0.05099850 -0.00155100
v -0.04185100 -0.02286250 -0.02370700
v -0.04183100 0.04505550 -0.00926500
v -0.04180600 -0.04636250 -0.00523900
v -0.04180000 -0.04722750 -0.00606600
v -0.04171600 -0.05531250 0.00883200
v -0.04169700 0.03269550 -0.01785600
v -0.04168700 -0.05386050 0.00376600
v -0.04166200 0.06866350 0.02419100
v -0.04163800 -0.01686550 -0.02561600
v -0.04161000 -0.02653650 -0.02190200
v -0.04161000 -0.02653650 -0.02190200
v -0.04155100 0.01063550 -0.02719400
v -0.04154600 -0.03539050 -0.01611900
v -0.04153900 0.05683750 0.00844400
v -0.04150500 -0.05953150 0.02338000
v -0.04150400 -0.04355350 -0.01040200
v -0.04149700 0.05978450 0.02218600
v -0.04148300 -0.02773050 -0.02153100
v -0.04148300 -0.02773050 -0.02153100
v -0.04144100 -0.04881550 -0.00248000
v -0.04144000 -0.05872050 0.02144600
v -0.04139100 0.04930850 -0.00271500
v -0.04136700 0.05356750 0.00197600
v -0.04136600 0.02674250 -0.02144700
v -0.04136100 0.05496450 0.00432400
v -0.04136000 -0.03803750 -0.01375100
v -0.04136000 0.00505350 -0.02719400
v -0.04135900 0.00997450 -0.02648100
v -0.04135500 -0.02160650 -0.02495100
v -0.04135500 0.05986150 0.01819300
v -0.04133200 0.06491150 0.02565300
v -0.04133200 0.06491150 0.02565300
v -0.04131900 -0.03828850 -0.01509000
v -0.04130600 0.05891250 0.01402800
v -0.04129200 0.04301050 -0.01021400
v -0.04128600 0.05758750 0.01366500
v -0.04125900 0.06365950 0.02521000
v -0.04125900 0.06365950 0.02521000
v -0.04125100 -0.00813850 -0.02730300
v -0.04121400 -0.01979350 -0.02593300
v -0.04121200 -0.05867850 0.01800900
v -0.04120700 0.02417450 -0.02271500
v -0.04119700 0.03058450 -0.01954200
v -0.04118700 -0.02162650 -0.02392000
v -0.04117600 0.03540050 -0.01655800
v -0.04113400 -0.04947450 -0.00403400
v -0.04113000 -0.05450850 0.00657400
v -0.04112400 -0.06196650 0.02569300
v -0.04112400 -0.06196650 0.02569300
v -0.04111700 -0.05309450 0.00156400
v -0.04105800 -0.03557050 -0.01737700
v -0.04103600 -0.02996350 -0.01978300
v -0.04102400 0.03842850 -0.01451600
v -0.04096200 0.02167950 -0.02441000
v -0.04096000 0.00148350 -0.02719700
v -0.04094400 0.04205850 -0.01302000
v -0.04094100 -0.02526150 -0.02334900
v -0.04094100 -0.02526150 -0.02334900
v -0.04091700 -0.05086650 0.00010400
v -0.04088100 0.01633250 -0.02720200
v -0.04086600 0.04694250 -0.00807000
v -0.04085900 0.05237650 -0.00064800
v -0.04082100 0.02274150 -0.02510600
v -0.04075800 -0.04440350 -0.00905400
v -0.04075300 -0.01549450 -0.02728000
v -0.04071400 -0.06949250 0.02500200
v -0.04070500 -0.03197850 -0.02003100
v -0.04070100 -0.05795250 0.01075700
v -0.04070000 0.03199550 -0.02016500
v -0.04069300 0.04786150 -0.00529000
v -0.04069200 0.03794750 -0.01655000
v -0.04068500 0.06285250 0.02368900
v -0.04068000 -0.06105250 0.02278900
v -0.04065400 0.05964450 0.02024800
v -0.04064000 -0.01375150 -0.02651500
v -0.04059200 -0.01905550 -0.02574600
v -0.04058900 -0.04152850 -0.01213600
v -0.04058800 0.05566450 0.00669000
v -0.04058100 -0.06261250 0.02460400
v -0.04058000 0.04592850 -0.00780700
v -0.04057100 0.01941150 -0.02581600
v -0.04054100 0.06763650 0.02579000
v -0.04052500 -0.00073350 -0.02623200
v -0.04051000 -0.03270050 -0.01856300
v -0.04049100 0.02009150 -0.02656800
v -0.04047400 0.05648650 0.00892600
v -0.04046400 0.00276150 -0.02625400
v -0.04040700 -0.05690050 0.00763700
v -0.04037500 0.05336750 0.00249200
v -0.04036200 0.04033950 -0.01484800
v -0.04035600 0.06097450 0.02063200
v -0.04032800 0.06188250 0.02381600
v -0.04032400 0.04889650 -0.00641400
v -0.04029900 -0.06037650 0.01810900
v -0.04029900 -0.02422250 -0.02465600
v -0.04029900 -0.02422250 -0.02465600
v -0.04026700 -0.01840550 -0.02697600
v -0.04025900 0.05130650 -0.00086300
v -0.04024700 0.05484750 0.00489800
v -0.04017000 -0.02705850 -0.02307400
v -0.04014200 0.06393950 0.02484200
v -0.04014200 0.06393950 0.02484200
v -0.04012600 -0.02786250 -0.02151600
v -0.04009100 0.05900450 0.01147700
v -0.04008400 0.04141450 -0.01285400
v -0.04007100 -0.02289750 -0.02522700
v -0.04007100 -0.02289750 -0.02522700
v -0.04005800 0.05101550 -0.00368300
v -0.04002100 -0.04634050 -0.00893100
v -0.03998900 0.05889050 0.01419500
v -0.03992300 -0.06164650 0.02487900
v -0.03992300 -0.06164650 0.02487900
v -0.03988400 -0.05099350 -0.00310000
v -0.03987100 -0.06544950 0.02554400
v -0.03985200 -0.00210150 -0.02705200
v -0.03983900 -0.01135150 -0.02643000
v -0.03983000 -0.00899750 -0.02648500
v -0.03982600 0.01380750 -0.02662600
v -0.03982200 -0.05374050 0.00356800
v -0.03977400 -0.04702550 -0.00632200
v -0.03976500 -0.02612250 -0.02262900
v -0.03973000 0.03638550 -0.01829700
v -0.03970000 -0.04938250 -0.00372100
v -0.03967200 -0.02197250 -0.02627600
v -0.03967200 -0.02197250 -0.02627600
v -0.03966400 -0.05754650 0.01135100
v -0.03966100 -0.01084350 -0.02726600
v -0.03965600 -0.04358050 -0.01068100
v -0.03964800 0.02812350 -0.02296900
v -0.03962300 -0.03863350 -0.01626200
v -0.03961300 -0.00575850 -0.02625600
v -0.03957400 -0.04166050 -0.01382500
v -0.03956400 -0.03021050 -0.02186900
v -0.03955500 -0.05615550 0.00513600
v -0.03945300 0.06069550 0.01642700
v -0.03944500 -0.05263250 0.00147700
v -0.03940500 0.02842850 -0.02216600
v -0.03940500 0.06805150 0.02246100
v -0.03938400 0.03804550 -0.01629400
v -0.03937100 -0.00553250 -0.02705100
v -0.03936800 0.00970450 -0.02703500
v -0.03936100 -0.05995750 0.02163700
v -0.03936000 0.02630150 -0.02440700
v -0.03934900 -0.03451750 -0.01940200
v -0.03933700 -0.03941750 -0.01460700
v -0.03933700 0.06484450 0.02426000
v -0.03932400 -0.03542150 -0.01787600
v -0.03930500 -0.05939750 0.01675700
v -0.03927100 -0.05836750 0.01379000
v -0.03923800 0.00597550 -0.02616100
v -0.03923500 -0.06353650 0.02590300
v -0.03921800 -0.02102950 -0.02682000
v -0.03920700 0.05750950 0.00632300
v -0.03918900 -0.05983950 0.01325700
v -0.03918800 -0.05585850 0.00736700
v -0.03917600 0.06045850 0.01851700
v -0.03916000 0.06329350 0.02417300
v -0.03916000 0.06329350 0.02417300
v -0.03915900 0.06110850 0.02099200
v -0.03915500 0.01619550 -0.02649500
v -0.03914000 -0.02349950 -0.02499000
v -0.03913900 0.02563650 -0.02379800
v -0.03912400 -0.06587950 0.02691300
v -0.03910600 -0.05116450 -0.00156500
v -0.03910100 -0.01311550 -0.02731300
v -0.03909600 0.05854250 0.01165100
v -0.03905200 -0.05514350 0.00517200
v -0.03902500 -0.04400750 -0.01206600
v -0.03898100 0.01824150 -0.02642300
v -0.03888300 0.06596350 0.02559200
v -0.03886500 -0.04945250 -0.00633000
v -0.03885900 -0.06172450 0.02015600
v -0.03882100 0.05272950 -0.00018700
v -0.03882000 0.01336750 -0.02708700
v -0.03879500 0.07046650 0.02439900
v -0.03872600 -0.06197850 0.02391800
v -0.03872600 -0.06197850 0.02391800
v -0.03872000 0.05489650 0.00091000
v -0.03871300 0.06229250 0.02331000
v -0.03871300 0.06229250 0.02331000
v -0.03869000 -0.05290650 -0.00162000
v -0.03867500 0.04550250 -0.01166800
v -0.03864700 0.02219750 -0.02703900
v -0.03862300 0.04311350 -0.01398100
v -0.03862000 -0.00885150 -0.02708200
v -0.03861800 0.03048550 -0.02158100
v -0.03861100 0.03160050 -0.02186900
v -0.03861000 0.00935550 -0.02615800
v -0.03859000 -0.03638550 -0.01874800
v -0.03858200 -0.07068250 0.02530100
v -0.03856200 0.03606350 -0.01823800
v -0.03854400 0.04420150 -0.01159500
v -0.03849000 0.05045650 -0.00431900
v -0.03846700 -0.01783950 -0.02642000
v -0.03845200 -0.06830750 0.02715200
v -0.03843700 -0.02474750 -0.02608600
v -0.03839600 -0.05712050 0.00856600
v -0.03839200 0.06038150 0.01636400
v -0.03838600 -0.03783650 -0.01659800
v -0.03837300 0.06193550 0.01892900
v -0.03837200 0.05717150 0.00679600
v -0.03837100 0.00299950 -0.02685300
v -0.03834200 0.05339450 -0.00206100
v -0.03832600 0.06112750 0.01476600
v -0.03829600 0.01213650 -0.02605200
v -0.03829200 0.04778650 -0.00979400
v -0.03826100 -0.06931550 0.02379800
v -0.03825200 -0.01742850 -0.02728500
v -0.03819100 0.05838350 0.00950000
v -0.03818300 -0.06062250 0.02011700
v -0.03818200 0.05106350 -0.00568700
v -0.03817300 -0.03102150 -0.02099400
v -0.03816600 0.03413850 -0.01954200
v -0.03815700 -0.00001650 -0.02675000
v -0.03815600 0.02327450 -0.02594200
v -0.03815200 0.03464650 -0.02052100
v -0.03811700 -0.02089550 -0.02615900
v -0.03810900 -0.05911250 0.00929700
v -0.03810200 0.00634550 -0.02677900
v -0.03810100 -0.02864350 -0.02398600
v -0.03809800 -0.06139250 0.01660100
v -0.03807800 0.01914050 -0.02727900
v -0.03807000 0.05575450 0.00406700
v -0.03805500 -0.00315750 -0.02595500
v -0.03804900 -0.04067350 -0.01460100
v -0.03804000 -0.03244050 -0.02169300
v -0.03802000 -0.00108150 -0.02590700
v -0.03797700 -0.02680050 -0.02527400
v -0.03796100 -0.02255350 -0.02699400
v -0.03795700 -0.04587950 -0.00987500
v -0.03795000 -0.05572350 0.00233000
v -0.03794600 -0.04843250 -0.00642400
v -0.03793300 -0.04727850 -0.00979100
v -0.03789000 0.04845950 -0.00717700
v -0.03787700 0.04648250 -0.00974500
v -0.03785400 0.00218850 -0.02595400
v -0.03780500 0.02101750 -0.02640800
v -0.03779300 0.06329750 0.02194900
v -0.03778400 -0.03868950 -0.01752700
v -0.03774700 -0.02707050 -0.02400600
v -0.03774500 -0.03400850 -0.01956000
v -0.03773200 -0.01585950 -0.02654100
v -0.03770100 -0.06704050 0.02545500
v -0.03759200 0.04088250 -0.01539500
v -0.03758600 0.05447550 0.00151900
v -0.03753000 0.05746650 0.00393100
v -0.03751200 0.06002950 0.01271500
v -0.03751200 0.06441750 0.02443800
v -0.03751000 -0.04327450 -0.01299100
v -0.03750000 0.06886950 0.02599200
v -0.03749800 -0.00751250 -0.02592200
v -0.03749400 -0.04134550 -0.01575400
v -0.03746300 0.06650850 0.02431900
v -0.03741800 0.06061350 0.01488000
v -0.03740100 0.06267750 0.02247200
v -0.03740100 0.06267750 0.02247200
v -0.03739200 -0.05934050 0.01162400
v -0.03736800 -0.06307650 0.02277700
v -0.03733800 -0.05364650 0.00015800
v -0.03731600 0.02541150 -0.02573700
v -0.03730500 0.05250750 -0.00243400
v -0.03723100 -0.05602850 0.00424700
v -0.03722900 -0.01936950 -0.02731100
v -0.03717600 0.04006750 -0.01773600
v -0.03715700 -0.06215350 0.02300200
v -0.03715700 -0.06215350 0.02300200
v -0.03711000 0.02523650 -0.02685300
v -0.03707100 0.05918850 0.00694200
v -0.03704500 -0.01234750 -0.02616500
v -0.03703900 0.03255850 -0.02122700
v -0.03702800 0.06194650 0.02063900
v -0.03702800 0.06194650 0.02063900
v -0.03699600 0.06021250 0.00927100
v -0.03690700 0.06259950 0.01789000
v -0.03689700 0.04284950 -0.01407400
v -0.03688900 -0.05279250 -0.00188700
v -0.03688900 0.06115150 0.01170800
v -0.03684300 -0.00624050 -0.02675400
v -0.03680500 -0.05089050 -0.00475100
v -0.03674500 -0.02396750 -0.02613600
v -0.03674300 -0.06033250 0.01514700
v -0.03673300 0.03716950 -0.01987200
v -0.03669400 -0.06119050 0.01825100
v -0.03669200 -0.06568650 0.02624300
v -0.03667000 -0.03048650 -0.02383100
v -0.03661100 -0.06277450 0.01841600
v -0.03660200 -0.03728450 -0.01829700
v -0.03659800 -0.01235550 -0.02703000
v -0.03657700 -0.05910350 0.00707900
v -0.03656200 -0.05506550 -0.00038200
v -0.03652400 0.05777450 0.00602700
v -0.03651700 0.03006850 -0.02434200
v -0.03650300 0.05636250 0.00300000
v -0.03649100 -0.01508450 -0.02719500
v -0.03646200 0.01737950 -0.02695200
v -0.03641400 -0.00257150 -0.02664500
v -0.03640000 -0.04383450 -0.01444500
v -0.03638000 -0.05493950 0.00122100
v -0.03633700 0.07101450 0.02533900
v -0.03633400 -0.06877050 0.02708800
v -0.03633100 0.03301750 -0.02257700
v -0.03627100 -0.05077950 -0.00716900
v -0.03625500 -0.02856850 -0.02583400
v -0.03624500 0.02816250 -0.02481900
v -0.03624300 -0.03692550 -0.01998700
v -0.03623000 0.06220750 0.01950900
v -0.03623000 0.06220750 0.01950900
v -0.03621800 -0.04031050 -0.01778700
v -0.03620400 -0.01867250 -0.02653500
v -0.03619300 0.06969250 0.02249000
v -0.03617600 -0.03025050 -0.02314500
v -0.03615800 0.06732050 0.02545900
v -0.03614300 0.00215450 -0.02656300
v -0.03614200 -0.06578150 0.02500700
v -0.03613900 -0.06302950 0.02268700
v -0.03613900 -0.06302950 0.02268700
v -0.03613400 -0.04841250 -0.01000300
v -0.03612200 0.01802850 -0.02616800
v -0.03611200 0.05349350 -0.00439300
v -0.03611100 0.04255050 -0.01647500
v -0.03609500 -0.04921450 -0.00766600
v -0.03608500 0.05045650 -0.00847700
v -0.03604900 0.00871150 -0.02569600
v -0.03603600 0.00566650 -0.02572700
v -0.03603600 0.05723050 0.00193100
v -0.03603500 0.03025950 -0.02347900
v -0.03600900 -0.06231550 0.01552000
v -0.03600000 -0.03408250 -0.02217100
v -0.03599400 0.01588850 -0.02590000
v -0.03594400 0.02298550 -0.02726400
v -0.03594300 0.04528850 -0.01388100
v -0.03590000 -0.02137950 -0.02729100
v -0.03589100 -0.04633350 -0.01098900
v -0.03588100 -0.03234650 -0.02319100
v -0.03587000 -0.07088350 0.02675500
v -0.03586300 0.07141450 0.02303300
v -0.03583900 -0.04250950 -0.01494200
v -0.03583300 -0.05282150 -0.00471000
v -0.03580200 0.03548950 -0.02036100
v -0.03579800 -0.05867750 0.00968300
v -0.03579600 0.00149650 -0.02566200
v -0.03575600 0.05535750 0.00076200
v -0.03573000 -0.05860250 0.00515300
v -0.03572000 -0.02824850 -0.02498200
v -0.03570300 -0.03257650 -0.02200800
v -0.03570000 0.04775950 -0.01174900
v -0.03569600 -0.06141050 0.01148900
v -0.03568800 -0.05749150 0.00645300
v -0.03565400 0.06513450 0.02282800
v -0.03565200 -0.06269550 0.02190600
v -0.03565200 -0.06269550 0.02190600
v -0.03562600 -0.01712050 -0.02719400
v -0.03560800 -0.00939550 -0.02589000
v -0.03556900 0.06222950 0.01726300
v -0.03556900 0.06222950 0.01726300
v -0.03554800 0.05593250 -0.00089000
v -0.03554200 0.05942250 0.00796100
v -0.03553000 -0.06416751 0.02460800
v -0.03552900 0.05108950 -0.00651100
v -0.03552300 0.06130050 0.01387500
v -0.03551400 0.06279850 0.01462600
v -0.03549100 0.03809650 -0.01903600
v -0.03545100 -0.07166150 0.02389800
v -0.03543500 -0.00175850 -0.02559600
v -0.03541700 -0.00987450 -0.02682200
v -0.03540700 -0.02348250 -0.02730700
v -0.03540700 0.03986750 -0.01765600
v -0.03540300 -0.03535150 -0.02027900
v -0.03539600 0.05261450 -0.00631800
v -0.03535800 0.06469651 0.02384000
v -0.03529900 0.02055450 -0.02623200
v -0.03527400 0.02774550 -0.02691200
v -0.03525900 0.06262350 0.01867000
v -0.03525900 0.06262350 0.01867000
v -0.03524800 0.00639150 -0.02647100
v -0.03524100 0.01325950 -0.02574300
v -0.03523400 0.05502250 -0.00300400
v -0.03520500 0.04846250 -0.00981900
v -0.03518400 -0.05762750 0.00244200
v -0.03518000 0.01008550 -0.02652500
v -0.03515600 0.05307950 -0.00385700
v -0.03513800 -0.02605850 -0.02714100
v -0.03512600 0.06400350 0.02033900
v -0.03512000 0.06745050 0.02428800
v -0.03511400 -0.05255050 -0.00417500
v -0.03510600 0.02357150 -0.02636300
v -0.03509900 0.01530450 -0.02668600
v -0.03505600 0.04624750 -0.01220300
v -0.03505400 0.06058150 0.01041800
v -0.03494900 -0.05657450 0.00289700
v -0.03488800 -0.05433650 -0.00153200
v -0.03479700 0.06230950 0.01616500
v -0.03479700 0.06230950 0.01616500
v -0.03479000 -0.06253050 0.01850900
v -0.03478600 -0.04009850 -0.01756500
v -0.03478400 -0.02641050 -0.02618300
v -0.03473400 -0.06330350 0.02221300
v -0.03473400 -0.06330350 0.02221300
v -0.03471900 -0.06494350 0.02326900
v -0.03471800 -0.00571650 -0.02572900
v -0.03467500 0.05999750 0.00551700
v -0.03463800 -0.04188050 -0.01717100
v -0.03461100 -0.04636250 -0.01339700
v -0.03460900 -0.01594550 -0.02607800
v -0.03454900 0.05538250 -0.00073700
v -0.03454400 0.07245050 0.02427000
v -0.03453600 0.03638850 -0.02173500
v -0.03452000 -0.02159250 -0.02639000
v -0.03451400 -0.04499750 -0.01300500
v -0.03448000 -0.00570550 -0.02659800
v -0.03443800 0.00400350 -0.02551000
v -0.03440400 0.07064750 0.02607200
v -0.03439700 -0.03929950 -0.01943000
v -0.03439000 0.06390150 0.02124200
v -0.03438900 0.02568350 -0.02663400
v -0.03437500 -0.06676150 0.02612500
v -0.03436000 -0.05448650 -0.00370800
v -0.03435600 -0.03094650 -0.02559300
v -0.03434800 0.05856850 0.00473800
v -0.03434700 0.03332150 -0.02280200
v -0.03433100 0.03884850 -0.02034100
v -0.03432600 -0.06422351 0.01957300
v -0.03429000 0.04989650 -0.01067900
v -0.03427900 -0.06123050 0.01259500
v -0.03424600 0.06396150 0.01755200
v -0.03422300 0.04266350 -0.01612800
v -0.03416500 -0.06252950 0.01235400
v -0.03412700 0.05740150 0.00223800
v -0.03411100 0.04117250 -0.01873500
v -0.03409100 -0.05148950 -0.00671100
v -0.03408400 0.04479550 -0.01445100
v -0.03405500 0.06240850 0.01495400
v -0.03405500 0.06240850 0.01495400
v -0.03404300 -0.04995250 -0.01001300
v -0.03402100 -0.06844451 0.02558700
v -0.03401500 -0.07302450 0.02558700
v -0.03399800 0.02002750 -0.02687600
v -0.03399000 -0.03802550 -0.01944300
v -0.03394200 0.06315550 0.01309600
v -0.03393100 0.06743450 0.02503800
v -0.03391000 0.04510750 -0.01576600
v -0.03388900 -0.01885650 -0.02715100
v -0.03387400 -0.00837450 -0.02666900
v -0.03386800 -0.06143950 0.00875600
v -0.03385700 -0.03710550 -0.02133700
v -0.03382400 -0.03038350 -0.02518400
v -0.03381000 0.06302950 0.01709000
v -0.03378800 0.03093350 -0.02626700
v -0.03376900 0.06201550 0.01306900
v -0.03375100 0.05122050 -0.00763200
v -0.03374800 -0.06048950 0.00972300
v -0.03370600 -0.02843450 -0.02701800
v -0.03369500 0.06201550 0.00889200
v -0.03369100 0.01828850 -0.02601100
v -0.03366200 -0.04881650 -0.01002800
v -0.03365100 -0.05684050 -0.00056100
v -0.03364100 0.03505850 -0.02318400
v -0.03363000 -0.06249850 0.01565700
v -0.03362800 -0.01233650 -0.02680100
v -0.03359700 -0.06362450 0.02211600
v -0.03359700 -0.06362450 0.02211600
v -0.03352000 0.02856750 -0.02627500
v -0.03350600 -0.05601950 -0.00006900
v -0.03348600 -0.01272650 -0.02587100
v -0.03347900 0.01117150 -0.02555300
v -0.03347600 0.01203450 -0.02639300
v -0.03346600 0.00883850 -0.02531200
v -0.03338700 -0.03374850 -0.02277200
v -0.03337200 0.03200950 -0.02453300
v -0.03335600 0.06020150 0.00659100
v -0.03335400 -0.05022850 -0.00870000
v -0.03330000 -0.04766750 -0.01182500
v -0.03328800 0.01576650 -0.02564700
v -0.03327100 -0.05932550 0.00743800
v -0.03323300 -0.05862250 0.00489700
v -0.03321600 -0.06391450 0.01578300
v -0.03321500 -0.02152250 -0.02718100
v -0.03320900 0.03671150 -0.02115700
v -0.03320600 0.02318450 -0.02700200
v -0.03317900 0.05886150 0.00172900
v -0.03313100 0.00074750 -0.02559200
v -0.03311400 0.05270950 -0.00621700
v -0.03309000 0.02559150 -0.02719000
v -0.03308500 -0.00235650 -0.02640800
v -0.03308000 -0.05269050 -0.00752100
v -0.03306500 0.04043750 -0.01866600
v -0.03305500 0.06277950 0.01431600
v -0.03305500 0.06277950 0.01431600
v -0.03304500 -0.03596250 -0.02155100
v -0.03300300 0.00318050 -0.02636400
v -0.03297500 0.05314850 -0.00777500
v -0.03295200 -0.06393850 0.02096900
v -0.03295200 -0.06393850 0.02096900
v -0.03294400 0.05059750 -0.00909600
v -0.03294200 -0.06833249 0.02663900
v -0.03291200 0.06904050 0.02408700
v -0.03291000 0.07195549 0.02246700
v -0.03289400 -0.06094050 0.00650100
v -0.03289000 0.03356450 -0.02495900
v -0.03288100 -0.00887750 -0.02568700
v -0.03287800 0.05540750 -0.00232500
v -0.03286300 -0.05907950 0.00275700
v -0.03283400 -0.04216750 -0.01710300
v -0.03281500 -0.03405850 -0.02432400
v -0.03278300 -0.05503550 -0.00241500
v -0.03273200 0.02268550 -0.02614600
v -0.03267700 0.04650350 -0.01363600
v -0.03265200 0.06664850 0.02424600
v -0.03261800 0.06205050 0.01067000
v -0.03259800 0.01544750 -0.02646100
v -0.03258800 -0.06519950 0.02432500
v -0.03258800 0.04342350 -0.01801900
v -0.03258400 -0.00152150 -0.02555800
v -0.03254500 0.06617250 0.02208400
v -0.03252400 -0.02540350 -0.02737300
v -0.03248800 0.04760850 -0.01434900
v -0.03248600 -0.04534950 -0.01578000
v -0.03243600 -0.02381650 -0.02636000
v -0.03243600 -0.01969850 -0.02609700
v -0.03243000 -0.06523550 0.02089400
v -0.03239300 0.06523250 0.01935900
v -0.03238100 -0.01576350 -0.02690500
v -0.03238000 -0.04535750 -0.01440800
v -0.03234600 0.06298650 0.01273000
v -0.03234600 0.06298650 0.01273000
v -0.03230700 -0.07228750 0.02379900
v -0.03230100 0.04923050 -0.01123300
v -0.03229800 0.07201650 0.02593100
v -0.03229300 -0.03176350 -0.02637800
v -0.03228200 -0.04882250 -0.01249000
v -0.03227300 0.06487450 0.01634200
v -0.03225000 -0.04314950 -0.01768300
v -0.03223700 0.00072050 -0.02633600
v -0.03219000 -0.06433650 0.02165000
v -0.03219000 -0.06433650 0.02165000
v -0.03216700 0.06416150 0.01827500
v -0.03216100 0.05908150 0.00321100
v -0.03213200 0.03834350 -0.02194300
v -0.03210500 -0.02877350 -0.02644100
v -0.03210300 -0.00430450 -0.02556900
v -0.03208100 -0.05864350 0.00368400
v -0.03207400 0.02810950 -0.02735900
v -0.03206500 -0.03220950 -0.02522700
v -0.03206100 0.05452950 -0.00448300
v -0.03203600 0.00691850 -0.02625500
v -0.03202200 0.05735950 0.00008000
v -0.03202100 0.06943250 0.02573800
v -0.03200400 0.05747650 -0.00197800
v -0.03199000 0.00642150 -0.02535400
v -0.03197800 -0.07105950 0.02728100
v -0.03195500 -0.00529750 -0.02648100
v -0.03192100 -0.07393450 0.02570400
v -0.03190500 -0.06398650 0.01846100
v -0.03183900 0.05568050 -0.00506000
v -0.03180500 -0.06636750 0.02326900
v -0.03179700 0.06558550 0.02252200
v -0.03176900 -0.05476350 -0.00563800
v -0.03176500 0.05169650 -0.01038800
v -0.03172600 0.06402650 0.01200900
v -0.03171500 0.00363050 -0.02548300
v -0.03169800 -0.05146550 -0.01001900
v -0.03168000 -0.06215350 0.01170300
v -0.03166900 0.03908050 -0.02041400
v -0.03166200 -0.00886250 -0.02655500
v -0.03166000 -0.05180150 -0.00846500
v -0.03164900 0.06167550 0.00824400
v -0.03161300 -0.05675950 -0.00254400
v -0.03159300 -0.03820450 -0.02189300
v -0.03158600 -0.06338650 0.01560200
v -0.03156200 -0.05423550 -0.00470900
v -0.03152800 0.06162550 0.00529800
v -0.03145200 -0.06080250 0.00876300
v -0.03143400 0.06420650 0.01641600
v -0.03140500 -0.06419050 0.01312200
v -0.03139400 0.03170750 -0.02598400
v -0.03135500 0.02011050 -0.02576300
v -0.03134900 -0.04178850 -0.01925900
v -0.03130100 -0.03614050 -0.02368000
v -0.03128600 -0.02607650 -0.02639200
v -0.03128500 -0.06030550 0.00354500
v -0.03128500 0.02619050 -0.02636600
v -0.03124000 0.01257150 -0.02539400
v -0.03122700 -0.03774550 -0.02113100
v -0.03121900 0.04324550 -0.01759200
v -0.03115500 -0.02962250 -0.02733400
v -0.03113700 -0.01791850 -0.02604100
v -0.03112600 -0.06478050 0.02053000
v -0.03112600 -0.06478050 0.02053000
v -0.03108000 -0.04070150 -0.01922000
v -0.03107500 -0.05818550 0.00173900
v -0.03107300 0.04553650 -0.01582900
v -0.03106800 -0.06360550 0.01054700
v -0.03104600 -0.07102350 0.02511300
v -0.03103800 0.03495550 -0.02397000
v -0.03102500 0.04090450 -0.02075500
v -0.03096900 -0.01523350 -0.02588700
v -0.03092000 0.06299450 0.00764700
v -0.03091900 -0.05007050 -0.01071200
v -0.03090800 0.01648850 -0.02551200
v -0.03087100 -0.06562150 0.01784100
v -0.03085000 0.06505050 0.01419300
v -0.03079700 0.01010050 -0.02620600
v -0.03077600 0.07414350 0.02451500
v -0.03074600 -0.02056250 -0.02702000
v -0.03073700 -0.01204550 -0.02661500
v -0.03073000 -0.04013450 -0.02081300
v -0.03073000 0.06549450 0.02062500
v -0.03068700 -0.06554150 0.02282700
v -0.03068400 0.06085550 0.00564100
v -0.03067800 0.04118750 -0.01948100
v -0.03067600 -0.06762250 0.02573200
v -0.03066700 0.06328950 0.01164400
v -0.03066700 0.06328950 0.01164400
v -0.03065800 0.06035250 0.00211200
v -0.03065400 0.04583950 -0.01723700
v -0.03065300 0.06290950 0.01053400
v -0.03065300 0.06290950 0.01053400
v -0.03061000 -0.06917850 0.02533100
v -0.03059500 0.06414450 0.01421000
v -0.03055800 -0.02405550 -0.02720600
v -0.03053700 0.04806150 -0.01373100
v -0.03049700 0.06421650 0.01041100
v -0.03048700 0.05441250 -0.00807200
v -0.03048600 -0.03426150 -0.02470000
v -0.03048600 0.00051050 -0.02529900
v -0.03046300 0.05430850 -0.00609800
v -0.03045400 0.02101650 -0.02658700
v -0.03044500 -0.04471650 -0.01647900
v -0.03042700 -0.05755250 -0.00035500
v -0.03042100 -0.06249850 0.00718100
v -0.03037700 0.05673550 -0.00263100
v -0.03035500 0.02874650 -0.02650400
v -0.03034800 -0.04739650 -0.01392400
v -0.03033400 0.07277250 0.02237800
v -0.03032300 -0.02141650 -0.02620900
v -0.03021300 0.02996550 -0.02738200
v -0.03020800 0.02577950 -0.02697500
v -0.03019700 -0.01207150 -0.02566100
v -0.03017900 -0.06095950 0.00646500
v -0.03017500 0.03639250 -0.02467700
v -0.03016000 -0.03636950 -0.02290400
v -0.03014700 -0.03044350 -0.02644100
v -0.03011400 -0.03343350 -0.02669700
v -0.03011400 0.03345750 -0.02683800
v -0.03010600 0.01264150 -0.02616000
v -0.03009400 0.05986550 0.00303500
v -0.03008800 0.06297050 0.00954000
v -0.03008800 0.06297050 0.00954000
v -0.03007800 0.01646650 -0.02634400
v -0.03007400 -0.01859850 -0.02689000
v -0.02998800 -0.07442850 0.02622400
v -0.02995800 -0.00835450 -0.02562900
v -0.02994500 -0.05640050 -0.00454900
v -0.02992700 -0.04789850 -0.01496700
v -0.02992700 -0.00761350 -0.02643300
v -0.02992200 0.05034950 -0.01305800
v -0.02990900 -0.04538650 -0.01726100
v -0.02990400 -0.05946050 0.00050500
v -0.02988700 0.00951150 -0.02519900
v -0.02979300 0.05334250 -0.00829800
v -0.02978400 0.06822149 0.02315500
v -0.02978100 0.06686050 0.02065800
v -0.02977700 0.07131650 0.02607200
v -0.02977300 -0.06652150 0.02071300
v -0.02976200 0.00665950 -0.02514400
v -0.02974600 0.06907350 0.02491900
v -0.02972000 -0.06486850 0.01763000
v -0.02971100 -0.05389650 -0.00664500
v -0.02970100 0.00302250 -0.02525500
v -0.02968300 0.05799750 -0.00091000
v -0.02968000 -0.01492450 -0.02670600
v -0.02967300 -0.06377550 0.01358900
v -0.02966800 0.05950350 -0.00054100
v -0.02966200 -0.00330250 -0.02633900
v -0.02965500 -0.06279050 0.00999200
v -0.02963700 0.07053950 0.02421700
v -0.02954500 -0.04283550 -0.01853900
v -0.02952800 0.03882550 -0.02296000
v -0.02947800 0.02373450 -0.02587300
v -0.02943800 0.04317050 -0.01994800
v -0.02940400 -0.06736850 0.02303700
v -0.02938600 -0.03828750 -0.02318800
v -0.02937500 0.05183750 -0.01027400
v -0.02936200 0.05930550 0.00093200
v -0.02931800 -0.05292750 -0.00997900
v -0.02931600 -0.06566050 0.01518300
v -0.02929000 -0.02705350 -0.02730300
v -0.02927700 0.02340850 -0.02667800
v -0.02927200 -0.06002150 0.00348400
v -0.02925800 0.00265750 -0.02618100
v -0.02924400 0.05295350 -0.01057700
v -0.02924300 0.01823250 -0.02548800
v -0.02923200 -0.03250250 -0.02617800
v -0.02920900 0.03976850 -0.02129200
v -0.02920800 0.06267750 0.00771600
v -0.02920800 0.06267750 0.00771600
v -0.02916000 -0.05713850 -0.00228900
v -0.02915600 -0.06748750 0.02501600
v -0.02914800 0.03291450 -0.02622000
v -0.02914500 0.05037750 -0.01193900
v -0.02910400 0.03608350 -0.02422400
v -0.02909600 -0.05238450 -0.00908700
v -0.02908500 -0.06551050 0.01950900
v -0.02908500 -0.06551050 0.01950900
v -0.02906800 0.03823250 -0.02252000
v -0.02904400 0.01459750 -0.02532100
v -0.02903200 -0.05464750 -0.00787100
v -0.02899200 -0.00463750 -0.02535100
v -0.02898500 0.00540150 -0.02613800
v -0.02891000 0.00006350 -0.02623500
v -0.02890100 0.06780250 0.02367000
v -0.02887800 0.06436050 0.01210500
v -0.02887700 0.05750250 -0.00458300
v -0.02883400 0.05575450 -0.00542600
v -0.02879100 -0.07005250 0.02661400
v -0.02878000 -0.07237150 0.02728900
v -0.02877000 0.06593350 0.01863900
v -0.02875600 -0.02966350 -0.02737000
v -0.02875100 -0.03884650 -0.02156600
v -0.02872800 0.06686950 0.01893600
v -0.02870200 -0.06603850 0.02091900
v -0.02869400 0.07491250 0.02451000
v -0.02868100 -0.06395350 0.00870700
v -0.02860800 0.00833650 -0.02609300
v -0.02859900 0.04569150 -0.01710700
v -0.02856200 -0.07376250 0.02384600
v -0.02854900 -0.06179350 0.00376800
v -0.02854500 -0.05044950 -0.01185700
v -0.02853700 -0.04236050 -0.02045500
v -0.02850200 0.06440049 0.00836900
v -0.02847200 -0.02905650 -0.02646400
v -0.02846700 -0.01668050 -0.02576500
v -0.02846400 0.04810550 -0.01610900
v -0.02845800 0.06534750 0.01584300
v -0.02842900 -0.02322350 -0.02606000
v -0.02841100 -0.03644950 -0.02542800
v -0.02835100 -0.03645250 -0.02427300
v -0.02831500 -0.04075850 -0.02086700
v -0.02831400 0.04265050 -0.01986000
v -0.02830400 0.04871050 -0.01428600
v -0.02829800 -0.02220250 -0.02694400
v -0.02829700 -0.01699650 -0.02670900
v -0.02826000 0.03025350 -0.02644000
v -0.02825400 0.06674550 0.01675300
v -0.02824600 0.04957550 -0.01485500
v -0.02821700 0.04614050 -0.01798400
v -0.02820800 -0.04823750 -0.01434200
v -0.02820800 -0.03425450 -0.02607000
v -0.02817200 0.06376050 0.00921200
v -0.02817200 0.06376050 0.00921200
v -0.02816400 0.06144150 0.00406100
v -0.02814100 0.01995850 -0.02570200
v -0.02812700 0.06295750 0.00706300
v -0.02812700 0.06295750 0.00706300
v -0.02811200 -0.06566050 0.01821400
v -0.02811200 -0.06566050 0.01821400
v -0.02811100 0.06602150 0.01315400
v -0.02809600 0.06175550 0.00236100
v -0.02808400 0.01158150 -0.02528100
v -0.02804000 -0.06510050 0.01580200
v -0.02798600 0.04071650 -0.02246600
v -0.02797400 0.06248850 0.00620200
v -0.02797400 0.06248850 0.00620200
v -0.02794800 0.07071650 0.02564200
v -0.02794800 0.07396051 0.02245200
v -0.02794700 -0.05007150 -0.01400500
v -0.02792500 -0.05717350 -0.00510600
v -0.02789200 -0.06167950 0.00587900
v -0.02787500 -0.05655250 -0.00404000
v -0.02786500 0.06333050 0.00532000
v -0.02784300 0.00182350 -0.02520900
v -0.02781900 -0.00145350 -0.02525500
v -0.02778800 -0.06676150 0.01720100
v -0.02776100 -0.07578950 0.02540300
v -0.02773800 -0.00903350 -0.02640900
v -0.02773300 -0.01908450 -0.02580100
v -0.02771400 -0.04659850 -0.01621000
v -0.02770900 -0.02661650 -0.02618000
v -0.02769100 -0.04430150 -0.01785400
v -0.02768800 0.05785450 -0.00313400
v -0.02768200 0.05900350 -0.00089700
v -0.02768100 -0.05857250 -0.00296700
v -0.02766100 -0.06709150 0.02343600
v -0.02761700 0.01798850 -0.02630400
v -0.02758500 -0.01424350 -0.02555200
v -0.02753500 -0.06308050 0.00847100
v -0.02752500 -0.06744850 0.02014900
v -0.02748800 0.05623150 -0.00756900
v -0.02737700 0.07378950 0.02594700
v -0.02736600 0.06069450 0.00198800
v -0.02736000 -0.05959350 -0.00143000
v -0.02735600 -0.05207050 -0.01206000
v -0.02734800 0.03558850 -0.02576200
v -0.02733300 -0.03968450 -0.02322000
v -0.02732800 -0.03408650 -0.02721100
v -0.02732700 -0.01188150 -0.02647400
v -0.02731800 -0.06536750 0.01098600
v -0.02727700 -0.01171350 -0.02554800
v -0.02727300 -0.05991750 0.00125300
v -0.02725400 0.06730850 0.02190300
v -0.02725300 -0.06847650 0.02337600
v -0.02719000 -0.06464550 0.01249300
v -0.02718400 0.04096150 -0.02176300
v -0.02718100 0.00489450 -0.02518400
v -0.02717600 0.02275950 -0.02575600
v -0.02715900 -0.04647150 -0.01766500
v -0.02711300 -0.02560050 -0.02709800
v -0.02711200 -0.06094350 0.00085100
v -0.02708000 -0.03178750 -0.02746000
v -0.02707600 -0.05437050 -0.00811200
v -0.02700100 0.04453550 -0.01894600
v -0.02699700 -0.01891050 -0.02673900
v -0.02698000 -0.00901550 -0.02538800
v -0.02698000 -0.00428050 -0.02624600
v -0.02694500 0.02724250 -0.02600800
v -0.02693400 -0.01462350 -0.02655700
v -0.02692200 0.03561450 -0.02707300
v -0.02690100 -0.06604850 0.01760800
v -0.02690100 -0.06604850 0.01760800
v -0.02689900 0.02148750 -0.02643000
v -0.02689500 0.06806550 0.02045800
v -0.02687700 0.00867550 -0.02521500
v -0.02687500 0.05672650 -0.00542600
v -0.02687200 0.06556350 0.00986700
v -0.02686600 0.05430850 -0.00887000
v -0.02680300 0.06292250 0.00571500
v -0.02680300 0.06292250 0.00571500
v -0.02678000 0.07158350 0.02430900
v -0.02674500 0.06578650 0.01398800
v -0.02674000 0.03064650 -0.02712500
v -0.02669300 -0.00104550 -0.02617600
v -0.02669000 -0.05274850 -0.01021700
v -0.02667000 -0.06960750 0.02591100
v -0.02665600 0.05100650 -0.01305300
v -0.02664500 -0.04467550 -0.01943800
v -0.02663500 0.07562751 0.02440600
v -0.02660800 -0.05943450 -0.00054300
v -0.02660400 0.05414750 -0.01097100
v -0.02659000 -0.06173050 0.00425800
v -0.02653600 -0.00340450 -0.02546600
v -0.02649100 0.04732150 -0.01670900
v -0.02646600 0.02829150 -0.02686300
v -0.02642600 -0.03160150 -0.02653600
v -0.02641700 0.05226650 -0.01313100
v -0.02640500 -0.05619150 -0.00585500
v -0.02633800 -0.07319750 0.02733500
v -0.02633800 -0.04909850 -0.01579800
v -0.02633300 -0.02893350 -0.02714600
v -0.02631500 0.03772550 -0.02484400
v -0.02631000 0.03837750 -0.02546900
v -0.02628700 -0.03839550 -0.02367000
v -0.02628600 -0.04210450 -0.02060600
v -0.02627200 0.01700150 -0.02530000
v -0.02624100 0.06538550 0.01179700
v -0.02623100 -0.06695650 0.02083700
v -0.02623100 0.05962850 -0.00335600
v -0.02621400 -0.06369250 0.00574900
v -0.02621100 -0.06559250 0.01586000
v -0.02621100 -0.06559250 0.01586000
v -0.02621100 0.04494850 -0.02006000
v -0.02619400 0.01250450 -0.02604900
v -0.02617900 0.06675850 0.01800600
v -0.02617300 0.03266750 -0.02726800
v -0.02616000 0.06240950 0.00421900
v -0.02616000 0.06240950 0.00421900
v -0.02612700 -0.07072650 0.02530800
v -0.02611100 0.06451950 0.00621400
v -0.02606300 0.00158750 -0.02611900
v -0.02604300 -0.04973350 -0.01404300
v -0.02601400 0.05591850 -0.00909700
v -0.02599800 -0.06655250 0.01314500
v -0.02597300 0.06683150 0.01266400
v -0.02596900 -0.05507150 -0.00934600
v -0.02596500 0.06741950 0.02055600
v -0.02593700 -0.03588850 -0.02691200
v -0.02593300 -0.02373550 -0.02692500
v -0.02592200 -0.07286550 0.02535500
v -0.02592200 0.06094950 -0.00110400
v -0.02591200 0.00600050 -0.02606700
v -0.02584500 -0.02086250 -0.02571400
v -0.02584400 0.03391150 -0.02651800
v -0.02584400 0.06116150 0.00142100
v -0.02583500 0.07415351 0.02267600
v -0.02582200 0.02504150 -0.02562900
v -0.02581200 0.06942850 0.02263500
v -0.02575300 -0.05864450 -0.00243600
v -0.02568700 -0.04719750 -0.01677100
v -0.02567800 0.01232550 -0.02521800
v -0.02567800 0.05294750 -0.01129200
v -0.02567700 0.04888150 -0.01540700
v -0.02566100 -0.02393350 -0.02597400
v -0.02565800 -0.03823050 -0.02578700
v -0.02565400 0.05841550 -0.00562600
v -0.02563200 0.06663749 0.01594700
v -0.02562200 0.03178850 -0.02640500
v -0.02559300 0.06993049 0.02435900
v -0.02556200 0.00064850 -0.02531400
v -0.02555100 -0.01651050 -0.02575300
v -0.02555000 -0.02134450 -0.02678400
v -0.02551200 -0.00570550 -0.02530700
v -0.02550800 0.06270350 0.00192700
v -0.02546100 -0.04505950 -0.01888000
v -0.02545300 0.05987950 -0.00136200
v -0.02543100 -0.06417949 0.00909500
v -0.02539800 0.02080950 -0.02550600
v -0.02537400 0.06469450 0.00864400
v -0.02537100 0.02479050 -0.02654800
v -0.02536500 -0.04122050 -0.02303900
v -0.02535600 -0.06316250 0.00619200
v -0.02530300 0.01529050 -0.02617400
v -0.02528500 -0.05746150 -0.00639500
v -0.02527800 -0.04056750 -0.02237100
v -0.02524400 0.04126350 -0.02317100
v -0.02522800 0.07260150 0.02585400
v -0.02519000 -0.06807050 0.02374000
v -0.02512600 0.04822150 -0.01779500
v -0.02510400 -0.04346050 -0.02126300
v -0.02509800 -0.06631250 0.01639200
v -0.02509800 -0.06631250 0.01639200
v -0.02504300 -0.06823650 0.01862200
v -0.02497500 -0.05217650 -0.01212600
v -0.02496000 -0.06166850 0.00266900
v -0.02495700 -0.01001150 -0.02633300
v -0.02495600 0.05628450 -0.00747100
v -0.02493700 -0.00364550 -0.02621800
v -0.02492000 -0.07584150 0.02655500
v -0.02491900 0.06272150 0.00375100
v -0.02491900 0.06272150 0.00375100
v -0.02490600 0.00965750 -0.02601900
v -0.02486100 -0.01428850 -0.02647500
v -0.02485300 0.04099250 -0.02263900
v -0.02485200 0.00598950 -0.02516700
v -0.02484600 0.06782550 0.01529000
v -0.02482800 -0.01461150 -0.02557100
v -0.02482100 -0.05562650 -0.00808800
v -0.02481000 -0.03564850 -0.02634000
v -0.02480200 0.06848349 0.01880200
v -0.02476600 -0.05994350 -0.00288500
v -0.02475500 0.06867450 0.02252800
v -0.02475200 0.04590150 -0.01863800
v -0.02475100 0.05842350 -0.00441800
v -0.02474200 -0.06580850 0.01408700
v -0.02473100 -0.05127250 -0.01439200
v -0.02468800 -0.03752950 -0.02550600
v -0.02458400 -0.02812050 -0.02611900
v -0.02456400 0.05009450 -0.01638000
v -0.02454600 -0.03165050 -0.02736400
v -0.02453000 -0.06319850 0.00321300
v -0.02451800 0.06579150 0.00779800
v -0.02450500 0.02914250 -0.02595000
v -0.02450100 -0.05766350 -0.00509400
v -0.02450000 -0.06178150 0.00032100
v -0.02447600 -0.01824950 -0.02657700
v -0.02447500 0.00324350 -0.02511300
v -0.02443400 -0.07106050 0.02645300
v -0.02443000 0.01860450 -0.02628100
v -0.02438900 -0.04316050 -0.02073900
v -0.02435800 -0.06527150 0.01052300
v -0.02426600 0.06772950 0.01856700
v -0.02426100 -0.03036250 -0.02635100
v -0.02425400 -0.04851150 -0.01732500
v -0.02422800 0.07602250 0.02535100
v -0.02418100 -0.06914251 0.02224000
v -0.02416300 0.02177450 -0.02641300
v -0.02412700 -0.04601350 -0.01959300
v -0.02411500 -0.07553250 0.02379000
v -0.02410600 0.03810350 -0.02592000
v -0.02408100 -0.02939050 -0.02712000
v -0.02407900 -0.03288350 -0.02648800
v -0.02407300 -0.06538350 0.00753700
v -0.02405700 0.01558650 -0.02518400
v -0.02404400 0.05260050 -0.01392600
v -0.02404300 0.05206050 -0.01310300
v -0.02402200 0.07575151 0.02251000
v -0.02401100 -0.07694150 0.02439500
v -0.02400000 0.06446450 0.00427600
v -0.02398600 -0.06728750 0.01875700
v -0.02397000 -0.03439150 -0.02742600
v -0.02392700 -0.01017350 -0.02541600
v -0.02389800 -0.00735950 -0.02535000
v -0.02388400 0.05504850 -0.01127700
v -0.02386600 0.06128050 0.00023200
v -0.02384200 -0.06783149 0.01502900
v -0.02382700 0.06285050 0.00297700
v -0.02382700 0.06285050 0.00297700
v -0.02382600 0.00261350 -0.02604800
v -0.02382100 -0.01910950 -0.02581500
v -0.02381700 0.06594750 0.01075700
v -0.02379600 -0.06802150 0.02173700
v -0.02378000 -0.05386050 -0.01201000
v -0.02375300 -0.00184150 -0.02510600
v -0.02374800 -0.02618850 -0.02693800
v -0.02374800 0.04352450 -0.02103900
v -0.02374300 -0.06335450 0.00502700
v -0.02371300 0.05566650 -0.00913500
v -0.02367500 0.07206050 0.02423300
v -0.02366500 -0.06115450 0.00069500
v -0.02366500 0.02355050 -0.02554500
v -0.02364600 0.06461050 0.00667600
v -0.02362100 -0.01317250 -0.02551300
v -0.02361700 -0.04751750 -0.01730700
v -0.02355400 0.06692250 0.01353700
v -0.02351900 -0.06640550 0.01597500
v -0.02351900 -0.06640550 0.01597500
v -0.02350300 0.06720851 0.01125800
v -0.02349700 0.05789650 -0.00780900
v -0.02349400 0.05766250 -0.00621100
v -0.02348000 0.04586750 -0.02050600
v -0.02346700 -0.02328750 -0.02676300
v -0.02343300 -0.05104450 -0.01408300
v -0.02343100 0.05979250 -0.00299500
v -0.02341500 0.05418750 -0.01102100
v -0.02338700 -0.05418750 -0.01034200
v -0.02338200 -0.00802450 -0.02625300
v -0.02336900 0.05109450 -0.01465100
v -0.02332200 0.00543450 -0.02600900
v -0.02330900 0.03461550 -0.02648400
v -0.02328600 -0.05901950 -0.00348700
v -0.02327900 0.04374550 -0.02222600
v -0.02325200 -0.00101750 -0.02609900
v -0.02324800 0.06221550 0.00149000
v -0.02324800 0.06221550 0.00149000
v -0.02324700 0.00836350 -0.02503600
v -0.02321200 -0.06491150 0.00560000
v -0.02320500 -0.04586450 -0.01899300
v -0.02315100 -0.05741750 -0.00789500
v -0.02308700 0.01760350 -0.02549000
v -0.02306700 0.03390750 -0.02718500
v -0.02302100 0.03678150 -0.02734800
v -0.02299400 0.06387950 0.00487900
v -0.02298300 -0.07455350 0.02724800
v -0.02297200 0.03103750 -0.02688300
v -0.02295100 -0.02550150 -0.02596800
v -0.02288500 0.04934950 -0.01668600
v -0.02286400 -0.02073550 -0.02661900
v -0.02286300 0.07171550 0.02485900
v -0.02283100 0.02622150 -0.02585300
v -0.02281400 -0.02196650 -0.02575200
v -0.02273000 0.06851050 0.02000600
v -0.02272100 -0.06690250 0.01038200
v -0.02271100 0.06096050 -0.00139400
v -0.02269700 -0.06988250 0.02519000
v -0.02268900 0.02832950 -0.02671800
v -0.02266100 -0.06647750 0.01260800
v -0.02265700 0.00136150 -0.02505200
v -0.02262900 0.03973150 -0.02625000
v -0.02261800 -0.07102450 0.02464300
v -0.02260500 0.06168350 -0.00225400
v -0.02260000 -0.06091350 -0.00260600
v -0.02259600 -0.06247150 0.00307300
v -0.02258700 0.06288150 0.00006900
v -0.02257200 0.01328350 -0.02603300
v -0.02254000 -0.03794950 -0.02705600
v -0.02252500 0.03130850 -0.02607300
v -0.02251900 0.04173250 -0.02425100
v -0.02249100 -0.04157950 -0.02314000
v -0.02245300 -0.04938650 -0.01618600
v -0.02245300 0.02052550 -0.02541600
v -0.02245000 0.01275350 -0.02511900
v -0.02244100 -0.03955350 -0.02473800
v -0.02243700 0.04151350 -0.02342400
v -0.02242400 -0.05662650 -0.00764200
v -0.02237700 0.06954450 0.02032600
v -0.02235800 -0.00473750 -0.02527600
v -0.02233300 0.06588250 0.00870400
v -0.02230700 0.07012750 0.02357500
v -0.02229700 -0.04031550 -0.02569000
v -0.02228400 -0.06514750 0.00886700
v -0.02227400 -0.04574250 -0.02049200
v -0.02223800 0.06874050 0.01530700
v -0.02223100 -0.01681050 -0.02647600
v -0.02222800 -0.07767750 0.02563100
v -0.02222400 -0.06648050 0.01553500
v -0.02222400 -0.06648050 0.01553500
v -0.02221100 -0.02769950 -0.02700000
v -0.02220200 0.07459750 0.02607200
v -0.02215600 0.01692750 -0.02617300
v -0.02215200 0.04603350 -0.01980700
v -0.02214100 -0.06812150 0.01869100
v -0.02213100 0.04783150 -0.01815000
v -0.02212400 0.00491750 -0.02513100
v -0.02205900 -0.06051950 -0.00157000
v -0.02204700 0.06435450 0.00250700
v -0.02202900 -0.00367450 -0.02612100
v -0.02201900 0.07709050 0.02364600
v -0.02200600 0.03806250 -0.02625800
v -0.02198100 0.06198150 -0.00011100
v -0.02198100 0.06198150 -0.00011100
v -0.02197700 0.06787950 0.01612400
v -0.02196600 0.00991750 -0.02599600
v -0.02193300 -0.05140050 -0.01568600
v -0.02190800 0.05269950 -0.01490400
v -0.02188700 -0.04910350 -0.01774400
v -0.02187200 -0.04398850 -0.02126200
v -0.02187100 0.06038050 -0.00492200
v -0.02185900 -0.04247650 -0.02360600
v -0.02185700 -0.06931350 0.01851800
v -0.02184000 -0.03149350 -0.02715400
v -0.02182600 0.04944550 -0.01811000
v -0.02182000 -0.05643350 -0.00989500
v -0.02181400 0.06249450 0.00092300
v -0.02181400 0.06249450 0.00092300
v -0.02180200 0.06933950 0.02172800
v -0.02174300 -0.05918150 -0.00605800
v -0.02171800 -0.00649250 -0.02621800
v -0.02170100 -0.03218850 -0.02642400
v -0.02166100 -0.07240750 0.02659300
v -0.02163900 -0.07385250 0.02561500
v -0.02163800 -0.01680350 -0.02557200
v -0.02161800 0.05754750 -0.00766900
v -0.02161700 0.01976850 -0.02627700
v -0.02159900 0.05706250 -0.00995700
v -0.02159100 0.02417750 -0.02645800
v -0.02154600 -0.02965450 -0.02600500
v -0.02149800 -0.01139150 -0.02630000
v -0.02149200 -0.06405549 0.00501400
v -0.02147200 -0.05256850 -0.01314500
v -0.02145200 0.04404550 -0.02158800
v -0.02141800 0.06680350 0.01069600
v -0.02140400 -0.06452350 0.00362600
v -0.02139000 0.02795750 -0.02571100
v -0.02138800 -0.01414550 -0.02635800
v -0.02136300 0.06694450 0.00797000
v -0.02135900 -0.06699250 0.01432300
v -0.02135900 -0.06699250 0.01432300
v -0.02134700 -0.06899950 0.02261400
v -0.02132300 -0.01435150 -0.02541000
v -0.02131700 -0.02409050 -0.02669600
v -0.02130800 0.05937850 -0.00487500
v -0.02129500 0.05616450 -0.00970600
v -0.02125700 -0.06185650 0.00086100
v -0.02124200 -0.01098750 -0.02523700
v -0.02117400 0.06374050 0.00314700
v -0.02116400 0.07140050 0.02294600
v -0.02115500 -0.04435050 -0.02226500
v -0.02113800 0.00152150 -0.02604100
v -0.02111400 0.04680150 -0.02073100
v -0.02109100 -0.05877350 -0.00534600
v -0.02108600 0.05339750 -0.01292000
v -0.02100900 0.06506950 0.00567400
v -0.02099500 -0.06530751 0.00780600
v -0.02099000 -0.04774550 -0.01830700
v -0.02098500 -0.03712150 -0.02655300
v -0.02098400 0.04019050 -0.02549000
v -0.02097400 0.07600850 0.02246200
v -0.02096700 -0.06840350 0.01357300
v -0.02094300 0.03642850 -0.02668600
v -0.02091900 0.03379250 -0.02621300
v -0.02091900 0.06841550 0.01228800
v -0.02091100 0.06599050 0.00519400
v -0.02088400 -0.03479050 -0.02645300
v -0.02087700 0.07373150 0.02407100
v -0.02086600 -0.06318150 0.00055500
v -0.02086000 -0.03563850 -0.02743800
v -0.02081200 -0.06632950 0.00720800
v -0.02080300 0.01059450 -0.02515900
v -0.02076100 -0.02425850 -0.02577500
v -0.02074500 0.07023349 0.02077600
v -0.02072300 -0.05315550 -0.01427700
v -0.02069700 0.06214950 -0.00065400
v -0.02069700 0.06214950 -0.00065400
v -0.02064600 0.05410350 -0.01387200
v -0.02062900 0.01638150 -0.02519000
v -0.02062400 0.06120550 -0.00203800
v -0.02062400 0.06120550 -0.00203800
v -0.02061700 -0.00858750 -0.02525500
v -0.02060700 0.00567650 -0.02601800
v -0.02057200 -0.06868750 0.02028100
v -0.02051900 -0.05504350 -0.01092200
v -0.02047800 0.00778450 -0.02501900
v -0.02047700 -0.01893750 -0.02542000
v -0.02045800 0.02260450 -0.02556700
v -0.02044600 -0.00130150 -0.02508100
v -0.02039500 -0.07643350 0.02394600
v -0.02038500 0.07270250 0.02506900
v -0.02038300 -0.07045450 0.02271800
v -0.02034800 -0.07085450 0.02534200
v -0.02031700 -0.01980150 -0.02651700
v -0.02030400 -0.04539150 -0.02059900
v -0.02029600 -0.07649250 0.02718400
v -0.02027800 0.05499550 -0.01166900
v -0.02026000 0.06789450 0.00979300
v -0.02013500 -0.00224150 -0.02605500
v -0.02012100 0.03809650 -0.02746200
v -0.02011800 0.02748550 -0.02658500
v -0.02010700 0.03077350 -0.02677800
v -0.02004300 0.06810350 0.01385000
v -0.02002800 0.04118350 -0.02616700
v -0.02001500 0.06981950 0.01761600
v -0.01999400 0.03091750 -0.02588400
v -0.01996900 0.06936150 0.02005000
v -0.01994800 0.04316750 -0.02318800
v -0.01990300 -0.06696051 0.01411400
v -0.01990300 -0.06696051 0.01411400
v -0.01990200 -0.02888150 -0.02691700
v -0.01989400 0.06093350 -0.00309300
v -0.01989400 0.06093350 -0.00309300
v -0.01989000 -0.06698650 0.01232400
v -0.01989000 -0.06698650 0.01232400
v -0.01985200 -0.06972850 0.01776900
v -0.01985100 -0.04971050 -0.01689600
v -0.01984400 0.05032650 -0.01689500
v -0.01982300 0.07759649 0.02501100
v -0.01979500 0.05165250 -0.01708600
v -0.01977600 -0.04300450 -0.02288900
v -0.01974200 -0.06333050 0.00261200
v -0.01969500 0.05850950 -0.00719700
v -0.01968500 -0.01571150 -0.02632200
v -0.01966900 0.06002750 -0.00662900
v -0.01965200 -0.05216150 -0.01470700
v -0.01963600 -0.00919050 -0.02617700
v -0.01963600 0.05576950 -0.01239900
v -0.01962700 0.04359450 -0.02396200
v -0.01961600 -0.00620250 -0.02517200
v -0.01956800 0.01668950 -0.02615000
v -0.01954100 0.04565250 -0.02117900
v -0.01951600 -0.04736150 -0.02025900
v -0.01951600 -0.00643350 -0.02614400
v -0.01945600 0.04799950 -0.01912500
v -0.01941800 -0.02170450 -0.02563300
v -0.01941400 -0.06782250 0.01593300
v -0.01940900 -0.06173250 -0.00313400
v -0.01940400 0.03430150 -0.02697800
v -0.01935900 -0.06564050 0.00689800
v -0.01935800 0.02578250 -0.02568800
v -0.01933800 0.06895750 0.01675400
v -0.01933100 0.05660950 -0.00997100
v -0.01932500 -0.02757650 -0.02587200
v -0.01929500 0.06066150 -0.00389800
v -0.01929500 0.06066150 -0.00389800
v -0.01926200 -0.02258450 -0.02657600
v -0.01922200 -0.05778950 -0.00785900
v -0.01921900 -0.04135950 -0.02489900
v -0.01921700 -0.04970850 -0.01828200
v -0.01919200 -0.05548750 -0.01232000
v -0.01918300 -0.06047650 -0.00372300
v -0.01916800 0.05264950 -0.01484900
v -0.01915900 -0.06870650 0.01780800
v -0.01915500 0.00140450 -0.02507000
v -0.01913800 0.07079250 0.02289500
v -0.01906100 -0.06207550 -0.00090900
v -0.01905800 0.02871050 -0.02583400
v -0.01905500 0.06774350 0.01133200
v -0.01904000 0.01221650 -0.02602600
v -0.01903000 0.04898550 -0.01960800
v -0.01902900 -0.03296950 -0.02714000
v -0.01901500 0.06470450 0.00142300
v -0.01900900 0.01339050 -0.02510600
v -0.01897600 0.03546150 -0.02627000
v -0.01896400 0.06958250 0.01463500
v -0.01895800 -0.03826250 -0.02739900
v -0.01894300 -0.07838650 0.02476900
v -0.01894300 -0.03255950 -0.02620000
v -0.01894000 0.06674250 0.00849500
v -0.01892600 0.01921150 -0.02545300
v -0.01892000 -0.07043950 0.02042300
v -0.01888400 -0.06597351 0.00498900
v -0.01888200 -0.01315750 -0.02521500
v -0.01887600 -0.04365450 -0.02392800
v -0.01883400 -0.06851550 0.01162300
v -0.01880700 -0.07438150 0.02713400
v -0.01880600 0.06232850 -0.00333100
v -0.01876600 0.00866550 -0.02599800
v -0.01873600 0.06491150 0.00389600
v -0.01872800 0.04108850 -0.02567500
v -0.01870900 -0.04722150 -0.01946700
v -0.01869200 0.04583850 -0.02225100
v -0.01868300 0.06025850 -0.00484700
v -0.01868300 0.06025850 -0.00484700
v -0.01867100 -0.05739150 -0.01009100
v -0.01861400 0.00052450 -0.02600200
v -0.01861200 -0.06774750 0.00914200
v -0.01859600 -0.04097050 -0.02663800
v -0.01859300 -0.02548950 -0.02669100
v -0.01853500 -0.01556350 -0.02551100
v -0.01853300 -0.07348450 0.02564000
v -0.01851600 0.05831350 -0.00984300
v -0.01850200 0.06304150 0.00020800
v -0.01848100 -0.06662349 0.00943500
v -0.01848000 -0.06941150 0.02055600
v -0.01846300 0.07071350 0.02046600
v -0.01846100 -0.03930850 -0.02630500
v -0.01842400 0.01010850 -0.02513000
v -0.01837900 -0.05629550 -0.01011400
v -0.01836700 -0.06735050 0.01115500
v -0.01836700 -0.06735050 0.01115500
v -0.01834300 0.02056550 -0.02634100
v -0.01833100 0.07603750 0.02287400
v -0.01830100 0.07312750 0.02493500
v -0.01829400 0.06171350 -0.00264600
v -0.01828700 0.05837650 -0.00809300
v -0.01825100 -0.00431250 -0.02500400
v -0.01824600 -0.05937550 -0.00561300
v -0.01822200 -0.06067150 -0.00544700
v -0.01821800 0.00386450 -0.02499200
v -0.01817000 0.07298449 0.02379900
v -0.01816100 -0.01209750 -0.02620600
v -0.01815000 0.06703350 0.00590900
v -0.01814300 -0.06739949 0.01287800
v -0.01814300 -0.06739949 0.01287800
v -0.01809000 0.00666550 -0.02492200
v -0.01808900 -0.01719650 -0.02634700
v -0.01802700 0.02448250 -0.02641200
v -0.01797600 -0.03080950 -0.02607300
v -0.01795800 0.04355450 -0.02335900
v -0.01795700 -0.06517750 0.00522800
v -0.01794700 -0.05892150 -0.00836500
v -0.01794500 -0.06447850 0.00118700
v -0.01794000 -0.05203550 -0.01651900
v -0.01790500 0.03871950 -0.02656300
v -0.01787800 -0.06300350 -0.00155100
v -0.01786700 0.03957950 -0.02733400
v -0.01786100 0.06979550 0.01980700
v -0.01783500 -0.01044150 -0.02528800
v -0.01774300 -0.05147450 -0.01589500
v -0.01763000 0.06431450 0.00217900
v -0.01760300 -0.02846550 -0.02678800
v -0.01760000 0.05327250 -0.01619300
v -0.01759500 -0.05426850 -0.01288400
v -0.01759300 -0.07181849 0.02564000
v -0.01758900 0.06655651 0.00668300
v -0.01756400 -0.06979451 0.01543700
v -0.01755900 0.05934750 -0.00677700
v -0.01755900 0.05934750 -0.00677700
v -0.01753300 0.06905850 0.01124800
v -0.01752400 0.04783350 -0.01993000
v -0.01752100 0.07041150 0.01686700
v -0.01746500 0.00423750 -0.02600700
v -0.01745900 0.07520550 0.02584400
v -0.01742100 -0.07010450 0.02307900
v -0.01739600 0.04782950 -0.02110700
v -0.01734900 0.01764550 -0.02529000
v -0.01730600 0.05464450 -0.01303500
v -0.01730500 0.06057150 -0.00520400
v -0.01730500 0.06057150 -0.00520400
v -0.01730300 0.02803950 -0.02658100
v -0.01729700 -0.01905850 -0.02530900
v -0.01729500 -0.03681250 -0.02643600
v -0.01727500 -0.02489250 -0.02562300
v -0.01725700 0.02087550 -0.02532400
v -0.01725300 -0.04565350 -0.02147000
v -0.01724200 -0.04606450 -0.02212600
v -0.01724100 0.01462950 -0.02610800
v -0.01721700 0.06950750 0.01739900
v -0.01717900 0.05692650 -0.01058100
v -0.01717100 0.02719950 -0.02572500
v -0.01713800 -0.07071350 0.01881100
v -0.01713500 -0.02162450 -0.02645300
v -0.01713100 -0.07755150 0.02386800
v -0.01709600 -0.00196350 -0.02522600
v -0.01709300 0.02399150 -0.02549400
v -0.01703200 0.03235550 -0.02594700
v -0.01703000 -0.07103750 0.02176700
v -0.01697500 -0.04972050 -0.01779100
v -0.01695400 0.06847850 0.01199200
v -0.01694700 -0.02244050 -0.02560100
v -0.01692000 0.06898150 0.01409300
v -0.01691100 -0.03645950 -0.02734300
v -0.01690800 0.04458350 -0.02413500
v -0.01689800 -0.06398550 0.00202900
v -0.01689400 -0.05408350 -0.01477400
v -0.01688900 0.03527250 -0.02610300
v -0.01687500 -0.00853150 -0.02613200
v -0.01682600 0.00179250 -0.02603200
v -0.01682200 0.07755250 0.02555400
v -0.01681400 0.06642650 0.00379700
v -0.01680800 0.03203150 -0.02675500
v -0.01680400 0.05021950 -0.01811600
v -0.01680200 -0.06132750 -0.00356900
v -0.01672000 -0.06954550 0.01962900
v -0.01666000 -0.06728350 0.01024100
v -0.01666000 -0.06728350 0.01024100
v -0.01659200 -0.00550850 -0.02611100
v -0.01654900 0.04634650 -0.02145700
v -0.01654100 -0.06821250 0.01747300
v -0.01652100 0.06415350 -0.00104200
v -0.01650400 -0.06948651 0.01295400
v -0.01649000 -0.00653050 -0.02518300
v -0.01648600 0.05986050 -0.00649300
v -0.01648600 0.05986050 -0.00649300
v -0.01647900 0.00648250 -0.02600300
v -0.01645400 -0.05591550 -0.01150100
v -0.01643900 -0.04929450 -0.01966700
v -0.01641900 0.06830250 0.00784100
v -0.01640500 0.06336250 -0.00048500
v -0.01639900 -0.06682050 0.00880800
v -0.01639900 -0.06682050 0.00880800
v -0.01639900 0.05196250 -0.01639800
v -0.01637800 0.04260650 -0.02514100
v -0.01635100 -0.06263850 -0.00094100
v -0.01632000 -0.07725750 0.02720800
v -0.01631700 0.05104250 -0.01856600
v -0.01631600 -0.05897250 -0.00729200
v -0.01631400 0.05873450 -0.00849000
v -0.01627000 -0.06612249 0.00386700
v -0.01626700 0.01506750 -0.02517400
v -0.01624500 0.07851550 0.02382400
v -0.01619300 0.07238951 0.02406000
v -0.01618300 -0.06742350 0.00671900
v -0.01615500 -0.03127850 -0.02685000
v -0.01613800 0.02971850 -0.02577600
v -0.01613200 -0.03381050 -0.02710900
v -0.01613000 -0.05811550 -0.01016400
v -0.01608100 0.07007850 0.01380200
v -0.01608100 0.07144950 0.02120400
v -0.01607200 -0.02534650 -0.02659900
v -0.01605900 -0.04174750 -0.02686700
v -0.01604000 -0.06786650 0.01257300
v -0.01602900 -0.00295350 -0.02605600
v -0.01602900 0.06152450 -0.00594600
v -0.01601100 -0.07544650 0.02551300
v -0.01599300 0.05575050 -0.01386200
v -0.01597700 -0.07195950 0.02354900
v -0.01597600 0.00999450 -0.02511500
v -0.01597300 -0.03374950 -0.02618500
v -0.01597100 -0.01410450 -0.02624600
v -0.01590600 0.04019150 -0.02643000
v -0.01590400 -0.03031150 -0.02588700
v -0.01588200 -0.06878050 0.01005800
v -0.01587600 -0.04143450 -0.02600900
v -0.01586100 0.05944650 -0.00724200
v -0.01586100 0.05944650 -0.00724200
v -0.01579200 0.07108950 0.02218800
v -0.01577100 -0.05587450 -0.01298800
v -0.01573300 -0.07491850 0.02710500
v -0.01569700 0.06206950 -0.00312600
v -0.01568100 0.06773850 0.00882300
v -0.01567300 0.06564250 0.00140000
v -0.01567000 -0.01306150 -0.02512500
v -0.01565000 -0.04817150 -0.01949900
v -0.01564700 0.07042750 0.01970200
v -0.01564100 0.04620350 -0.02289700
v -0.01560900 0.04319550 -0.02615500
v -0.01560700 0.03720150 -0.02710300
v -0.01560300 -0.05301750 -0.01511300
v -0.01557500 -0.01064950 -0.02534300
v -0.01556900 0.01287650 -0.02511500
v -0.01556400 -0.06648650 0.00685200
v -0.01556400 -0.06648650 0.00685200
v -0.01552600 0.07734150 0.02236000
v -0.01547900 0.05903650 -0.00987800
v -0.01547500 0.06629850 0.00500300
v -0.01544000 -0.07103150 0.02401600
v -0.01541800 0.06045550 -0.00795200
v -0.01540700 -0.04404050 -0.02375700
v -0.01540400 -0.04462150 -0.02456800
v -0.01538000 -0.06846850 0.01573200
v -0.01534300 -0.07920850 0.02541600
v -0.01532800 -0.06549650 0.00461300
v -0.01528000 0.04026850 -0.02736100
v -0.01527000 -0.06293850 -0.00292900
v -0.01526600 -0.02851450 -0.02672400
v -0.01525700 -0.07078650 0.01737400
v -0.01524700 0.07427150 0.02400500
v -0.01524300 0.05387550 -0.01489200
v -0.01523500 -0.02804150 -0.02576800
v -0.01521300 0.01038550 -0.02602300
v -0.01519600 0.02056850 -0.02627700
v -0.01513500 0.05885150 -0.00876500
v -0.01513500 0.05885150 -0.00876500
v -0.01513500 0.05885150 -0.00876500
v -0.01512800 -0.06119850 -0.00590900
v -0.01511300 0.05373350 -0.01634000
v -0.01509700 0.04474650 -0.02354900
v -0.01509300 0.01665450 -0.02618400
v -0.01503900 0.06345950 -0.00318900
v -0.01503000 -0.00067650 -0.02503700
v -0.01501100 -0.00066750 -0.02599200
v -0.01500700 0.05683350 -0.01113800
v -0.01494400 -0.07282250 0.02595200
v -0.01493700 -0.06712350 0.00879800
v -0.01493700 -0.06712350 0.00879800
v -0.01493100 -0.03820450 -0.02665900
v -0.01489400 -0.06111050 -0.00481000
v -0.01486900 0.06073350 -0.00586500
v -0.01485800 -0.04627850 -0.02157500
v -0.01484500 -0.01623850 -0.02537400
v -0.01483600 -0.02213750 -0.02644800
v -0.01482500 0.02169550 -0.02557700
v -0.01481000 -0.05244550 -0.01699500
v -0.01480600 -0.00861850 -0.02490700
v -0.01477200 0.00210350 -0.02522000
v -0.01475300 0.07099650 0.01665300
v -0.01472800 0.00742250 -0.02505200
v -0.01471900 0.03709050 -0.02620200
v -0.01471100 0.05787850 -0.01179200
v -0.01468800 -0.01654850 -0.02622000
v -0.01467300 0.00459550 -0.02487400
v -0.01467200 0.02348250 -0.02642700
v -0.01465800 -0.05081650 -0.01768900
v -0.01460700 0.07004850 0.01638700
v -0.01458200 -0.06998751 0.01887300
v -0.01457400 -0.00385750 -0.02497000
v -0.01457200 0.02672550 -0.02572600
v -0.01454800 0.01860850 -0.02540300
v -0.01452000 0.06512050 0.00197800
v -0.01448100 0.03415250 -0.02684000
v -0.01445400 -0.03731550 -0.02738500
v -0.01441200 0.03198750 -0.02580600
v -0.01438800 -0.06350750 -0.00073400
v -0.01435700 -0.05767550 -0.00974300
v -0.01434800 -0.07452749 0.02545300
v -0.01434100 0.06794650 0.00562600
v -0.01433200 -0.01934450 -0.02637700
v -0.01431900 -0.04716750 -0.02213600
v -0.01431500 -0.02131650 -0.02527700
v -0.01422100 -0.05491150 -0.01322600
v -0.01415200 0.06971350 0.01064300
v -0.01412500 -0.06610250 0.00267300
v -0.01410300 0.06340050 -0.00116400
v -0.01406400 -0.04966650 -0.01976100
v -0.01401300 -0.01187750 -0.02616400
v -0.01400900 0.02777550 -0.02659200
v -0.01399700 0.04547350 -0.02427000
v -0.01394600 -0.06624950 0.00572300
v -0.01394600 -0.06624950 0.00572300
v -0.01392600 -0.02631350 -0.02563200
v -0.01390800 0.01377450 -0.02611200
v -0.01390300 0.05849550 -0.00965200
v -0.01390300 0.05849550 -0.00965200
v -0.01390300 0.07664650 0.02588000
v -0.01388200 0.05036350 -0.01870800
v -0.01385500 -0.03552750 -0.02630000
v -0.01385200 -0.00957250 -0.02612500
v -0.01385100 -0.06481849 -0.00010400
v -0.01384500 0.05758150 -0.01079800
v -0.01384500 0.05758150 -0.01079800
v -0.01380000 -0.05970150 -0.00701500
v -0.01377900 -0.06222050 -0.00279600
v -0.01376500 -0.07798650 0.02397000
v -0.01374400 0.02398550 -0.02545400
v -0.01373600 0.04738550 -0.02133000
v -0.01371500 -0.06858150 0.01161200
v -0.01370200 0.07900750 0.02452900
v -0.01367800 0.06765451 0.00733400
v -0.01366000 0.07079150 0.02023300
v -0.01364600 -0.07068550 0.02204500
v -0.01362500 -0.01947250 -0.02539500
v -0.01361500 0.06954550 0.01411400
v -0.01360700 0.05082550 -0.01954900
v -0.01360500 -0.05737950 -0.01197200
v -0.01358700 -0.06025650 -0.00799700
v -0.01357100 0.06896450 0.01151800
v -0.01352700 0.05560350 -0.01339100
v -0.01349100 -0.03257550 -0.02693900
v -0.01345900 -0.06727150 0.00510600
v -0.01344300 0.04879350 -0.02141400
v -0.01344100 0.00737850 -0.02599600
v -0.01340000 0.07716150 0.02280400
v -0.01338200 0.03400450 -0.02591400
v -0.01336600 -0.07497650 0.02693900
v -0.01336600 -0.02422550 -0.02553000
v -0.01336600 0.00211450 -0.02595500
v -0.01334600 -0.04320050 -0.02652100
v -0.01332700 0.02848050 -0.02570500
v -0.01330500 0.04242450 -0.02610100
v -0.01328800 -0.02507850 -0.02653700
v -0.01326000 -0.04785250 -0.02065300
v -0.01323500 0.06000850 -0.00755000
v -0.01323200 0.07242949 0.02188000
v -0.01318900 0.07402550 0.02479200
v -0.01314400 -0.04093250 -0.02645000
v -0.01312500 -0.06993650 0.01203800
v -0.01311900 -0.06238850 -0.00478700
v -0.01310800 -0.07914650 0.02640600
v -0.01310600 0.05964450 -0.00992800
v -0.01308900 0.03081650 -0.02589000
v -0.01305200 0.06213550 -0.00459000
v -0.01302900 -0.05662750 -0.01150700
v -0.01302700 -0.05521350 -0.01447200
v -0.01302500 0.05423650 -0.01503400
v -0.01301900 -0.06872451 0.00824300
v -0.01300700 -0.07071650 0.01485900
v -0.01300100 -0.03337150 -0.02607300
v -0.01299900 -0.07155350 0.01888600
v -0.01296500 -0.06598850 0.00451000
v -0.01296500 -0.06598850 0.00451000
v -0.01294800 -0.06926250 0.01471500
v -0.01294700 -0.02999950 -0.02568500
v -0.01293300 0.05284150 -0.01671200
v -0.01290200 -0.01120650 -0.02517600
v -0.01290200 0.01145650 -0.02509100
v -0.01289800 -0.06412150 0.00047600
v -0.01288600 0.04396750 -0.02505000
v -0.01287500 0.00441350 -0.02601400
v -0.01286500 -0.06921850 0.01728100
v -0.01285200 0.05724150 -0.01161300
v -0.01285200 0.05724150 -0.01161300
v -0.01284400 -0.00584050 -0.02504100
v -0.01280200 0.07399850 0.02374100
v -0.01275200 -0.04010850 -0.02741800
v -0.01268600 0.04319850 -0.02676300
v -0.01265500 -0.02865950 -0.02671500
v -0.01265000 0.06292250 -0.00499300
v -0.01264600 -0.00773250 -0.02609500
v -0.01264200 -0.07226050 0.02241100
v -0.01261000 0.05291150 -0.01797300
v -0.01260700 0.00875250 -0.02510500
v -0.01258700 -0.07185450 0.02424300
v -0.01258600 -0.06732650 0.00756700
v -0.01255800 0.01433250 -0.02534000
v -0.01254400 -0.06532950 0.00286200
v -0.01254400 -0.06532950 0.00286200
v -0.01254300 0.04071550 -0.02645600
v -0.01251300 0.01835750 -0.02621000
v -0.01249100 -0.05857050 -0.01061000
v -0.01247600 -0.04944350 -0.01950000
v -0.01247300 0.06639550 0.00161300
v -0.01246700 -0.05175950 -0.01713500
v -0.01245100 0.07067150 0.01306600
v -0.01241700 0.07195650 0.02270300
v -0.01241500 -0.04329850 -0.02515500
v -0.01237000 -0.00168950 -0.02600600
v -0.01235700 0.03174850 -0.02670000
v -0.01234700 0.03575450 -0.02606000
v -0.01227500 0.00076950 -0.02491300
v -0.01225800 -0.07588850 0.02563300
v -0.01222600 -0.00175150 -0.02513300
v -0.01219600 0.01706550 -0.02519600
v -0.01216600 -0.06127850 -0.00525500
v -0.01215400 0.05656850 -0.01255600
v -0.01215400 0.05656850 -0.01255600
v -0.01213800 -0.05350750 -0.01534800
v -0.01210800 0.03597450 -0.02690300
v -0.01210500 -0.01786950 -0.02628000
v -0.01208400 -0.05066950 -0.01939100
v -0.01208100 -0.01399750 -0.02531100
v -0.01207500 0.04579450 -0.02321400
v -0.01207100 -0.04566450 -0.02307800
v -0.01196100 0.06861050 0.00893700
v -0.01191000 0.06525350 0.00101900
v -0.01190800 0.06819450 0.00531800
v -0.01187000 0.04055150 -0.02735000
v -0.01183700 -0.03794250 -0.02633200
v -0.01183500 0.02516250 -0.02550200
v -0.01182200 -0.02214250 -0.02545500
v -0.01182000 0.02099750 -0.02555500
v -0.01181700 -0.07057051 0.01884800
v -0.01179800 0.01542750 -0.02620100
v -0.01178700 0.02438650 -0.02644600
v -0.01168800 -0.05336950 -0.01698300
v -0.01168300 -0.05910150 -0.00890100
v -0.01165900 0.00681250 -0.02500500
v -0.01161400 0.04978650 -0.01973000
v -0.01158900 0.05493550 -0.01611300
v -0.01157300 0.05985950 -0.00820500
v -0.01155700 -0.04596350 -0.02409300
v -0.01153700 0.07199050 0.01940800
v -0.01152700 -0.02186350 -0.02637000
v -0.01152600 -0.03679450 -0.02718100
v -0.01152600 0.02174250 -0.02640500
v -0.01149900 -0.00554950 -0.02605800
v -0.01149800 0.06514950 -0.00121600
v -0.01148200 -0.07366050 0.02611300
v -0.01147900 0.06665650 0.00389800
v -0.01145700 -0.01589350 -0.02516900
v -0.01142500 0.05574450 -0.01366800
v -0.01142500 0.05574450 -0.01366800
v -0.01141800 0.05669850 -0.01407700
v -0.01141800 0.05814750 -0.01095900
v -0.01140500 0.07107650 0.01910200
v -0.01136600 0.00435950 -0.02507300
v -0.01135000 -0.05507850 -0.01388400
v -0.01134800 0.04705050 -0.02330000
v -0.01133000 0.06961650 0.01190900
v -0.01131900 0.07893550 0.02245400
v -0.01131700 -0.00771750 -0.02508500
v -0.01130400 -0.06505650 0.00166700
v -0.01130400 -0.06505650 0.00166700
v -0.01128500 0.06368750 -0.00218900
v -0.01126300 -0.06238750 -0.00338800
v -0.01123000 0.07861750 0.02544500
v -0.01122000 -0.00411350 -0.02511500
v -0.01121300 -0.07710250 0.02738700
v -0.01119900 -0.02766250 -0.02562600
v -0.01119300 -0.06398250 -0.00262600
v -0.01118700 -0.06449450 0.00022100
v -0.01118700 -0.06449450 0.00022100
v -0.01116600 -0.02656450 -0.02653900
v -0.01114900 0.04797550 -0.02172700
v -0.01114600 0.06959650 0.00868500
v -0.01114300 -0.04823950 -0.02185800
v -0.01108600 0.03809050 -0.02615500
v -0.01098700 0.02819450 -0.02571300
v -0.01097600 -0.03309150 -0.02688900
v -0.01095900 -0.06917350 0.01293500
v -0.01095800 -0.07996950 0.02519900
v -0.01093100 -0.06820749 0.00997600
v -0.01093000 0.01185650 -0.02522800
v -0.01091800 0.04501250 -0.02560100
v -0.01091400 -0.05602150 -0.01428500
v -0.01090700 -0.06678950 0.00570100
v -0.01090700 0.07577851 0.02414500
v -0.01087600 0.00829950 -0.02605700
v -0.01085400 0.03074750 -0.02563500
v -0.01084500 0.01120850 -0.02610600
v -0.01081600 -0.03262550 -0.02591500
v -0.01079300 -0.06019350 -0.00893300
v -0.01079100 -0.04110950 -0.02658100
v -0.01078700 -0.06623650 0.00179700
v -0.01078400 -0.06029450 -0.00720300
v -0.01077900 0.06083150 -0.00889200
v -0.01072500 -0.05706650 -0.01178200
v -0.01072400 0.07091050 0.01679400
v -0.01071400 -0.04393950 -0.02660800
v -0.01064800 0.06153350 -0.00606800
v -0.01057900 -0.07816350 0.02410000
v -0.01054400 0.07026450 0.01428400
v -0.01053400 -0.06918650 0.00825300
v -0.01053300 0.05411650 -0.01591700
v -0.01050000 0.05222950 -0.01766200
v -0.01049300 -0.01019250 -0.02607500
v -0.01048300 -0.06380450 -0.00130400
v -0.01048300 -0.06380450 -0.00130400
v -0.01044700 0.07139450 0.01499400
v -0.01041700 -0.07098250 0.02079700
v -0.01037100 0.05552350 -0.01432800
v -0.01037100 0.05552350 -0.01432800
v -0.01035600 -0.07323650 0.02394500
v -0.01035100 0.00032650 -0.02601700
v -0.01030600 0.07354750 0.02410400
v -0.01025700 -0.01375550 -0.02617000
v -0.01024800 0.06786350 0.00595000
v -0.01023100 -0.01049650 -0.02515000
v -0.01022400 0.03477350 -0.02592000
v -0.01021600 -0.04796550 -0.02100500
v -0.01017300 0.04300550 -0.02644300
v -0.01015500 0.04536750 -0.02441500
v -0.01014700 -0.05819750 -0.01020900
v -0.01013500 0.01357750 -0.02616200
v -0.01010400 0.05702450 -0.01235200
v -0.01004300 -0.03617850 -0.02622300
v -0.01003700 -0.02405750 -0.02642200
v -0.00995800 0.07314750 0.02235100
v -0.00991600 0.06247850 -0.00436200
v -0.00991300 0.05980150 -0.00897900
v -0.00990400 -0.04079950 -0.02742700
v -0.00989600 0.04979250 -0.02118100
v -0.00987600 -0.02981050 -0.02672700
v -0.00987500 -0.07167150 0.02271200
v -0.00983300 -0.01778750 -0.02522600
v -0.00982900 -0.02308650 -0.02550900
v -0.00981800 0.05859450 -0.01209500
v -0.00981200 -0.07606450 0.02553500
v -0.00980300 0.02920250 -0.02657600
v -0.00978000 -0.02010750 -0.02549900
v -0.00977100 0.06422850 -0.00354000
v -0.00974700 -0.06149150 -0.00728500
v -0.00974700 0.02037050 -0.02633400
v -0.00974500 0.07050450 0.01084000
v -0.00973400 0.07595550 0.02551800
v -0.00967300 -0.06152350 -0.00565900
v -0.00965100 -0.05807350 -0.01199400
v -0.00965000 0.03261850 -0.02670300
v -0.00964900 -0.03041850 -0.02580300
v -0.00963600 0.06521850 0.00023600
v -0.00962000 -0.06291650 -0.00494400
v -0.00961500 0.02294750 -0.02548600
v -0.00960700 0.05038550 -0.01964400
v -0.00960400 0.02666450 -0.02650800
v -0.00960300 0.03687250 -0.02692400
v -0.00958400 -0.02579750 -0.02550500
v -0.00955300 0.02103850 -0.02545300
v -0.00953500 0.00123350 -0.02508800
v -0.00951800 -0.05230750 -0.01740000
v -0.00951200 -0.07164750 0.01678800
v -0.00950600 0.04011450 -0.02649200
v -0.00950400 -0.06998250 0.01034300
v -0.00945400 0.05468850 -0.01558700
v -0.00945400 0.05468850 -0.01558700
v -0.00945000 -0.06330150 -0.00247700
v -0.00945000 -0.06330150 -0.00247700
v -0.00944800 0.00535450 -0.02605000
v -0.00943600 0.06749850 0.00289800
v -0.00941900 -0.05025650 -0.01917300
v -0.00938400 0.07180550 0.02119800
v -0.00936900 0.01052050 -0.02507200
v -0.00936000 0.04251050 -0.02739300
v -0.00933600 -0.06834850 0.00583000
v -0.00931900 -0.07088050 0.01320000
v -0.00931400 -0.04479950 -0.02455800
v -0.00929500 -0.05270550 -0.01797000
v -0.00929200 -0.01719550 -0.02620200
v -0.00929000 -0.07074950 0.01771300
v -0.00928700 -0.00316850 -0.02600800
v -0.00922800 0.05154550 -0.01977300
v -0.00915000 0.04652750 -0.02325500
v -0.00912600 -0.03737550 -0.02719300
v -0.00911400 -0.07231650 0.02007200
v -0.00908200 0.06959150 0.01077500
v -0.00907200 0.06377250 -0.00251000
v -0.00905600 0.00241450 -0.02598400
v -0.00905600 0.01906850 -0.02538400
v -0.00897000 -0.06782850 0.00740900
v -0.00893700 -0.06614050 0.00362500
v -0.00891000 0.04843650 -0.02166600
v -0.00882500 -0.06260650 -0.00354100
v -0.00882500 -0.06260650 -0.00354100
v -0.00881500 0.06243950 -0.00684100
v -0.00881200 -0.00273450 -0.02497700
v -0.00880200 0.06620549 0.00011600
v -0.00879200 0.06864650 0.00766000
v -0.00876400 -0.04541050 -0.02535100
v -0.00876200 0.01738450 -0.02622100
v -0.00875400 -0.02086050 -0.02631300
v -0.00874400 -0.03968950 -0.02643000
v -0.00874200 -0.04732550 -0.02327500
v -0.00873400 0.07240250 0.01930900
v -0.00872500 -0.07329050 0.02547400
v -0.00871000 0.02609350 -0.02564700
v -0.00865100 0.04703550 -0.02387500
v -0.00859600 -0.06935550 0.01267600
v -0.00858900 0.01753350 -0.02539800
v -0.00857200 0.06881050 0.00547400
v -0.00853800 0.01493350 -0.02527200
v -0.00853200 0.03053650 -0.02577700
v -0.00851900 0.00465050 -0.02501900
v -0.00851300 -0.07830050 0.02734700
v -0.00848100 -0.05941950 -0.00877400
v -0.00847000 0.05367150 -0.01651300
v -0.00847000 0.05367150 -0.01651300
v -0.00846100 0.00860850 -0.02606000
v -0.00845400 -0.03422950 -0.02695100
v -0.00838400 -0.06526050 -0.00087700
v -0.00836300 -0.02635950 -0.02652600
v -0.00833100 0.07996650 0.02386500
v -0.00832700 -0.05422750 -0.01559400
v -0.00832400 0.05431150 -0.01601100
v -0.00832400 0.05431150 -0.01601100
v -0.00831400 -0.00560450 -0.02494200
v -0.00830900 0.07832550 0.02245400
v -0.00830200 -0.06716950 0.00296900
v -0.00828800 0.05349950 -0.01811300
v -0.00828100 0.05558850 -0.01585600
v -0.00819500 0.04328950 -0.02628200
v -0.00819100 0.06651451 0.00262600
v -0.00818500 -0.02882250 -0.02569800
v -0.00816900 0.07548550 0.02417000
v -0.00814200 0.05600250 -0.01410700
v -0.00814000 0.00730750 -0.02518500
v -0.00812300 -0.04978950 -0.02083700
v -0.00811100 0.05871850 -0.01071500
v -0.00808800 0.02397750 -0.02642100
v -0.00808300 -0.07578450 0.02686200
v -0.00804700 -0.04837650 -0.02131200
v -0.00803100 0.07073350 0.01472900
v -0.00799000 -0.06053050 -0.00725100
v -0.00796000 0.07117450 0.01784000
v -0.00794700 0.06028250 -0.00852500
v -0.00793900 0.05146450 -0.01883700
v -0.00788700 -0.06442650 -0.00100200
v -0.00788400 -0.04686450 -0.02261300
v -0.00787100 0.03382250 -0.02606300
v -0.00784900 -0.01371650 -0.02514200
v -0.00782100 -0.05569150 -0.01368500
v -0.00781000 -0.05714550 -0.01208100
v -0.00779100 0.04460650 -0.02673800
v -0.00774400 -0.03567750 -0.02607700
v -0.00770100 0.02805650 -0.02555400
v -0.00769900 -0.06203750 -0.00473500
v -0.00769900 -0.06203750 -0.00473500
v -0.00769800 0.02396050 -0.02547700
v -0.00769500 0.06279450 -0.00433300
v -0.00765900 0.05321250 -0.01739400
v -0.00765900 0.05321250 -0.01739400
v -0.00764400 -0.01166450 -0.02511200
v -0.00764100 -0.08055650 0.02488100
v -0.00764100 0.06496250 -0.00255200
v -0.00762800 0.07185949 0.01563900
v -0.00762700 -0.06536450 0.00106300
v -0.00762200 0.07790050 0.02577500
v -0.00756200 -0.00835250 -0.02500400
v -0.00754700 -0.04245850 -0.02625200
v -0.00753600 -0.00755050 -0.02609300
v -0.00752100 -0.05166450 -0.01929400
v -0.00751600 0.06520250 0.00000600
v -0.00751500 0.03952650 -0.02714000
v -0.00751300 -0.07329850 0.02326500
v -0.00750300 -0.02497350 -0.02555000
v -0.00747900 -0.06846949 0.00952100
v -0.00741900 -0.01570550 -0.02528200
v -0.00740700 -0.01128450 -0.02610600
v -0.00734900 0.03631750 -0.02596200
v -0.00733700 -0.07023750 0.01556500
v -0.00733400 -0.07182650 0.02240300
v -0.00733000 -0.05710450 -0.01378400
v -0.00732300 0.00064150 -0.02495100
v -0.00731600 0.06163450 -0.00658900
v -0.00731500 -0.07578850 0.02549900
v -0.00731000 -0.04406750 -0.02682100
v -0.00727400 0.06794450 0.00556000
v -0.00727300 0.06968150 0.00741700
v -0.00726300 -0.06935950 0.00754900
v -0.00723700 -0.01903550 -0.02538900
v -0.00723400 0.04074250 -0.02651800
v -0.00721500 0.06903550 0.00895700
v -0.00720900 0.01242850 -0.02612300
v -0.00712200 0.07302050 0.02309700
v -0.00708300 -0.02966350 -0.02670200
v -0.00706400 0.04820350 -0.02220100
v -0.00705100 0.03277750 -0.02671000
v -0.00697400 0.06384950 -0.00504400
v -0.00695800 -0.07899250 0.02389300
v -0.00692200 -0.06078850 -0.00880800
v -0.00689200 -0.04444050 -0.02559700
v -0.00687100 -0.02171050 -0.02539800
v -0.00685600 -0.05884550 -0.00996300
v -0.00685200 0.03231250 -0.02565900
v -0.00683500 -0.06068750 -0.00646400
v -0.00683500 -0.06068750 -0.00646400
v -0.00683100 0.02136950 -0.02635400
v -0.00682500 -0.06435750 -0.00307900
v -0.00681400 -0.03870050 -0.02727900
v -0.00679200 -0.02373850 -0.02644700
v -0.00677300 -0.05527850 -0.01572800
v -0.00675400 -0.05017150 -0.01953200
v -0.00675100 0.03569750 -0.02684100
v -0.00672900 0.07159951 0.01989200
v -0.00670600 0.03841750 -0.02625600
v -0.00667000 0.01038650 -0.02517900
v -0.00662600 -0.06039150 -0.00733700
v -0.00662600 -0.06039150 -0.00733700
v -0.00661900 -0.06154750 -0.00550700
v -0.00661900 -0.06154750 -0.00550700
v -0.00661000 0.07244850 0.01855100
v -0.00659500 0.05041650 -0.02001700
v -0.00658600 0.04238650 -0.02737500
v -0.00658400 0.04547650 -0.02473500
v -0.00657900 0.00550150 -0.02603500
v -0.00654000 -0.01588850 -0.02617900
v -0.00653700 -0.03135250 -0.02579100
v -0.00653700 -0.01901650 -0.02625100
v -0.00653600 0.05783750 -0.01221600
v -0.00650100 -0.06284250 -0.00560200
v -0.00647200 -0.05876250 -0.01170400
v -0.00644900 0.06729650 0.00181000
v -0.00640900 0.07092649 0.01101600
v -0.00639800 -0.07099150 0.01824400
v -0.00639400 -0.06906050 0.01178700
v -0.00635500 -0.04830850 -0.02265400
v -0.00635000 0.05163950 -0.02016700
v -0.00633300 -0.06334450 -0.00309700
v -0.00632900 0.03000050 -0.02663400
v -0.00632100 0.00381750 -0.02500600
v -0.00630100 0.07562350 0.02403100
v -0.00628700 -0.05196650 -0.01795700
v -0.00624900 0.05948550 -0.01156500
v -0.00623800 0.06400450 -0.00280800
v -0.00620800 -0.01350450 -0.02616200
v -0.00616800 0.00271850 -0.02600100
v -0.00615000 -0.07180550 0.01589300
v -0.00614100 0.02148150 -0.02540800
v -0.00614000 -0.06668350 0.00395900
v -0.00610400 -0.03347650 -0.02593800
v -0.00606300 0.07311750 0.02144900
v -0.00604600 -0.02882150 -0.02568000
v -0.00603100 0.07012551 0.01156100
v -0.00598700 0.07510350 0.02476300
v -0.00598600 -0.04651650 -0.02456900
v -0.00597600 0.02676650 -0.02652300
v -0.00596900 -0.03885050 -0.02641000
v -0.00596500 -0.00368950 -0.02488700
v -0.00591700 0.05393350 -0.01678700
v -0.00589500 0.01367150 -0.02515600
v -0.00587700 0.06115950 -0.00950400
v -0.00587100 0.05568850 -0.01495700
v -0.00586500 -0.04194950 -0.02736000
v -0.00584600 0.01669050 -0.02624900
v -0.00583800 0.04339750 -0.02655700
v -0.00582100 0.05263950 -0.01799400
v -0.00582100 0.05263950 -0.01799400
v -0.00579800 0.03018950 -0.02591300
v -0.00579400 0.00766250 -0.02512800
v -0.00577400 0.06073150 -0.00836900
v -0.00572800 -0.06803350 0.00426100
v -0.00572400 0.04873750 -0.02285500
v -0.00572200 0.04635150 -0.02516500
v -0.00569600 -0.07860650 0.02723400
v -0.00568900 0.06736150 0.00391700
v -0.00567600 0.05166950 -0.01907100
v -0.00567600 0.05166950 -0.01907100
v -0.00563600 0.00891650 -0.02613000
v -0.00561700 -0.05402550 -0.01728900
v -0.00561500 -0.00379250 -0.02605300
v -0.00560200 -0.05628750 -0.01366700
v -0.00559100 -0.06792550 0.00697300
v -0.00552300 0.06229250 -0.00566500
v -0.00548200 -0.06039250 -0.00765500
v -0.00548200 -0.06039250 -0.00765500
v -0.00548000 -0.07010350 0.00936100
v -0.00546900 0.01725950 -0.02532900
v -0.00541500 0.08027150 0.02421500
v -0.00540400 -0.07297251 0.02508800
v -0.00540200 0.05729450 -0.01433600
v -0.00532100 0.06592250 -0.00134400
v -0.00526500 -0.03210550 -0.02670700
v -0.00523800 -0.06000850 -0.01042200
v -0.00521300 -0.03535350 -0.02700500
v -0.00517300 -0.07431450 0.02443500
v -0.00517300 -0.00062350 -0.02592600
v -0.00517000 -0.07271350 0.02001500
v -0.00516400 0.06531050 -0.00065900
v -0.00514600 0.06891850 0.00735000
v -0.00512600 -0.00698050 -0.02607600
v -0.00512500 -0.02699950 -0.02656000
v -0.00512000 -0.07088250 0.01161200
v -0.00511700 -0.01699450 -0.02524600
v -0.00505300 0.07116350 0.01555500
v -0.00502100 -0.03595950 -0.02610200
v -0.00497600 -0.05429650 -0.01599900
v -0.00495100 -0.07280350 0.02217100
v -0.00494400 0.06301550 -0.00655000
v -0.00492500 0.03538350 -0.02598700
v -0.00489800 0.06876150 0.00461800
v -0.00488400 -0.06652450 0.00087700
v -0.00487900 -0.00643950 -0.02507600
v -0.00485600 -0.04630250 -0.02394300
v -0.00485200 -0.02680650 -0.02549600
v -0.00482000 -0.01357550 -0.02507900
v -0.00479600 -0.06982850 0.01486200
v -0.00479600 -0.04844850 -0.02153800
v -0.00479400 -0.02112550 -0.02637100
v -0.00478100 -0.04135150 -0.02652700
v -0.00477800 -0.05997750 -0.00868000
v -0.00477800 -0.05997750 -0.00868000
v -0.00476400 -0.04473750 -0.02656000
v -0.00475700 -0.07711050 0.02541800
v -0.00475600 0.04084050 -0.02645300
v -0.00475000 -0.01055350 -0.02510300
v -0.00474400 -0.05037650 -0.02088300
v -0.00471400 -0.05820350 -0.01117500
v -0.00471300 0.04942250 -0.02107100
v -0.00464200 -0.02373550 -0.02568200
v -0.00464100 0.01428450 -0.02621300
v -0.00463700 0.05976550 -0.01003900
v -0.00463300 0.02418250 -0.02554100
v -0.00457900 0.07740350 0.02570500
v -0.00457100 0.07869750 0.02237100
v -0.00454600 -0.04371050 -0.02608700
v -0.00450900 -0.03943950 -0.02729300
v -0.00450700 -0.07185050 0.02147800
v -0.00450100 -0.06543950 0.00102500
v -0.00450000 0.06646450 0.00151800
v -0.00449000 0.03263250 -0.02588900
v -0.00447900 0.07222550 0.01613800
v -0.00446700 0.02434850 -0.02649600
v -0.00446100 0.00165050 -0.02501800
v -0.00445800 0.05434250 -0.01785600
v -0.00443200 0.05194950 -0.01901200
v -0.00443200 0.05194950 -0.01901200
v -0.00440000 0.04806550 -0.02253800
v -0.00435200 0.01174750 -0.02514200
v -0.00435100 -0.02477750 -0.02652800
v -0.00434800 -0.05022950 -0.01981800
v -0.00434300 0.05075250 -0.01990500
v -0.00434300 0.05075250 -0.01990500
v -0.00431300 -0.01980550 -0.02530000
v -0.00426000 0.07643850 0.02401300
v -0.00424000 0.02663750 -0.02562700
v -0.00423300 -0.06553650 -0.00134100
v -0.00421000 -0.05777950 -0.01321300
v -0.00419700 0.00667850 -0.02603400
v -0.00419000 -0.05208850 -0.01936100
v -0.00418700 -0.01058050 -0.02610000
v -0.00416100 0.07257050 0.02186400
v -0.00413000 0.00439950 -0.02502300
v -0.00412500 0.06469750 -0.00385100
v -0.00411100 -0.00217350 -0.02507300
v -0.00408400 0.07019850 0.00808400
v -0.00400000 -0.05930750 -0.00968400
v -0.00400000 -0.05930750 -0.00968400
v -0.00399500 0.05712250 -0.01326900
v -0.00398500 0.02000450 -0.02557800
v -0.00396500 0.02898650 -0.02563800
v -0.00395800 -0.06294750 -0.00603800
v -0.00392100 0.07182950 0.01844800
v -0.00390600 0.07352750 0.02184900
v -0.00384200 -0.07498050 0.02646700
v -0.00381100 -0.06152950 -0.00825400
v -0.00381100 0.04451450 -0.02608200
v -0.00380100 0.04375150 -0.02738900
v -0.00378000 0.06375650 -0.00345800
v -0.00376600 0.00218650 -0.02605300
v -0.00370400 0.03825750 -0.02614000
v -0.00367100 -0.08032950 0.02572300
v -0.00365700 -0.06411250 -0.00395600
v -0.00363400 0.02083150 -0.02639400
v -0.00361400 -0.07905950 0.02404400
v -0.00360600 -0.06924550 0.01139600
v -0.00359300 -0.06448250 -0.00123900
v -0.00358200 0.07091150 0.01416700
v -0.00357700 0.07041050 0.01153100
v -0.00357100 0.06681650 0.00025500
v -0.00355300 -0.06158850 -0.00579800
v -0.00352700 -0.07001349 0.01355600
v -0.00352000 -0.03755750 -0.02618100
v -0.00352000 0.05473150 -0.01608000
v -0.00351100 0.07166450 0.01298200
v -0.00345800 -0.05840250 -0.01105100
v -0.00345800 -0.05840250 -0.01105100
v -0.00344400 -0.06735950 0.00533400
v -0.00343200 -0.00854550 -0.02503800
v -0.00337500 -0.07134350 0.01840700
v -0.00334900 -0.03374550 -0.02692200
v -0.00331300 0.06232650 -0.00803500
v -0.00330700 -0.06856250 0.00852300
v -0.00327200 -0.03240650 -0.02589300
v -0.00326100 0.01739150 -0.02526900
v -0.00325100 0.03318250 -0.02673900
v -0.00322800 -0.02527950 -0.02546300
v -0.00320400 -0.05269850 -0.01764600
v -0.00319400 -0.01844150 -0.02625400
v -0.00318500 -0.05520650 -0.01627500
v -0.00316400 0.01374750 -0.02538600
v -0.00315200 0.02197150 -0.02550400
v -0.00314000 -0.05607850 -0.01397200
v -0.00311400 -0.06315450 -0.00409800
v -0.00309800 0.06206650 -0.00677300
v -0.00308400 0.06783850 0.00486700
v -0.00305500 0.01154350 -0.02621200
v -0.00304700 0.04982050 -0.02096300
v -0.00304700 0.04982050 -0.02096300
v -0.00304500 0.03886950 -0.02702600
v -0.00304300 -0.07262450 0.02317700
v -0.00301400 -0.07228550 0.01706900
v -0.00297100 -0.02178350 -0.02535500
v -0.00295500 0.06787150 0.00249100
v -0.00295200 0.03592650 -0.02686400
v -0.00294400 0.05981950 -0.01147100
v -0.00293800 -0.00642150 -0.02606700
v -0.00293500 0.05210750 -0.02009700
v -0.00292300 -0.00501150 -0.02509500
v -0.00292100 -0.00229650 -0.02604800
v -0.00291700 -0.04793250 -0.02356200
v -0.00290700 0.07092950 0.01031200
v -0.00290600 -0.06931850 0.00676300
v -0.00289800 -0.04611650 -0.02573700
v -0.00289700 0.07272050 0.01822800
v -0.00288900 -0.03014650 -0.02569100
v -0.00284300 -0.05752150 -0.01217600
v -0.00284300 -0.05752150 -0.01217600
v -0.00282800 -0.03032650 -0.02667300
v -0.00281300 -0.06820450 0.00427000
v -0.00281300 0.04693350 -0.02380000
v -0.00277700 -0.07883950 0.02739900
v -0.00277200 0.02983550 -0.02667600
v -0.00272900 -0.01444150 -0.02515600
v -0.00271700 -0.02802350 -0.02568700
v -0.00267800 0.00684250 -0.02513000
v -0.00259500 -0.04004650 -0.02634500
v -0.00258000 0.07578250 0.02499800
v -0.00256800 0.06926750 0.00784000
v -0.00256100 -0.01569950 -0.02616000
v -0.00255400 -0.03446750 -0.02598200
v -0.00254700 -0.01706850 -0.02513500
v -0.00253900 0.04946850 -0.02239800
v -0.00251700 -0.04335950 -0.02719300
v -0.00249100 0.02591350 -0.02654100
v -0.00248100 0.01616250 -0.02627800
v -0.00247500 -0.07079450 0.01598600
v -0.00247100 0.00501850 -0.02625000
v -0.00247000 -0.06669050 0.00356500
v -0.00240700 0.06068850 -0.00877100
v -0.00240100 0.07359751 0.02333500
v -0.00238500 0.07948250 0.02540500
v -0.00236200 -0.04251750 -0.02633900
v -0.00230700 -0.07449150 0.02436500
v -0.00229700 -0.06564650 0.00179300
v -0.00227600 -0.03898250 -0.02728000
v -0.00223900 -0.02302050 -0.02638500
v -0.00222200 0.06550350 -0.00060000
v -0.00220900 0.07225950 0.01584000
v -0.00219200 0.07683450 0.02390400
v -0.00215100 -0.04548150 -0.02482900
v -0.00214800 0.04338850 -0.02660100
v -0.00211800 0.04081850 -0.02657200
v -0.00208400 0.00985450 -0.02513300
v -0.00208300 -0.05754450 -0.01354100
v -0.00207500 0.04590550 -0.02494400
v -0.00206100 0.05790350 -0.01398700
v -0.00205400 -0.05046750 -0.02109900
v -0.00202200 0.04899750 -0.02196000
v -0.00202200 0.04899750 -0.02196000
v -0.00200800 0.06719850 0.00239400
v -0.00199600 0.08006450 0.02259800
v -0.00193200 -0.05970850 -0.01078100
v -0.00193100 0.05885750 -0.01120700
v -0.00183700 -0.05157050 -0.01891200
v -0.00175600 -0.05629150 -0.01384300
v -0.00175600 -0.05629150 -0.01384300
v -0.00174500 0.05588550 -0.01630900
v -0.00173700 0.05196150 -0.01908100
v -0.00171500 0.07145450 0.01564500
v -0.00168800 -0.07063550 0.01026000
v -0.00166200 0.06935950 0.00557000
v -0.00165200 -0.04749550 -0.02233700
v -0.00163800 0.02417550 -0.02548100
v -0.00162800 0.03519250 -0.02597900
v -0.00161500 -0.07181150 0.01455400
v -0.00161000 0.06992450 0.00989600
v -0.00159900 0.06535950 -0.00285500
v -0.00157600 0.00148850 -0.02502300
v -0.00156000 0.02729950 -0.02564100
v -0.00148000 0.05424850 -0.01694100
v -0.00146800 0.05661750 -0.01412100
v -0.00144800 -0.05340150 -0.01836700
v -0.00144700 -0.07600550 0.02685800
v -0.00143800 -0.07294950 0.02122400
v -0.00143300 0.07319650 0.02054800
v -0.00141800 -0.05694450 -0.01287600
v -0.00141800 -0.05694450 -0.01287600
v -0.00141400 -0.03844550 -0.02623100
v -0.00140400 -0.00308850 -0.02495200
v -0.00133900 -0.01936850 -0.02531100
v -0.00130200 0.03744450 -0.02607500
v -0.00129000 0.04756450 -0.02432000
v -0.00128300 -0.06074450 -0.00794000
v -0.00126000 -0.00015450 -0.02508000
v -0.00124800 -0.05552050 -0.01461200
v -0.00124800 -0.05552050 -0.01461200
v -0.00124700 -0.04987550 -0.02046200
v -0.00124300 0.05781550 -0.01262800
v -0.00122100 0.06371350 -0.00574700
v -0.00121800 0.03207750 -0.02587700
v -0.00119800 0.01251050 -0.02528800
v -0.00119000 -0.05893650 -0.01028600
v -0.00117700 0.04573450 -0.02640700
v -0.00114100 -0.01926350 -0.02632800
v -0.00113200 0.07445050 0.02292000
v -0.00110900 0.04278150 -0.02744300
v -0.00108100 -0.06536750 -0.00187600
v -0.00107900 -0.01103150 -0.02496400
v -0.00105100 -0.07300850 0.02469600
v -0.00104600 0.07225350 0.02024400
v -0.00104400 0.04917650 -0.02158000
v -0.00104400 0.04917650 -0.02158000
v -0.00104300 0.00419450 -0.02499300
v -0.00104100 -0.06310550 -0.00592700
v -0.00103900 0.05402350 -0.01836500
v -0.00102600 0.06366150 -0.00389300
v -0.00101500 -0.02748250 -0.02661500
v -0.00099700 -0.00429550 -0.02613300
v -0.00097300 -0.07718850 0.02538700
v -0.00095400 0.00885950 -0.02622100
v -0.00093900 -0.06352350 -0.00285400
v -0.00093500 0.07077150 0.01265900
v -0.00092500 0.01828050 -0.02543500
v -0.00092100 -0.03282950 -0.02689200
v -0.00089500 -0.05585450 -0.01560500
v -0.00088400 0.06087950 -0.01012800
v -0.00086000 -0.06936350 0.01093500
v -0.00084100 -0.03580650 -0.02600800
v -0.00083300 -0.02397450 -0.02546500
v -0.00083200 -0.01276150 -0.02616400
v -0.00082400 0.02131950 -0.02553800
v -0.00079400 -0.05480250 -0.01563400
v -0.00079400 -0.05480250 -0.01563400
v -0.00072700 -0.00818050 -0.02608600
v -0.00066900 0.06923650 0.00795800
v -0.00063600 -0.04441650 -0.02578600
v -0.00062300 -0.06712750 0.00186300
v -0.00061600 0.04314050 -0.02659000
v -0.00056300 -0.06216450 -0.00530900
v -0.00054200 -0.07162250 0.02165600
v -0.00042100 -0.08045851 0.02476100
v -0.00040700 -0.03568750 -0.02706200
v -0.00039000 0.06083850 -0.00896100
v -0.00037700 -0.06482950 -0.00018500
v -0.00036900 0.02177350 -0.02647900
v -0.00031900 0.03144850 -0.02672200
v -0.00030700 0.01558250 -0.02536900
v -0.00029600 -0.07025150 0.01365200
v -0.00027600 0.07691150 0.02547300
v -0.00026900 0.04812650 -0.02277600
v -0.00026900 0.04812650 -0.02277600
v -0.00024100 0.06651850 -0.00047900
v -0.00021300 0.04056650 -0.02628800
v -0.00019000 -0.00898250 -0.02525400
v -0.00018500 -0.04178450 -0.02739400
v -0.00017100 -0.07116751 0.01818000
v -0.00016800 0.06821850 0.00481700
v -0.00015100 0.06510450 -0.00158700
v -0.00011400 0.02466850 -0.02651100
v -0.00009600 -0.01404750 -0.02515500
v -0.00006900 -0.06037150 -0.01016600
v -0.00006200 -0.03125150 -0.02573700
v -0.00004800 0.07164650 0.01722500
v -0.00004700 0.01199850 -0.02624900
v -0.00000700 0.06753550 0.00162700
v -0.00000100 0.07173450 0.01311900
v 0.00001500 0.06240350 -0.00617800
v 0.00005100 -0.02816250 -0.02566500
v 0.00005200 -0.00525450 -0.02504800
v 0.00009000 0.06225950 -0.00807000
v 0.00009600 0.05941850 -0.01214700
v 0.00010000 0.05047750 -0.02152800
v 0.00013800 -0.04780350 -0.02369700
v 0.00014100 -0.07132250 0.01261700
v 0.00016700 -0.05389650 -0.01661900
v 0.00016700 -0.05389650 -0.01661900
v 0.00017700 -0.06752950 0.00534400
v 0.00018100 -0.04613450 -0.02404400
v 0.00020900 0.02829250 -0.02664200
v 0.00021200 0.02971750 -0.02575100
v 0.00026300 0.06989051 0.00683200
v 0.00032200 -0.01660150 -0.02526800
v 0.00034600 -0.06880850 0.00850500
v 0.00036400 -0.02602550 -0.02554600
v 0.00038100 -0.02177850 -0.02552200
v 0.00040900 -0.07802150 0.02745300
v 0.00043000 0.07102450 0.01021300
v 0.00047800 0.07370750 0.02365900
v 0.00052400 0.04599550 -0.02472000
v 0.00054500 0.04965750 -0.02107500
v 0.00055900 -0.06995050 0.00821100
v 0.00056300 0.01584050 -0.02629400
v 0.00065300 -0.01000250 -0.02612200
v 0.00065300 0.05543850 -0.01550000
v 0.00067900 -0.04611850 -0.02583700
v 0.00070400 -0.04164650 -0.02653600
v 0.00075800 0.00590150 -0.02514600
v 0.00075900 0.06623250 0.00128500
v 0.00076300 0.01882450 -0.02643000
v 0.00079300 -0.03349350 -0.02603300
v 0.00080700 -0.06431951 -0.00378200
v 0.00080700 -0.04922350 -0.02098300
v 0.00080800 0.07272250 0.01797800
v 0.00082500 0.05329450 -0.01785100
v 0.00082600 0.05747450 -0.01449600
v 0.00086500 -0.05138650 -0.01875300
v 0.00086600 0.02356450 -0.02557300
v 0.00089500 -0.07419249 0.02419800
v 0.00093300 -0.06869050 0.00507300
v 0.00095500 0.05562150 -0.01686200
v 0.00095600 -0.05189550 -0.01969900
v 0.00097600 -0.02121750 -0.02636200
v 0.00098200 0.00311950 -0.02605400
v 0.00100400 -0.07268550 0.01862500
v 0.00101700 0.02642950 -0.02564200
v 0.00102400 -0.03804850 -0.02721600
v 0.00102600 0.07878850 0.02568100
v 0.00104700 0.00897950 -0.02518500
v 0.00108800 0.06993950 0.00976500
v 0.00109000 0.07096750 0.01372000
v 0.00112400 -0.07393350 0.02586800
v 0.00113900 0.07626250 0.02400300
v 0.00114700 -0.01712450 -0.02630400
v 0.00115600 0.07998651 0.02262300
v 0.00115800 -0.00181850 -0.02492600
v 0.00116300 -0.02955950 -0.02668900
v 0.00121700 -0.02486250 -0.02650000
v 0.00124200 0.05254250 -0.01985200
v 0.00124800 -0.05978350 -0.00905700
v 0.00125200 -0.01946050 -0.02524800
v 0.00126200 0.03935950 -0.02632400
v 0.00128800 0.03529150 -0.02685900
v 0.00129500 0.03811250 -0.02699200
v 0.00133800 0.06820550 0.00292200
v 0.00134400 0.04768350 -0.02300100
v 0.00134400 0.04768350 -0.02300100
v 0.00135700 0.05698950 -0.01377500
v 0.00136300 -0.05593550 -0.01395700
v 0.00141000 -0.06362050 -0.00305000
v 0.00142300 0.01331350 -0.02531800
v 0.00143600 0.05125350 -0.01969400
v 0.00147100 0.06419250 -0.00509900
v 0.00148600 -0.05762650 -0.01349500
v 0.00152700 0.03447450 -0.02593700
v 0.00153800 -0.06612550 0.00208000
v 0.00153800 -0.05379850 -0.01660400
v 0.00153800 -0.05379850 -0.01660400
v 0.00156300 -0.04505050 -0.02533500
v 0.00160000 0.05893550 -0.01107100
v 0.00160700 -0.07907550 0.02393800
v 0.00164900 0.04050250 -0.02719900
v 0.00165400 -0.04988450 -0.02144500
v 0.00168500 0.00249450 -0.02493700
v 0.00169600 -0.07655550 0.02561200
v 0.00170200 -0.00680350 -0.02497200
v 0.00172200 0.03738050 -0.02596700
v 0.00172600 0.04759050 -0.02415100
v 0.00172900 -0.03689150 -0.02613800
v 0.00174900 0.06425350 -0.00254700
v 0.00175800 0.07210250 0.01945700
v 0.00179700 -0.06972350 0.01114300
v 0.00181900 0.04487950 -0.02575600
v 0.00182600 -0.07052250 0.01528000
v 0.00183300 -0.04808950 -0.02213700
v 0.00184700 0.04335850 -0.02735200
v 0.00187100 -0.01324550 -0.02617800
v 0.00187600 -0.05299250 -0.01741500
v 0.00187600 -0.05299250 -0.01741500
v 0.00187800 0.06082150 -0.00855700
v 0.00189200 0.04567150 -0.02645400
v 0.00189700 0.01984850 -0.02543000
v 0.00192400 -0.05536550 -0.01614800
v 0.00194600 -0.06245350 -0.00489400
v 0.00197900 -0.05799850 -0.01183900
v 0.00199000 -0.00451950 -0.02609900
v 0.00203300 -0.06598250 -0.00054100
v 0.00204400 -0.03972650 -0.02638400
v 0.00205000 0.04298550 -0.02668600
v 0.00205800 -0.03257050 -0.02690600
v 0.00208900 -0.06293250 -0.00619500
v 0.00210300 0.07349949 0.02151200
v 0.00212600 0.06117050 -0.00986200
v 0.00214600 0.07201450 0.01462300
v 0.00215100 -0.07939450 0.02700800
v 0.00215700 -0.01234650 -0.02518800
v 0.00216300 -0.02416450 -0.02538100
v 0.00216600 0.06885150 0.00651200
v 0.00230900 -0.07166750 0.01422600
v 0.00233500 -0.07306951 0.02216100
v 0.00238600 0.07123850 0.01516600
v 0.00239700 -0.04133450 -0.02739000
v 0.00242100 -0.07063550 0.01053800
v 0.00243700 0.04639550 -0.02435600
v 0.00243700 0.04639550 -0.02435600
v 0.00250600 -0.06089150 -0.00922700
v 0.00253000 -0.07213750 0.01657600
v 0.00254100 0.06726750 0.00288300
v 0.00254200 -0.06114550 -0.00723100
v 0.00255400 -0.06509150 -0.00244500
v 0.00259200 -0.07217050 0.02248800
v 0.00266600 -0.07156950 0.01904100
v 0.00267900 -0.06737250 0.00253100
v 0.00268300 0.07051150 0.00893000
v 0.00270600 0.02899150 -0.02667100
v 0.00271900 0.05461650 -0.01771100
v 0.00272200 0.06656250 -0.00022400
v 0.00272700 -0.04662450 -0.02356300
v 0.00273100 0.07319650 0.02281600
v 0.00273300 0.06917050 0.00528500
v 0.00276600 -0.06856350 0.00763600
v 0.00276700 0.04136650 -0.02649500
v 0.00277600 -0.03613150 -0.02707400
v 0.00279400 -0.02844250 -0.02568300
v 0.00281000 0.06271650 -0.00729700
v 0.00281400 0.00921050 -0.02598000
v 0.00281700 0.01754250 -0.02555700
v 0.00282600 0.02467850 -0.02654600
v 0.00286100 0.01316050 -0.02626400
v 0.00289200 -0.05153550 -0.01871400
v 0.00289200 -0.05153550 -0.01871400
v 0.00289900 0.04959450 -0.02097400
v 0.00291100 -0.03083450 -0.02587700
v 0.00292300 0.06279550 -0.00539700
v 0.00294300 0.03198950 -0.02607800
v 0.00294700 0.02284850 -0.02552700
v 0.00297500 -0.05236250 -0.01782500
v 0.00297500 -0.05236250 -0.01782500
v 0.00305500 -0.00624350 -0.02617300
v 0.00307000 0.06527150 -0.00265500
v 0.00313600 -0.00946850 -0.02612900
v 0.00315600 0.07731050 0.02350300
v 0.00315800 0.05522050 -0.01565600
v 0.00316700 -0.04476350 -0.02668600
v 0.00317400 -0.02700750 -0.02662100
v 0.00319100 -0.05058150 -0.01952100
v 0.00319100 -0.05058150 -0.01952100
v 0.00322200 -0.00169450 -0.02599400
v 0.00323700 -0.07552850 0.02671300
v 0.00324400 -0.05306850 -0.01855200
v 0.00333600 0.06037450 -0.00930500
v 0.00336300 0.05972350 -0.01156100
v 0.00340600 0.05749150 -0.01432600
v 0.00341500 0.07526451 0.02473400
v 0.00342400 -0.04343050 -0.02624000
v 0.00342600 0.00016250 -0.02515500
v 0.00342900 0.04532750 -0.02535400
v 0.00342900 0.04532750 -0.02535400
v 0.00344400 0.03343050 -0.02680000
v 0.00345600 -0.06472850 -0.00083800
v 0.00346000 0.02199450 -0.02649400
v 0.00348400 -0.01792050 -0.02632300
v 0.00348400 -0.00946450 -0.02497400
v 0.00353400 0.07808249 0.02573500
v 0.00355600 0.07177851 0.01815500
v 0.00356400 0.01589750 -0.02636000
v 0.00358200 -0.04760250 -0.02377700
v 0.00359800 0.05020350 -0.02151100
v 0.00361300 -0.06571250 0.00161000
v 0.00362900 -0.05517450 -0.01494900
v 0.00363300 -0.06974850 0.00788200
v 0.00365200 0.00887550 -0.02525500
v 0.00365300 0.01181150 -0.02524700
v 0.00369100 -0.02123850 -0.02640500
v 0.00369300 0.07014850 0.01063300
v 0.00372800 0.07228950 0.01632600
v 0.00374900 -0.02154350 -0.02529000
v 0.00376800 0.08055650 0.02396500
v 0.00377300 -0.08034350 0.02536500
v 0.00378000 -0.01626050 -0.02530700
v 0.00378100 0.05238150 -0.01844700
v 0.00380300 -0.04952950 -0.02034600
v 0.00380300 -0.04952950 -0.02034600
v 0.00386200 0.02485650 -0.02563600
v 0.00386800 -0.06981550 0.01310800
v 0.00390300 0.06403950 -0.00512000
v 0.00392600 -0.00351450 -0.02504000
v 0.00394300 -0.07635950 0.02567700
v 0.00397200 -0.01452150 -0.02621000
v 0.00399900 -0.04791250 -0.02218300
v 0.00403700 0.00651350 -0.02513800
v 0.00404500 0.04385650 -0.02631700
v 0.00405500 -0.03810450 -0.02625000
v 0.00405900 -0.01891450 -0.02535700
v 0.00407100 -0.02685050 -0.02555300
v 0.00407100 0.07127649 0.01155200
v 0.00408000 -0.07077150 0.01676300
v 0.00409800 0.07103250 0.01451700
v 0.00413200 0.07347650 0.02170300
v 0.00414200 -0.03304450 -0.02590800
v 0.00415000 0.04751750 -0.02414800
v 0.00418500 -0.07341950 0.02526600
v 0.00419200 -0.06700650 0.00458200
v 0.00420500 0.02779250 -0.02583600
v 0.00422000 0.05874950 -0.01151900
v 0.00422200 -0.01297750 -0.02515100
v 0.00424000 -0.05688150 -0.01290700
v 0.00425800 0.05640550 -0.01419800
v 0.00427500 -0.00683950 -0.02509200
v 0.00431000 0.00363550 -0.02512600
v 0.00432200 -0.07848750 0.02748500
v 0.00433200 -0.07267050 0.02023000
v 0.00433400 0.06541850 -0.00016200
v 0.00436300 -0.06368950 -0.00470800
v 0.00440500 0.04699150 -0.02343100
v 0.00442200 0.01531150 -0.02538100
v 0.00444600 -0.05918550 -0.01151800
v 0.00445700 -0.05371150 -0.01661300
v 0.00448800 -0.07124250 0.01972300
v 0.00453900 0.04451150 -0.02595300
v 0.00453900 0.04451150 -0.02595300
v 0.00453900 0.04451150 -0.02595300
v 0.00454400 -0.04560650 -0.02448500
v 0.00455600 -0.05915350 -0.00996800
v 0.00457100 0.04398950 -0.02619000
v 0.00457100 0.04398950 -0.02619000
v 0.00459000 0.07540950 0.02372200
v 0.00460100 0.05330950 -0.01887400
v 0.00461600 -0.06821150 0.00434200
v 0.00463700 0.03732250 -0.02617500
v 0.00464800 -0.05075550 -0.01913500
v 0.00466900 0.04540150 -0.02644500
v 0.00467700 0.00943150 -0.02627800
v 0.00470300 -0.03785050 -0.02724300
v 0.00470300 -0.01147550 -0.02616400
v 0.00470400 0.03465350 -0.02588800
v 0.00475300 0.03046350 -0.02579500
v 0.00475500 0.04241550 -0.02661300
v 0.00475600 0.00299750 -0.02612900
v 0.00477200 -0.06945851 0.01084500
v 0.00479000 -0.06273550 -0.00447700
v 0.00480600 0.06903250 0.00746200
v 0.00480900 0.03718050 -0.02695200
v 0.00482200 0.06283950 -0.00505100
v 0.00482600 -0.03581650 -0.02613500
v 0.00490100 0.07213450 0.02025900
v 0.00492200 -0.07122049 0.01289000
v 0.00493100 -0.05715350 -0.01393100
v 0.00495500 -0.05149250 -0.01982800
v 0.00501500 0.01984850 -0.02650400
v 0.00503400 0.06645250 -0.00035600
v 0.00504400 -0.04899250 -0.02085500
v 0.00504400 -0.04899250 -0.02085500
v 0.00506000 -0.06222250 -0.00677300
v 0.00507800 0.06444250 -0.00221200
v 0.00511100 -0.04376150 -0.02592500
v 0.00512900 -0.07196150 0.02268700
v 0.00513000 -0.04077850 -0.02643500
v 0.00513700 -0.02903050 -0.02669400
v 0.00514000 0.04008450 -0.02641600
v 0.00516600 -0.07914450 0.02385400
v 0.00517400 0.00667050 -0.02606600
v 0.00517700 -0.03283050 -0.02694300
v 0.00522300 0.04946650 -0.02098900
v 0.00527000 0.07339850 0.02327800
v 0.00533500 0.07279550 0.01922900
v 0.00533900 0.06892350 0.00511100
v 0.00535600 0.02209650 -0.02563000
v 0.00536100 0.07844450 0.02228600
v 0.00536300 0.06176150 -0.00861500
v 0.00538300 0.05369650 -0.01688100
v 0.00538400 -0.06646051 0.00092200
v 0.00541900 -0.02936650 -0.02593600
v 0.00542000 -0.05453150 -0.01682300
v 0.00542800 -0.06882550 0.00892900
v 0.00543200 -0.04550750 -0.02605000
v 0.00543500 -0.02512850 -0.02655600
v 0.00546000 -0.06542850 -0.00123700
v 0.00547200 -0.02393950 -0.02560800
v 0.00547600 -0.00626750 -0.02616400
v 0.00552800 0.06782650 0.00258400
v 0.00552900 0.01266750 -0.02631200
v 0.00554200 0.06769050 0.00417900
v 0.00557500 0.02785850 -0.02667400
v 0.00558300 -0.04214350 -0.02743100
v 0.00562200 0.04489450 -0.02557500
v 0.00562200 0.04489450 -0.02557500
v 0.00571300 0.03053250 -0.02672000
v 0.00573100 0.04260550 -0.02742800
v 0.00574900 -0.04740550 -0.02221900
v 0.00574900 -0.04740550 -0.02221900
v 0.00583400 0.01841750 -0.02554900
v 0.00583500 0.05685850 -0.01505900
v 0.00584600 -0.04866950 -0.02233500
v 0.00586800 0.00994650 -0.02522000
v 0.00588100 0.07015850 0.00824400
v 0.00589400 -0.04808750 -0.02158700
v 0.00589400 -0.04808750 -0.02158700
v 0.00590000 -0.07564450 0.02687600
v 0.00594500 0.06184250 -0.00657800
v 0.00599000 -0.07414850 0.02421100
v 0.00601600 0.06009350 -0.00935800
v 0.00601700 -0.03167550 -0.02578300
v 0.00603400 0.00396950 -0.02517600
v 0.00603500 -0.06897350 0.00655900
v 0.00603500 0.06649450 0.00213700
v 0.00604500 -0.06089250 -0.00712000
v 0.00604900 0.07166851 0.01804600
v 0.00605600 -0.00176550 -0.02531000
v 0.00609700 0.07619050 0.02522800
v 0.00614100 0.05925750 -0.01192200
v 0.00614300 -0.06795450 0.00627500
v 0.00619300 0.01775150 -0.02638400
v 0.00622500 0.07069350 0.01355400
v 0.00625300 0.06520450 -0.00252700
v 0.00625400 0.05527750 -0.01523600
v 0.00629200 0.00090150 -0.02510200
v 0.00637100 -0.05695450 -0.01256600
v 0.00637100 0.05756650 -0.01244100
v 0.00638900 -0.07285650 0.02202300
v 0.00640000 -0.04663650 -0.02309200
v 0.00640000 -0.04663650 -0.02309200
v 0.00643500 -0.05463350 -0.01539000
v 0.00643800 -0.01368550 -0.02528300
v 0.00645200 -0.05223750 -0.01800400
v 0.00648400 0.03988550 -0.02718200
v 0.00649900 0.03444150 -0.02613900
v 0.00651700 0.07216450 0.01637200
v 0.00652600 -0.07230750 0.01855900
v 0.00654100 -0.06991350 0.01423800
v 0.00655800 -0.06099150 -0.00866300
v 0.00657600 0.07367350 0.02243200
v 0.00659000 -0.00871150 -0.02510100
v 0.00659500 -0.07627550 0.02547700
v 0.00662200 -0.07297550 0.02503500
v 0.00662800 0.04955550 -0.02191200
v 0.00664000 -0.06396450 -0.00372200
v 0.00666200 -0.02220250 -0.02649200
v 0.00666700 0.02597150 -0.02575300
v 0.00671700 -0.06379350 -0.00212400
v 0.00673000 -0.06610849 0.00287400
v 0.00673900 -0.04991550 -0.01969300
v 0.00674200 0.07834250 0.02561700
v 0.00677600 -0.02083250 -0.02541500
v 0.00679300 0.05127750 -0.01932900
v 0.00681000 0.06941150 0.00947000
v 0.00681100 -0.07896350 0.02725800
v 0.00681200 -0.05909250 -0.00963400
v 0.00682200 0.01534550 -0.02634900
v 0.00684000 0.05522950 -0.01662900
v 0.00684700 -0.01807050 -0.02635600
v 0.00685500 -0.01698550 -0.02526100
v 0.00685700 0.02538650 -0.02659700
v 0.00689700 0.04729450 -0.02394700
v 0.00690200 -0.03875050 -0.02642000
v 0.00691400 -0.06501450 0.00054300
v 0.00691500 0.06355950 -0.00549900
v 0.00694300 -0.00999850 -0.02621300
v 0.00694700 0.04681050 -0.02353400
v 0.00696300 0.07093150 0.01111000
v 0.00699100 -0.07076750 0.01762800
v 0.00700600 0.07150950 0.01365300
v 0.00702400 -0.01153550 -0.02512200
v 0.00704300 -0.04353150 -0.02607900
v 0.00704900 0.07098150 0.01537700
v 0.00705500 -0.03405650 -0.02613100
v 0.00705800 -0.01420150 -0.02621900
v 0.00712300 -0.07170250 0.02173400
v 0.00713300 0.04327650 -0.02653100
v 0.00715400 -0.05202150 -0.01900900
v 0.00716200 0.08005550 0.02370000
v 0.00716500 -0.07166250 0.01574200
v 0.00721500 -0.03890650 -0.02732700
v 0.00722200 -0.00001250 -0.02612500
v 0.00723900 0.06348150 -0.00376700
v 0.00724000 -0.06991649 0.00919600
v 0.00724000 0.03241250 -0.02680000
v 0.00727200 0.01343850 -0.02523300
v 0.00728500 -0.00646250 -0.02611100
v 0.00729300 -0.04546250 -0.02442300
v 0.00729300 -0.04546250 -0.02442300
v 0.00729500 0.07295951 0.02316300
v 0.00739800 -0.03521450 -0.02706700
v 0.00740400 0.04515450 -0.02525900
v 0.00740400 0.04515450 -0.02525900
v 0.00740500 -0.00304150 -0.02615900
v 0.00744600 -0.06719650 0.00283200
v 0.00745900 0.05240150 -0.01939800
v 0.00747100 -0.03685250 -0.02611300
v 0.00748200 0.03600050 -0.02694200
v 0.00755400 0.03149050 -0.02595900
v 0.00762400 -0.00574250 -0.02516200
v 0.00766700 -0.05798350 -0.01257400
v 0.00767200 0.01544550 -0.02547600
v 0.00769800 0.06493550 -0.00056400
v 0.00778300 -0.02621450 -0.02564400
v 0.00782600 0.02302150 -0.02657800
v 0.00782900 0.04438250 -0.02694200
v 0.00783100 0.07763850 0.02290800
v 0.00784200 0.06848050 0.00689700
v 0.00787200 -0.05316250 -0.01654900
v 0.00789000 0.06077650 -0.00807700
v 0.00789900 -0.05408850 -0.01685400
v 0.00790700 0.00784150 -0.02612900
v 0.00790800 0.03853150 -0.02629800
v 0.00791000 0.06881750 0.00549700
v 0.00792100 0.05740650 -0.01399200
v 0.00795500 -0.03295350 -0.02691000
v 0.00796100 -0.04617850 -0.02318100
v 0.00796100 -0.04617850 -0.02318100
v 0.00797000 0.00714350 -0.02531100
v 0.00798900 -0.02845950 -0.02571100
v 0.00800200 0.02154150 -0.02552100
v 0.00801100 -0.06849650 0.00863900
v 0.00808500 -0.06921250 0.01128000
v 0.00811300 -0.04943950 -0.02131600
v 0.00813200 -0.03034450 -0.02590800
v 0.00816100 0.02024250 -0.02644600
v 0.00817200 0.02830650 -0.02582800
v 0.00818900 0.00213850 -0.02604700
v 0.00821400 0.05682150 -0.01320500
v 0.00822000 -0.04380750 -0.02662000
v 0.00824700 -0.07069050 0.01226600
v 0.00826000 -0.04618250 -0.02468200
v 0.00826500 -0.04072750 -0.02654700
v 0.00830200 0.07428950 0.02329900
v 0.00830800 -0.07763250 0.02424300
v 0.00832400 0.06585150 0.00148300
v 0.00833400 0.04859350 -0.02159500
v 0.00834400 -0.02384950 -0.02551700
v 0.00835600 0.04200550 -0.02673700
v 0.00835900 0.00496250 -0.02517700
v 0.00838100 -0.04148950 -0.02735300
v 0.00840500 0.05298350 -0.01752500
v 0.00843300 -0.06218950 -0.00456800
v 0.00843500 0.03393450 -0.02603900
v 0.00845900 -0.07043250 0.01589100
v 0.00847900 -0.04494750 -0.02457300
v 0.00847900 -0.04494750 -0.02457300
v 0.00848300 0.06186950 -0.00614700
v 0.00848400 -0.02727350 -0.02671000
v 0.00849900 -0.05062650 -0.01904900
v 0.00850600 -0.05784750 -0.01123000
v 0.00854000 0.06746250 0.00459300
v 0.00858700 -0.07970750 0.02490900
v 0.00864000 -0.00319550 -0.02514300
v 0.00864000 0.07178950 0.02012800
v 0.00866600 0.06971050 0.00767500
v 0.00867400 -0.05597250 -0.01324100
v 0.00871800 0.06169450 -0.00815000
v 0.00872400 0.01025850 -0.02622900
v 0.00872500 -0.03052550 -0.02689200
v 0.00877500 -0.07114350 0.01927300
v 0.00877800 0.05498650 -0.01523600
v 0.00877900 0.01726550 -0.02530900
v 0.00878300 -0.06311350 -0.00496000
v 0.00891300 0.07221950 0.01834000
v 0.00892200 -0.07492650 0.02664100
v 0.00894600 -0.04774950 -0.02276000
v 0.00896200 -0.04412550 -0.02543000
v 0.00896200 -0.04412550 -0.02543000
v 0.00896800 0.04562950 -0.02429800
v 0.00896800 0.04562950 -0.02429800
v 0.00899800 0.06484950 -0.00257400
v 0.00900600 -0.06568150 0.00005200
v 0.00901400 0.00495250 -0.02619100
v 0.00901700 -0.02378850 -0.02655100
v 0.00903700 0.06669451 0.00104200
v 0.00904000 0.00245050 -0.02524300
v 0.00907300 -0.04793850 -0.02132500
v 0.00910300 0.03680050 -0.02605700
v 0.00911200 -0.06056650 -0.00883200
v 0.00915300 0.01099550 -0.02530000
v 0.00916500 -0.07230651 0.02445000
v 0.00916600 -0.00019850 -0.02521700
v 0.00918300 -0.05407950 -0.01555100
v 0.00921700 0.06932151 0.00972600
v 0.00922400 0.04012350 -0.02727400
v 0.00927800 -0.06054050 -0.00696400
v 0.00927900 -0.00952750 -0.02521600
v 0.00930000 -0.01491550 -0.02632300
v 0.00931900 0.07614050 0.02546600
v 0.00932000 -0.02022950 -0.02647900
v 0.00932200 0.05085350 -0.01937800
v 0.00932700 0.04628850 -0.02444000
v 0.00933000 0.07099850 0.01689900
v 0.00933700 -0.00850650 -0.02619800
v 0.00935200 -0.06415950 -0.00048000
v 0.00935900 0.02841050 -0.02672700
v 0.00936600 -0.03191650 -0.02606300
v 0.00937700 -0.07790750 0.02747200
v 0.00938500 -0.03729750 -0.02727300
v 0.00939100 -0.07423650 0.02494900
v 0.00939400 0.04424150 -0.02547200
v 0.00941300 0.01309450 -0.02628500
v 0.00943000 -0.01432850 -0.02527100
v 0.00947300 -0.06763750 0.00444900
v 0.00947300 -0.06706050 0.00526600
v 0.00948600 -0.05920850 -0.00911800
v 0.00950800 0.02507650 -0.02562300
v 0.00952000 -0.01930150 -0.02545900
v 0.00955700 -0.03814350 -0.02656200
v 0.00957300 0.01843350 -0.02642300
v 0.00963400 0.05987650 -0.01063300
v 0.00970300 0.05904350 -0.01013900
v 0.00974000 0.04808450 -0.02272500
v 0.00979100 -0.01726350 -0.02544300
v 0.00979500 0.07272150 0.02099400
v 0.00980300 -0.00531950 -0.02616900
v 0.00981100 0.06297650 -0.00407100
v 0.00984800 0.05428450 -0.01730900
v 0.00985000 0.07237650 0.02257200
v 0.00988000 -0.06979850 0.01437400
v 0.00992900 0.00899650 -0.02528300
v 0.00993000 0.04655050 -0.02336600
v 0.00993000 0.04655050 -0.02336600
v 0.00993200 0.04579850 -0.02399200
v 0.00993200 0.04579850 -0.02399200
v 0.00996900 -0.07207949 0.01999100
v 0.00998900 -0.06537250 0.00220100
v 0.01001600 0.05250450 -0.01876000
v 0.01002900 0.07017550 0.01280800
v 0.01003100 -0.07129150 0.01572300
v 0.01007600 0.06458050 -0.00080500
v 0.01012800 -0.07293151 0.02316700
v 0.01012800 -0.04284650 -0.02618000
v 0.01012800 -0.04284650 -0.02618000
v 0.01013000 0.02978650 -0.02579500
v 0.01016700 -0.00210550 -0.02616200
v 0.01018100 -0.06922150 0.00825500
v 0.01019500 0.05761050 -0.01175700
v 0.01019600 0.07973350 0.02475100
v 0.01021500 0.02570450 -0.02664000
v 0.01023700 -0.04504450 -0.02549200
v 0.01025000 0.07793550 0.02245700
v 0.01027000 0.04087550 -0.02653300
v 0.01029500 -0.05579350 -0.01467200
v 0.01031200 -0.05174250 -0.01875700
v 0.01034800 -0.01215650 -0.02627100
v 0.01035500 -0.06315150 -0.00290500
v 0.01037500 -0.05162750 -0.01773600
v 0.01040600 0.07078450 0.01204800
v 0.01042400 -0.04429650 -0.02478300
v 0.01042400 -0.04429650 -0.02478300
v 0.01043000 0.03550650 -0.02694600
v 0.01043300 0.04934250 -0.02056800
v 0.01043800 -0.03988750 -0.02739700
v 0.01051300 -0.06815350 0.00852600
v 0.01053900 -0.05905950 -0.01068700
v 0.01055100 -0.02158050 -0.02574100
v 0.01055200 0.04299550 -0.02721900
v 0.01055700 0.06066750 -0.00742800
v 0.01056500 -0.03288550 -0.02703700
v 0.01057000 0.06751750 0.00530100
v 0.01057600 0.04987850 -0.02095500
v 0.01061100 0.03242350 -0.02599200
v 0.01065900 -0.04881650 -0.02098500
v 0.01067400 0.06810050 0.00461600
v 0.01071100 -0.05741450 -0.01091800
v 0.01071200 -0.04900450 -0.02008200
v 0.01072400 -0.07042850 0.01766800
v 0.01076900 -0.02587250 -0.02571200
v 0.01080100 0.07140450 0.01543200
v 0.01082400 0.06344850 -0.00469200
v 0.01083900 0.02017650 -0.02559900
v 0.01085900 0.05777750 -0.01287800
v 0.01086000 -0.05737350 -0.01264300
v 0.01088900 0.04649350 -0.02301300
v 0.01088900 0.04649350 -0.02301300
v 0.01093900 -0.02365450 -0.02554000
v 0.01095500 -0.03580750 -0.02630800
v 0.01097200 0.01382850 -0.02542400
v 0.01100200 0.04354850 -0.02574200
v 0.01107200 0.07438750 0.02366400
v 0.01107800 -0.05545050 -0.01366900
v 0.01108400 -0.02818450 -0.02592000
v 0.01110800 -0.04610850 -0.02279700
v 0.01114600 -0.03343850 -0.02620800
v 0.01115900 0.00197250 -0.02612800
v 0.01118100 0.02325250 -0.02561300
v 0.01119000 -0.03076750 -0.02594500
v 0.01120500 -0.00832450 -0.02522100
v 0.01122100 0.05228550 -0.01756900
v 0.01122400 0.05633050 -0.01323400
v 0.01123100 -0.05412650 -0.01620200
v 0.01123300 -0.06195650 -0.00429700
v 0.01123700 -0.06461550 -0.00142000
v 0.01123900 0.02061150 -0.02652500
v 0.01124900 -0.04097950 -0.02628700
v 0.01128300 -0.06302250 -0.00453400
v 0.01132600 0.06590050 0.00211400
v 0.01132800 -0.06911450 0.01261500
v 0.01137700 0.04721750 -0.02217700
v 0.01137700 0.04721750 -0.02217700
v 0.01138700 -0.01767050 -0.02639700
v 0.01138700 0.05537150 -0.01556100
v 0.01138800 -0.01191850 -0.02540600
v 0.01139300 -0.07091450 0.02084700
v 0.01141200 -0.00186750 -0.02519100
v 0.01141600 0.00400150 -0.02519800
v 0.01145400 0.06356950 -0.00237500
v 0.01146600 -0.07844150 0.02355600
v 0.01147800 -0.07018250 0.01212100
v 0.01147900 0.01645950 -0.02636900
v 0.01148600 0.02819850 -0.02597400
v 0.01149600 -0.06787550 0.00548900
v 0.01153000 -0.07223050 0.02498100
v 0.01159000 -0.04277250 -0.02585000
v 0.01159000 -0.04277250 -0.02585000
v 0.01160600 0.06664050 0.00187400
v 0.01165800 0.07011750 0.01451100
v 0.01166000 0.02915250 -0.02673600
v 0.01166100 0.07383050 0.02430700
v 0.01166900 -0.06145550 -0.00669800
v 0.01166900 0.07106150 0.01863400
v 0.01167600 0.00676550 -0.02622400
v 0.01168200 -0.04285650 -0.02693600
v 0.01171200 0.03851850 -0.02635500
v 0.01174600 0.02360250 -0.02660700
v 0.01175200 -0.07919850 0.02526400
v 0.01177200 0.06892949 0.00689500
v 0.01179000 -0.02421050 -0.02662900
v 0.01180700 0.03324650 -0.02690500
v 0.01181600 -0.06602450 0.00411200
v 0.01183500 -0.02726150 -0.02676600
v 0.01184400 -0.03876550 -0.02653300
v 0.01186000 -0.03537250 -0.02717800
v 0.01186900 0.03578050 -0.02613600
v 0.01188700 -0.07727150 0.02741200
v 0.01189400 0.00678750 -0.02523500
v 0.01189700 -0.00859350 -0.02625300
v 0.01193100 0.06199550 -0.00514200
v 0.01196300 -0.05275450 -0.01606500
v 0.01198400 -0.00437450 -0.02521200
v 0.01202800 -0.04654650 -0.02337000
v 0.01204200 -0.01478550 -0.02540300
v 0.01205100 0.06986750 0.00981400
v 0.01207000 0.02488250 -0.02587400
v 0.01212800 -0.07430450 0.02645500
v 0.01215400 0.05416650 -0.01541800
v 0.01216100 -0.06851050 0.01047900
v 0.01216100 -0.06382950 -0.00081500
v 0.01222100 0.06039950 -0.00913400
v 0.01223200 -0.02939850 -0.02692200
v 0.01227500 0.04762750 -0.02255500
v 0.01228900 0.01779850 -0.02555000
v 0.01229000 0.06919550 0.01080400
v 0.01232300 -0.02154150 -0.02659600
v 0.01238700 0.05217550 -0.01862200
v 0.01243900 0.06830750 0.00816200
v 0.01245300 -0.06001850 -0.00880500
v 0.01246100 -0.06723550 0.00688300
v 0.01248100 -0.06607650 0.00201500
v 0.01250900 0.00057550 -0.02536900
v 0.01251900 0.07149450 0.02171200
v 0.01252300 0.03978550 -0.02733300
v 0.01253700 0.07978850 0.02370600
v 0.01255700 0.06481951 0.00003400
v 0.01258700 -0.00608050 -0.02536000
v 0.01259000 -0.05377850 -0.01477400
v 0.01262100 -0.00010950 -0.02617700
v 0.01262100 0.04518250 -0.02497000
v 0.01263300 0.06726950 0.00555300
v 0.01263500 -0.07559750 0.02532000
v 0.01263700 0.04477950 -0.02431800
v 0.01266400 0.06532750 -0.00059400
v 0.01271600 0.07166950 0.01838500
v 0.01275600 0.01014250 -0.02521800
v 0.01279100 0.03069350 -0.02589800
v 0.01280300 0.01460350 -0.02631200
v 0.01283600 0.04759050 -0.02159000
v 0.01283600 0.04759050 -0.02159000
v 0.01285000 0.06759650 0.00422700
v 0.01286100 -0.06464950 0.00160300
v 0.01288500 -0.06906450 0.00908800
v 0.01294300 -0.04974350 -0.02006700
v 0.01294700 -0.00395450 -0.02621800
v 0.01296400 -0.01861050 -0.02551600
v 0.01297100 -0.06023650 -0.00626100
v 0.01297400 0.03371250 -0.02612500
v 0.01298500 -0.04263050 -0.02552400
v 0.01298500 -0.04263050 -0.02552400
v 0.01298800 -0.03770050 -0.02738200
v 0.01299300 -0.06963450 0.01525100
v 0.01300500 0.01219350 -0.02628600
v 0.01302600 0.07741950 0.02558500
v 0.01303800 -0.01499450 -0.02642400
v 0.01306300 -0.04709650 -0.02136300
v 0.01306700 -0.06225450 -0.00499500
v 0.01319800 0.04091050 -0.02661600
v 0.01324700 0.05842850 -0.01017900
v 0.01328000 -0.04381150 -0.02454600
v 0.01329000 -0.07120550 0.01806400
v 0.01331000 0.04954950 -0.01951200
v 0.01337200 0.05178350 -0.01759400
v 0.01337600 0.07211250 0.02106700
v 0.01338500 -0.05698950 -0.01083900
v 0.01342300 0.04567950 -0.02312800
v 0.01349400 -0.03211450 -0.02709600
v 0.01350800 0.00453450 -0.02521400
v 0.01352200 -0.01056850 -0.02632200
v 0.01352600 -0.07326150 0.02486500
v 0.01352800 0.07742450 0.02229900
v 0.01353300 0.02699950 -0.02586500
v 0.01355500 0.02766750 -0.02674500
v 0.01358300 -0.07023550 0.01858300
v 0.01360800 -0.07171350 0.02149300
v 0.01363200 -0.04389950 -0.02578500
v 0.01365100 -0.02411150 -0.02569300
v 0.01368100 0.07504350 0.02529700
v 0.01370200 0.00388450 -0.02618000
v 0.01374900 0.01350750 -0.02539500
v 0.01376200 -0.05313650 -0.01670600
v 0.01376900 0.07051349 0.01371800
v 0.01377200 0.01569350 -0.02547400
v 0.01377300 -0.05542750 -0.01270200
v 0.01377900 -0.04823350 -0.02139800
v 0.01378100 -0.04108150 -0.02637400
v 0.01382100 -0.05893250 -0.00837800
v 0.01383300 0.06151550 -0.00687700
v 0.01383800 -0.05074150 -0.01769900
v 0.01391600 0.05484850 -0.01424400
v 0.01392000 -0.03467650 -0.02621400
v 0.01393300 -0.02931350 -0.02586900
v 0.01393400 0.06193150 -0.00455600
v 0.01395500 -0.06876750 0.01240900
v 0.01396000 0.07021650 0.01727800
v 0.01396200 -0.02680350 -0.02605700
v 0.01399100 -0.07059950 0.02250800
v 0.01400000 -0.04028150 -0.02740900
v 0.01400700 0.06342450 -0.00155600
v 0.01401900 -0.04911950 -0.01938000
v 0.01403300 0.07449650 0.02396100
v 0.01410700 -0.04234550 -0.02552200
v 0.01410700 -0.04234550 -0.02552200
v 0.01415000 0.01016750 -0.02623500
v 0.01416200 0.04786750 -0.02099300
v 0.01416200 0.04786750 -0.02099300
v 0.01419500 -0.01870050 -0.02652100
v 0.01422400 0.02478450 -0.02667300
v 0.01424100 -0.01072650 -0.02549000
v 0.01426200 0.06519250 0.00172400
v 0.01427900 -0.03754550 -0.02640200
v 0.01428400 -0.00702950 -0.02625700
v 0.01428600 0.05693250 -0.01291100
v 0.01430000 0.02401550 -0.02570900
v 0.01433600 -0.07016050 0.01386000
v 0.01436400 0.06353150 -0.00325000
v 0.01439100 0.04968050 -0.02034100
v 0.01439900 -0.02480550 -0.02673500
v 0.01441200 0.03661350 -0.02711300
v 0.01443600 -0.04508550 -0.02276200
v 0.01447400 0.05992350 -0.00740200
v 0.01449600 0.02047050 -0.02562300
v 0.01452800 0.04294650 -0.02674200
v 0.01455400 -0.03199550 -0.02614000
v 0.01455800 0.03721950 -0.02625100
v 0.01456500 -0.06516249 0.00331100
v 0.01458800 0.01759450 -0.02647300
v 0.01460000 -0.07153450 0.02462100
v 0.01466000 -0.06388850 -0.00150500
v 0.01466300 -0.06175850 -0.00322400
v 0.01466700 0.02989350 -0.02598800
v 0.01466900 0.05951250 -0.00971100
v 0.01467000 -0.06643850 0.00366300
v 0.01470200 -0.00251450 -0.02526000
v 0.01470500 -0.07630549 0.02745400
v 0.01471800 0.01193950 -0.02547000
v 0.01472100 -0.06336450 -0.00056400
v 0.01472700 0.06853550 0.01052800
v 0.01473600 -0.01576450 -0.02546500
v 0.01476600 0.07157250 0.02253200
v 0.01477000 0.03189850 -0.02687500
v 0.01480700 -0.02095850 -0.02555400
v 0.01481800 -0.07898150 0.02504900
v 0.01484700 -0.06625450 0.00591000
v 0.01485800 -0.06757550 0.00895000
v 0.01487700 -0.06920550 0.01081800
v 0.01487700 0.06755150 0.00732100
v 0.01488300 0.06620850 0.00441600
v 0.01489300 0.02106650 -0.02656700
v 0.01490800 0.04841750 -0.02033700
v 0.01490800 0.04841750 -0.02033700
v 0.01491200 -0.05831950 -0.01033600
v 0.01497200 0.00719350 -0.02539900
v 0.01502700 -0.04500150 -0.02402600
v 0.01505300 0.06939350 0.01387700
v 0.01507600 0.00171350 -0.02529600
v 0.01509200 0.03362850 -0.02610400
v 0.01512000 0.05171450 -0.01854800
v 0.01512900 -0.05223050 -0.01560100
v 0.01516800 -0.05548450 -0.01369900
v 0.01518000 -0.06796150 0.00719400
v 0.01521600 0.04346650 -0.02500500
v 0.01521900 0.05399550 -0.01591900
v 0.01524200 0.06900250 0.00898800
v 0.01525800 0.06592050 0.00192800
v 0.01528000 -0.02163450 -0.02669600
v 0.01531100 -0.02801750 -0.02691200
v 0.01531600 -0.00063450 -0.02618900
v 0.01532300 0.04024750 -0.02744700
v 0.01538500 0.00182650 -0.02620200
v 0.01541500 0.07074350 0.01602500
v 0.01546900 0.07917550 0.02347900
v 0.01548500 -0.01292550 -0.02643700
v 0.01548700 -0.06089750 -0.00639200
v 0.01553200 -0.00341950 -0.02625800
v 0.01553800 -0.00703550 -0.02534000
v 0.01554300 0.00585250 -0.02619000
v 0.01555800 -0.03474650 -0.02724800
v 0.01556000 0.04159750 -0.02634500
v 0.01557100 -0.05717750 -0.00990600
v 0.01560600 0.05786150 -0.00996800
v 0.01564400 0.00948250 -0.02524300
v 0.01565000 -0.05156050 -0.01779600
v 0.01566000 -0.06929550 0.01662400
v 0.01567400 -0.00896450 -0.02534200
v 0.01568800 0.05626950 -0.01192300
v 0.01571700 0.04570050 -0.02254000
v 0.01572500 -0.01260850 -0.02534700
v 0.01572900 0.05116350 -0.01768300
v 0.01576700 0.07059050 0.01968900
v 0.01580500 -0.04738350 -0.02042600
v 0.01580800 -0.04235650 -0.02491900
v 0.01580800 -0.04235650 -0.02491900
v 0.01586900 -0.02416250 -0.02585300
v 0.01587200 -0.07351451 0.02667200
v 0.01587200 -0.00927350 -0.02635200
v 0.01589300 -0.07077549 0.01856300
v 0.01589300 0.07114051 0.01943000
v 0.01593600 0.02205550 -0.02578400
v 0.01594200 -0.06400450 0.00184200
v 0.01596200 0.01820750 -0.02553400
v 0.01601100 0.04660750 -0.02267900
v 0.01603200 0.04419850 -0.02478000
v 0.01605100 -0.03350050 -0.02618500
v 0.01606400 -0.07202050 0.02378800
v 0.01607400 -0.07445550 0.02558100
v 0.01610100 0.04831650 -0.02009600
v 0.01610100 0.04831650 -0.02009600
v 0.01611600 0.00428350 -0.02521400
v 0.01614800 -0.00133850 -0.02538900
v 0.01615700 -0.03902950 -0.02741100
v 0.01617600 -0.05993650 -0.00586100
v 0.01620100 0.07282650 0.02425600
v 0.01621300 0.00859450 -0.02623200
v 0.01628700 0.06725250 0.00522200
v 0.01631400 0.02735950 -0.02592600
v 0.01634800 0.06115350 -0.00488300
v 0.01635100 -0.00491550 -0.02535400
v 0.01635800 -0.05398950 -0.01366200
v 0.01637400 0.07712450 0.02576300
v 0.01642800 0.04986250 -0.01864800
v 0.01644000 0.05624450 -0.01309500
v 0.01644900 0.05278050 -0.01585200
v 0.01645500 0.06350150 -0.00031000
v 0.01660600 0.06529550 0.00303100
v 0.01662100 -0.06801150 0.01157300
v 0.01662100 -0.06250750 -0.00324000
v 0.01666400 0.04679950 -0.02136400
v 0.01667300 -0.03996850 -0.02634100
v 0.01669000 0.06425450 -0.00090700
v 0.01669700 0.01479250 -0.02548400
v 0.01671700 -0.01814050 -0.02559500
v 0.01674200 -0.00621350 -0.02631300
v 0.01676500 -0.01682150 -0.02657600
v 0.01679000 0.07427050 0.02398300
v 0.01679100 0.02889150 -0.02683000
v 0.01680300 0.06961550 0.01686000
v 0.01681000 -0.04900050 -0.01982800
v 0.01682800 -0.05413050 -0.01477700
v 0.01685600 -0.04712350 -0.02138100
v 0.01685800 -0.03566050 -0.02632900
v 0.01686100 -0.04343750 -0.02494200
v 0.01687700 0.04056850 -0.02649600
v 0.01695800 -0.06680951 0.00557600
v 0.01698500 -0.03063950 -0.02709300
v 0.01699000 -0.06424650 0.00052300
v 0.01700400 0.05454750 -0.01361000
v 0.01702000 -0.06957750 0.01941100
v 0.01707100 -0.02527350 -0.02686800
v 0.01709000 0.04858350 -0.01940500
v 0.01709000 0.04858350 -0.01940500
v 0.01710000 0.01165650 -0.02550000
v 0.01710800 0.02478450 -0.02576000
v 0.01712300 0.03611750 -0.02633700
v 0.01713900 -0.07045750 0.02364100
v 0.01719200 -0.06253150 -0.00078000
v 0.01720700 0.01478750 -0.02641200
v 0.01721400 -0.06846450 0.01404000
v 0.01721900 0.07694349 0.02214100
v 0.01731200 0.03282450 -0.02603600
v 0.01734600 0.06175850 -0.00501300
v 0.01734800 -0.02736550 -0.02588800
v 0.01735700 -0.04563450 -0.02122500
v 0.01738700 -0.06670450 0.00855700
v 0.01739000 -0.07778350 0.02372300
v 0.01740500 -0.02053650 -0.02672100
v 0.01741000 -0.06870150 0.01102500
v 0.01742400 -0.04999150 -0.01743000
v 0.01744400 0.03858250 -0.02662600
v 0.01748800 -0.03046650 -0.02622200
v 0.01751700 0.02188550 -0.02661700
v 0.01752100 -0.07709150 0.02719200
v 0.01752200 0.05848050 -0.00846100
v 0.01754100 0.04851050 -0.02058700
v 0.01755000 -0.04331550 -0.02328400
v 0.01755500 -0.07082550 0.02153600
v 0.01760000 -0.04501750 -0.02318300
v 0.01761200 0.03512350 -0.02712300
v 0.01761500 0.07179049 0.02231800
v 0.01763300 -0.00220450 -0.02624200
v 0.01765800 0.04272650 -0.02463000
v 0.01766600 -0.06488450 0.00425500
v 0.01767900 0.00087350 -0.02525000
v 0.01769800 -0.02139050 -0.02575200
v 0.01770000 -0.05655950 -0.00996100
v 0.01775800 0.01135050 -0.02630000
v 0.01780400 0.06822950 0.01117600
v 0.01783300 0.06000350 -0.00763000
v 0.01784700 -0.05210750 -0.01525800
v 0.01786600 0.07074950 0.02222800
v 0.01791000 0.05330750 -0.01602100
v 0.01795600 -0.04183850 -0.02481000
v 0.01795600 -0.04183850 -0.02481000
v 0.01796900 0.06608550 0.00541500
v 0.01797100 0.02947150 -0.02599100
v 0.01798100 0.01795350 -0.02560200
v 0.01801500 0.06735450 0.00880400
v 0.01802200 0.06409350 0.00144300
v 0.01806900 -0.05811350 -0.00771900
v 0.01807300 -0.06995650 0.01701000
v 0.01816000 -0.05855450 -0.00871900
v 0.01818400 0.05782950 -0.01060900
v 0.01820200 -0.01433050 -0.02655800
v 0.01821000 0.01796050 -0.02649400
v 0.01821000 0.06136450 -0.00348900
v 0.01821600 0.02053350 -0.02575300
v 0.01823600 0.06922950 0.01230500
v 0.01826000 -0.06108450 -0.00317200
v 0.01828000 -0.05248350 -0.01595900
v 0.01831100 -0.02432550 -0.02589900
v 0.01836200 0.04780150 -0.01970500
v 0.01840100 -0.05074850 -0.01768000
v 0.01840200 -0.03758050 -0.02635700
v 0.01840400 -0.07194050 0.02591100
v 0.01843300 0.02500150 -0.02678200
v 0.01845900 0.06990249 0.01995400
v 0.01846700 -0.05515650 -0.01150400
v 0.01847900 -0.03704850 -0.02741200
v 0.01849100 -0.06044350 -0.00561900
v 0.01850700 0.06989150 0.01562800
v 0.01851600 0.05942050 -0.00656400
v 0.01851700 0.03931150 -0.02748500
v 0.01855000 0.07567550 0.02576300
v 0.01856600 -0.03286250 -0.02722800
v 0.01859100 -0.00241850 -0.02524400
v 0.01859600 -0.01534850 -0.02566600
v 0.01860300 0.04939550 -0.01820500
v 0.01860300 0.04939550 -0.01820500
v 0.01863600 0.06286550 -0.00059600
v 0.01863800 0.06759951 0.00731100
v 0.01864400 -0.01034850 -0.02564300
v 0.01864700 -0.04786650 -0.01883800
v 0.01867200 0.07043950 0.01877700
v 0.01870300 0.04199050 -0.02633300
v 0.01871200 0.03225950 -0.02699000
v 0.01871400 -0.04192350 -0.02577800
v 0.01873600 0.00664450 -0.02524700
v 0.01874100 -0.07221051 0.02475200
v 0.01874300 0.05052250 -0.01703000
v 0.01874300 0.05052250 -0.01703000
v 0.01875300 -0.05517950 -0.01296100
v 0.01876000 -0.06905950 0.01376000
v 0.01879800 -0.06728850 0.01196000
v 0.01880100 -0.00486850 -0.02632400
v 0.01880400 0.00395850 -0.02541000
v 0.01884600 0.07846550 0.02402400
v 0.01886500 -0.06552350 0.00405800
v 0.01889000 0.05645850 -0.01036500
v 0.01890000 -0.05682850 -0.01080800
v 0.01890500 -0.06548550 0.00619900
v 0.01893400 -0.00922250 -0.02644600
v 0.01894000 -0.01218750 -0.02651700
v 0.01896900 -0.00709850 -0.02541600
v 0.01898400 -0.07449150 0.02732000
v 0.01899900 0.00772350 -0.02624100
v 0.01904800 -0.02405950 -0.02689800
v 0.01904800 -0.01251450 -0.02552800
v 0.01905500 0.00394750 -0.02622400
v 0.01910200 0.07247950 0.02445300
v 0.01911500 0.03512750 -0.02635400
v 0.01914100 -0.04208650 -0.02374500
v 0.01914100 -0.04208650 -0.02374500
v 0.01916400 -0.03443550 -0.02651700
v 0.01918800 0.00118250 -0.02630400
v 0.01921900 0.04439250 -0.02324400
v 0.01922400 0.01275950 -0.02541600
v 0.01923000 0.04567050 -0.02119600
v 0.01925500 0.05207950 -0.01533100
v 0.01926800 0.06834649 0.01355200
v 0.01930500 0.06549250 0.00303300
v 0.01931800 0.06909550 0.01650700
v 0.01936300 0.02259550 -0.02590700
v 0.01938800 -0.06973450 0.02340800
v 0.01939300 -0.00219250 -0.02635500
v 0.01940400 0.00948950 -0.02528300
v 0.01942200 0.05071950 -0.01805500
v 0.01942300 -0.02932850 -0.02605700
v 0.01945800 -0.02818150 -0.02706600
v 0.01950600 -0.06849250 0.01716200
v 0.01958100 -0.07425350 0.02516100
v 0.01958500 -0.04417650 -0.02183900
v 0.01961300 -0.04651050 -0.02001800
v 0.01966300 0.06828650 0.01032900
v 0.01966400 -0.07715950 0.02654800
v 0.01968400 0.05552350 -0.01264000
v 0.01970800 -0.06907350 0.02046500
v 0.01975700 0.04396050 -0.02246200
v 0.01975700 0.06411250 0.00066900
v 0.01975900 0.07615750 0.02234200
v 0.01983700 -0.06263350 -0.00113100
v 0.01984600 -0.06712750 0.00814500
v 0.01985200 0.02653150 -0.02582500
v 0.01986200 0.07383250 0.02393100
v 0.01989500 -0.05923850 -0.00503000
v 0.01989500 0.05409350 -0.01304100
v 0.01990900 0.03877050 -0.02655600
v 0.01993500 0.01619150 -0.02556900
v 0.01995600 -0.01948350 -0.02577900
v 0.02001700 0.06669550 0.00850500
v 0.02002600 -0.01716050 -0.02668900
v 0.02006800 0.07094751 0.02214100
v 0.02012000 -0.06214450 0.00055500
v 0.02013200 -0.05117450 -0.01515800
v 0.02013800 -0.06985650 0.02013800
v 0.02013800 -0.06343150 0.00275500
v 0.02015300 -0.07036850 0.02232200
v 0.02017100 0.03080850 -0.02604200
v 0.02020800 0.04168650 -0.02456900
v 0.02021300 -0.03780550 -0.02635500
v 0.02024100 0.05050750 -0.01687400
v 0.02024100 0.05050750 -0.01687400
v 0.02026700 -0.05339850 -0.01297700
v 0.02028100 0.06013050 -0.00445500
v 0.02029000 0.02665450 -0.02682900
v 0.02030800 0.05394450 -0.01417700
v 0.02035300 -0.07730550 0.02395200
v 0.02035600 -0.00451250 -0.02554400
v 0.02035900 -0.03127650 -0.02721700
v 0.02036800 0.07017650 0.02240300
v 0.02038500 -0.02649750 -0.02589000
v 0.02041800 0.00033050 -0.02542300
v 0.02045400 -0.04091050 -0.02445200
v 0.02046600 -0.02060250 -0.02679900
v 0.02049400 0.05783550 -0.00814300
v 0.02049600 -0.04552850 -0.02151500
v 0.02050500 -0.04784750 -0.01963800
v 0.02051500 -0.04886250 -0.01735100
v 0.02053000 -0.03256550 -0.02624900
v 0.02055300 0.05924250 -0.00766400
v 0.02057300 0.03660350 -0.02737700
v 0.02058600 0.04619150 -0.02124000
v 0.02059700 -0.06406150 0.00228400
v 0.02059800 0.06893550 0.01871100
v 0.02060100 0.06150450 -0.00190300
v 0.02062400 0.06426850 0.00336100
v 0.02064900 -0.02240650 -0.02591100
v 0.02065500 -0.03976250 -0.02673200
v 0.02066100 0.06064550 -0.00505300
v 0.02069200 -0.06891850 0.01546100
v 0.02071600 -0.00218850 -0.02543100
v 0.02072500 -0.06549050 0.00794600
v 0.02077600 -0.06086850 -0.00387600
v 0.02078000 0.03383150 -0.02716600
v 0.02083600 -0.04208350 -0.02288900
v 0.02083600 -0.04208350 -0.02288900
v 0.02085200 -0.05661950 -0.00866600
v 0.02086100 -0.05374050 -0.01352300
v 0.02086600 0.02912150 -0.02692500
v 0.02089600 0.06258550 -0.00148800
v 0.02091100 0.01985150 -0.02660700
v 0.02094900 0.01208450 -0.02636100
v 0.02095200 -0.00549550 -0.02639600
v 0.02098000 0.07795250 0.02408900
v 0.02098300 0.05136350 -0.01569300
v 0.02098300 0.05136350 -0.01569300
v 0.02099500 -0.07028150 0.02513000
v 0.02100500 0.04900950 -0.01781100
v 0.02102100 -0.04265250 -0.02390800
v 0.02104900 0.06662349 0.00674200
v 0.02109100 -0.06812150 0.01248500
v 0.02109500 -0.06720950 0.01325200
v 0.02115500 -0.06065850 -0.00222500
v 0.02115500 0.01890450 -0.02570400
v 0.02116000 -0.04928950 -0.01806300
v 0.02116900 0.00668150 -0.02626700
v 0.02117400 0.02211550 -0.02670700
v 0.02118100 -0.06629250 0.01023500
v 0.02124100 0.04717250 -0.01930600
v 0.02128900 -0.00841650 -0.02563400
v 0.02130700 0.00259150 -0.02533900
v 0.02132500 -0.06399050 0.00496400
v 0.02134500 0.04809150 -0.01960000
v 0.02134600 0.01604650 -0.02647400
v 0.02135400 -0.03419650 -0.02737800
v 0.02137500 -0.05839250 -0.00744500
v 0.02139900 0.06532450 0.00584500
v 0.02141600 -0.01614650 -0.02574000
v 0.02143600 0.06966750 0.01874500
v 0.02147100 0.03572450 -0.02663200
v 0.02147200 -0.02588850 -0.02701500
v 0.02149600 0.00356450 -0.02629100
v 0.02152700 -0.06763350 0.01604700
v 0.02153000 0.06821050 0.01616800
v 0.02153800 -0.07256550 0.02686100
v 0.02156700 0.01450350 -0.02543600
v 0.02157900 0.00519650 -0.02537800
v 0.02162000 0.02527750 -0.02598400
v 0.02164600 0.06877650 0.01485500
v 0.02165300 0.07471150 0.02566000
v 0.02165400 -0.05135350 -0.01588000
v 0.02165600 -0.02855150 -0.02628300
v 0.02169100 0.06326450 0.00207900
v 0.02174400 -0.02283150 -0.02690500
v 0.02177000 -0.00072750 -0.02634300
v 0.02181400 0.06697750 0.01105300
v 0.02189500 0.04305250 -0.02347200
v 0.02189900 0.06902250 0.02106000
v 0.02195400 -0.06871350 0.02211700
v 0.02197700 0.05899550 -0.00539400
v 0.02199200 0.05323950 -0.01321600
v 0.02200000 -0.02459950 -0.02606900
v 0.02200700 -0.05581050 -0.01061700
v 0.02201500 0.03222050 -0.02633800
v 0.02204300 -0.05475150 -0.01045800
v 0.02204400 -0.04346050 -0.02151300
v 0.02208100 0.03974950 -0.02535400
v 0.02209300 -0.02901450 -0.02718600
v 0.02210900 0.02426150 -0.02681700
v 0.02212200 0.05549850 -0.01026100
v 0.02212400 -0.03665250 -0.02735000
v 0.02212400 0.05722750 -0.00971100
v 0.02215600 -0.06257050 0.00009800
v 0.02215800 0.04478650 -0.02093800
v 0.02216800 0.06746950 0.01367700
v 0.02220100 -0.00647550 -0.02548900
v 0.02223700 -0.01054150 -0.02568700
v 0.02224400 0.07057550 0.02367200
v 0.02225500 0.05154250 -0.01475900
v 0.02225500 0.05154250 -0.01475900
v 0.02227300 0.03865750 -0.02710400
v 0.02228300 0.07592750 0.02224100
v 0.02229100 -0.01449850 -0.02668800
v 0.02232200 -0.01348150 -0.02573600
v 0.02235600 -0.03153150 -0.02637800
v 0.02236800 -0.03527650 -0.02660200
v 0.02239500 -0.05907350 -0.00383300
v 0.02241200 0.06704149 0.00911700
v 0.02242400 -0.06652851 0.00896200
v 0.02242400 0.00829350 -0.02535700
v 0.02243900 0.07238150 0.02392700
v 0.02244500 0.04918650 -0.01710600
v 0.02247000 -0.07613450 0.02680200
v 0.02247800 -0.06528950 0.00599200
v 0.02249000 -0.07068450 0.02433600
v 0.02249800 0.02894450 -0.02604000
v 0.02251200 -0.01229050 -0.02665400
v 0.02251900 -0.04545450 -0.01962600
v 0.02255900 0.06585050 0.00838100
v 0.02256400 -0.03831450 -0.02558100
v 0.02261100 0.01165950 -0.02536700
v 0.02261400 -0.05217350 -0.01309500
v 0.02262400 -0.04038250 -0.02378000
v 0.02264000 0.06553550 0.00534700
v 0.02264100 -0.04953850 -0.01583400
v 0.02265700 0.04136050 -0.02346900
v 0.02266100 -0.01912650 -0.02592200
v 0.02268000 0.05880350 -0.00675700
v 0.02268400 0.06214050 0.00090500
v 0.02269000 0.03195550 -0.02711500
v 0.02270100 0.05679950 -0.00827100
v 0.02274900 -0.06857450 0.01695600
v 0.02274900 -0.02181150 -0.02600000
v 0.02280300 -0.00964250 -0.02657400
v 0.02285000 0.02248350 -0.02586400
v 0.02285700 -0.05751650 -0.00601400
v 0.02286400 0.00904750 -0.02632200
v 0.02289600 0.06987050 0.02153900
v 0.02292700 -0.07643250 0.02384500
v 0.02297000 -0.04712650 -0.01797700
v 0.02297700 -0.05344750 -0.01307300
v 0.02299500 0.05995450 -0.00326500
v 0.02303100 -0.07302350 0.02542400
v 0.02303300 0.05245150 -0.01465600
v 0.02308400 0.00092450 -0.02543800
v 0.02315000 -0.04187650 -0.02218000
v 0.02315000 -0.04187650 -0.02218000
v 0.02315200 -0.04242250 -0.02326000
v 0.02317400 -0.06752650 0.01822200
v 0.02321000 -0.06406650 0.00387600
v 0.02321400 0.04084550 -0.02489300
v 0.02324500 -0.03182250 -0.02733000
v 0.02332400 0.01751150 -0.02562800
v 0.02332600 -0.05907950 -0.00527600
v 0.02334000 -0.06699150 0.01138900
v 0.02335500 -0.06613750 0.01165000
v 0.02336800 0.06067050 -0.00343900
v 0.02339800 -0.01808350 -0.02682400
v 0.02340200 -0.04507550 -0.02077800
v 0.02342700 -0.00197150 -0.02539900
v 0.02344300 -0.06143550 0.00117100
v 0.02346100 0.06123450 -0.00049000
v 0.02350300 0.01921950 -0.02662500
v 0.02352400 0.05025450 -0.01677400
v 0.02352800 0.07142250 0.02470400
v 0.02359900 0.05177050 -0.01384300
v 0.02359900 0.05177050 -0.01384300
v 0.02361300 0.04546150 -0.02092100
v 0.02365300 -0.06021450 -0.00084000
v 0.02371800 0.02646450 -0.02586700
v 0.02372700 -0.02596050 -0.02710200
v 0.02377200 -0.00463950 -0.02560100
v 0.02378900 0.03411850 -0.02658600
v 0.02379300 -0.06109050 -0.00148500
v 0.02379600 -0.06391850 0.00639000
v 0.02384000 0.06809850 0.01911500
v 0.02391500 0.06640650 0.01184300
v 0.02394200 -0.02650450 -0.02625700
v 0.02394700 0.06424150 0.00363200
v 0.02395100 0.05797750 -0.00588400
v 0.02397000 -0.02140450 -0.02694200
v 0.02397700 0.03824850 -0.02585600
v 0.02397800 0.04932750 -0.01626400
v 0.02398400 0.06264750 0.00037400
v 0.02399100 -0.03067050 -0.02632100
v 0.02399600 0.06355650 0.00417300
v 0.02400000 0.05501650 -0.01143900
v 0.02403000 0.06729050 0.01607300
v 0.02404200 -0.06842350 0.02402900
v 0.02407800 -0.04787950 -0.01815600
v 0.02409400 -0.01178150 -0.02573700
v 0.02411200 -0.00677950 -0.02651900
v 0.02411200 0.06726450 0.01171100
v 0.02415200 -0.03904450 -0.02603300
v 0.02415300 0.05348850 -0.01172600
v 0.02416700 0.02671550 -0.02692600
v 0.02423200 -0.06258350 0.00391400
v 0.02423700 0.01507450 -0.02647100
v 0.02426200 -0.01586950 -0.02584000
v 0.02428500 -0.06637450 0.01400000
v 0.02431000 0.00694750 -0.02539500
v 0.02431600 0.06884550 0.01955000
v 0.02431900 0.03757650 -0.02703000
v 0.02432300 0.00298550 -0.02531700
v 0.02433700 -0.07038350 0.02586700
v 0.02437000 -0.05598050 -0.00908600
v 0.02437000 0.07697650 0.02415100
v 0.02437900 -0.04819350 -0.01637600
v 0.02438800 0.07437350 0.02263300
v 0.02442000 0.04830050 -0.01829100
v 0.02444300 -0.00333050 -0.02642400
v 0.02445300 0.00244950 -0.02635000
v 0.02447000 0.06867550 0.02213900
v 0.02451200 0.06138550 -0.00133500
v 0.02451300 -0.05555550 -0.00799000
v 0.02452500 -0.05178250 -0.01270500
v 0.02454800 -0.07469750 0.02724900
v 0.02455200 -0.06895851 0.02182100
v 0.02456800 0.01484250 -0.02559000
v 0.02459200 0.07497250 0.02550400
v 0.02459300 0.00598350 -0.02636500
v 0.02465400 0.04571250 -0.01915300
v 0.02468100 0.02412350 -0.02683200
v 0.02468200 -0.02097650 -0.02596600
v 0.02468600 -0.05355150 -0.01051300
v 0.02469500 0.06438450 0.00672900
v 0.02470500 -0.06830050 0.01885200
v 0.02472200 -0.03881150 -0.02425000
v 0.02473900 0.07149350 0.02381400
v 0.02474300 0.03076450 -0.02619600
v 0.02474600 0.01073050 -0.02638500
v 0.02478400 0.05153550 -0.01328000
v 0.02478400 0.05153550 -0.01328000
v 0.02478600 0.06788050 0.01532800
v 0.02480200 0.02040650 -0.02585800
v 0.02483200 -0.04231650 -0.02113800
v 0.02483200 -0.04231650 -0.02113800
v 0.02483900 -0.04981250 -0.01604600
v 0.02485700 -0.03392250 -0.02638600
v 0.02490200 -0.00046650 -0.02640700
v 0.02493100 -0.06438550 0.00865100
v 0.02493300 0.02392450 -0.02589900
v 0.02495000 0.04298250 -0.02115000
v 0.02496900 -0.07569850 0.02394700
v 0.02497000 0.04230150 -0.02252800
v 0.02501400 0.01079050 -0.02547500
v 0.02502100 -0.02344150 -0.02625800
v 0.02517700 -0.05885150 -0.00231900
v 0.02521100 -0.06496050 0.01091900
v 0.02521300 -0.00899150 -0.02582800
v 0.02524600 0.00459850 -0.02546000
v 0.02529100 0.05593750 -0.00805900
v 0.02529500 -0.03044950 -0.02733400
v 0.02530100 0.06017850 -0.00116400
v 0.02530800 0.05844750 -0.00593100
v 0.02531900 -0.03636750 -0.02582900
v 0.02532500 0.04707250 -0.01784600
v 0.02535500 -0.02902950 -0.02623800
v 0.02536300 -0.06240650 0.00229900
v 0.02539200 0.06953350 0.02383400
v 0.02542500 0.06642650 0.01385800
v 0.02543700 -0.00218150 -0.02545800
v 0.02545000 -0.06665149 0.01282400
v 0.02546200 -0.04559450 -0.01942500
v 0.02549000 0.04000850 -0.02337000
v 0.02550200 -0.01517750 -0.02684400
v 0.02554100 -0.05778250 -0.00584400
v 0.02554500 -0.06732350 0.02149900
v 0.02554900 -0.05295050 -0.01220700
v 0.02555200 0.03441150 -0.02747500
v 0.02557300 -0.05002050 -0.01415300
v 0.02557600 -0.07187150 0.02712600
v 0.02557900 0.05617350 -0.00896800
v 0.02558900 -0.04544450 -0.01826500
v 0.02559900 -0.03571050 -0.02724600
v 0.02560000 -0.05754650 -0.00393900
v 0.02560100 -0.04004150 -0.02249200
v 0.02561700 0.06469150 0.00842200
v 0.02563300 -0.06645550 0.01782000
v 0.02563600 0.05184850 -0.01260600
v 0.02563600 0.05184850 -0.01260600
v 0.02563900 -0.02535950 -0.02716000
v 0.02567300 0.02882650 -0.02623800
v 0.02575900 -0.01180450 -0.02671500
v 0.02576200 0.04871050 -0.01606900
v 0.02581800 0.06547650 0.01115100
v 0.02582500 0.06473250 0.00638700
v 0.02585900 -0.01777750 -0.02611300
v 0.02587200 -0.06515750 0.00855500
v 0.02588300 -0.02025850 -0.02695500
v 0.02590900 -0.05966550 -0.00242100
v 0.02592100 0.06582450 0.00925300
v 0.02592500 0.02973650 -0.02720900
v 0.02592800 0.05153150 -0.01410700
v 0.02593900 0.05435350 -0.00966200
v 0.02594500 0.06297650 0.00277300
v 0.02609500 -0.06725650 0.01641000
v 0.02611400 -0.04060250 -0.02320100
v 0.02612200 -0.01293950 -0.02585700
v 0.02612700 0.05863350 -0.00330100
v 0.02613200 -0.06953750 0.02450900
v 0.02618300 0.06203650 0.00291900
v 0.02620900 0.06677150 0.01692200
v 0.02622800 -0.04187850 -0.02077700
v 0.02622800 -0.04187850 -0.02077700
v 0.02624400 0.06971850 0.02300100
v 0.02624900 0.00075250 -0.02555300
v 0.02630300 0.02165950 -0.02682900
v 0.02632200 -0.07188150 0.02557600
v 0.02632500 0.03211550 -0.02654800
v 0.02633100 -0.00905450 -0.02667600
v 0.02634300 -0.06263250 0.00616900
v 0.02636400 -0.06575250 0.01580300
v 0.02637700 0.06100150 0.00114200
v 0.02637800 0.07426950 0.02224400
v 0.02640400 -0.00506550 -0.02657400
v 0.02644400 -0.04212650 -0.02172700
v 0.02644500 -0.03369750 -0.02736800
v 0.02645400 0.06312550 0.00534300
v 0.02646200 -0.00589250 -0.02552300
v 0.02646900 -0.02710450 -0.02625900
v 0.02647100 -0.06365350 0.00565700
v 0.02647300 0.04524150 -0.01964200
v 0.02652700 0.05052450 -0.01378000
v 0.02654100 0.03792250 -0.02582800
v 0.02655700 -0.05612150 -0.00755900
v 0.02658200 0.07247450 0.02549100
v 0.02658800 0.06721450 0.02035600
v 0.02661700 0.05683550 -0.00569100
v 0.02662900 0.03605150 -0.02597100
v 0.02663500 0.01686250 -0.02558800
v 0.02664100 -0.05190850 -0.01109800
v 0.02670000 -0.06843350 0.02536700
v 0.02675200 0.05222650 -0.01173300
v 0.02675200 0.05222650 -0.01173300
v 0.02679400 -0.06060050 0.00240700
v 0.02682500 0.00368250 -0.02638200
v 0.02682900 -0.05955050 0.00011900
v 0.02684600 -0.03111750 -0.02654400
v 0.02686600 -0.04774450 -0.01549500
v 0.02690900 0.01472950 -0.02655600
v 0.02701400 -0.05526050 -0.00690100
v 0.02705400 -0.03835050 -0.02479000
v 0.02705800 0.00946950 -0.02544300
v 0.02706400 0.06154850 0.00094700
v 0.02706800 0.01864850 -0.02672100
v 0.02708300 0.01339850 -0.02554100
v 0.02710300 0.05278750 -0.01222800
v 0.02712500 -0.05398150 -0.01008100
v 0.02715300 0.06788350 0.02234300
v 0.02717500 0.02458550 -0.02601900
v 0.02718900 -0.04158050 -0.02036500
v 0.02718900 -0.04158050 -0.02036500
v 0.02720400 0.05967650 -0.00238300
v 0.02721700 -0.07387350 0.02385900
v 0.02732100 -0.00815950 -0.02581200
v 0.02733600 0.02691950 -0.02616100
v 0.02734200 -0.06510749 0.01386600
v 0.02734300 -0.04691950 -0.01738100
v 0.02738400 -0.00285450 -0.02556400
v 0.02740800 -0.01889950 -0.02611100
v 0.02741900 -0.06631850 0.02047800
v 0.02742200 0.00957450 -0.02637700
v 0.02743100 -0.04983450 -0.01450900
v 0.02746200 0.06736050 0.01774400
v 0.02747300 0.04200850 -0.02175300
v 0.02752000 0.04873750 -0.01622500
v 0.02752600 -0.02492050 -0.02629000
v 0.02753600 -0.01071750 -0.02569500
v 0.02754600 0.01886850 -0.02590700
v 0.02756800 -0.06391650 0.01055600
v 0.02757400 -0.05759150 -0.00464200
v 0.02759600 0.04608750 -0.01733100
v 0.02760500 -0.01618750 -0.02689500
v 0.02760500 0.06787450 0.02076800
v 0.02761600 0.00666750 -0.02533500
v 0.02762200 -0.03387150 -0.02621400
v 0.02766200 -0.06030450 -0.00001100
v 0.02770400 -0.05662350 -0.00404100
v 0.02771700 0.07150550 0.02382200
v 0.02772000 -0.01443150 -0.02612300
v 0.02772200 0.04392950 -0.01920700
v 0.02772600 0.06666250 0.01479800
v 0.02774500 -0.04322750 -0.01911800
v 0.02775200 0.05499750 -0.00758100
v 0.02779900 -0.02173050 -0.02627400
v 0.02780100 0.02521750 -0.02703100
v 0.02784600 -0.05348650 -0.00884200
v 0.02785700 0.04116650 -0.02120000
v 0.02788500 -0.03687450 -0.02404700
v 0.02791200 0.06588050 0.01221800
v 0.02793100 0.07559150 0.02434900
v 0.02793800 0.06391950 0.00910600
v 0.02795300 0.06607350 0.01712800
v 0.02796200 0.05590850 -0.00786100
v 0.02799600 0.00063650 -0.02646400
v 0.02802900 -0.02495250 -0.02720000
v 0.02804500 0.05783050 -0.00463500
v 0.02805000 0.04848650 -0.01478800
v 0.02806200 0.03273350 -0.02672500
v 0.02807200 0.06514750 0.01289900
v 0.02807300 0.02261750 -0.02609200
v 0.02808300 -0.02854050 -0.02740600
v 0.02811200 -0.06710750 0.01973100
v 0.02815800 0.05222950 -0.01068900
v 0.02815800 0.05222950 -0.01068900
v 0.02816200 0.06216650 0.00508000
v 0.02819400 -0.00278350 -0.02655900
v 0.02823300 -0.04509550 -0.01722400
v 0.02823800 0.05961250 0.00025400
v 0.02825000 0.03943050 -0.02211900
v 0.02827300 0.05823950 -0.00214900
v 0.02827800 -0.06808750 0.02358200
v 0.02829300 -0.07513750 0.02525000
v 0.02834500 -0.04956850 -0.01295600
v 0.02834900 -0.03952350 -0.02150100
v 0.02836100 -0.01868150 -0.02699400
v 0.02836300 -0.04140850 -0.01980800
v 0.02836300 -0.04140850 -0.01980800
v 0.02841500 0.04678450 -0.01753600
v 0.02841500 0.06947351 0.02458300
v 0.02842500 -0.07357750 0.02717300
v 0.02847400 0.05389850 -0.01023200
v 0.02851400 -0.06641851 0.01707500
v 0.02852300 -0.06216950 0.00440000
v 0.02852500 -0.07133351 0.02722100
v 0.02855200 -0.04401450 -0.01915900
v 0.02856500 0.03837050 -0.02394600
v 0.02857900 -0.05527950 -0.00731000
v 0.02860900 -0.06484250 0.01116400
v 0.02861900 0.00567950 -0.02642000
v 0.02862100 -0.06280250 0.00844800
v 0.02864000 0.05022150 -0.01408300
v 0.02864100 0.05284950 -0.00963200
v 0.02864100 0.05284950 -0.00963200
v 0.02865200 -0.06050350 0.00364300
v 0.02868200 0.06316150 0.00551100
v 0.02868800 -0.05201550 -0.01150800
v 0.02871500 0.03755950 -0.02342200
v 0.02873500 0.03442850 -0.02711700
v 0.02877900 0.05035250 -0.01259400
v 0.02883200 0.02848650 -0.02638200
v 0.02883700 -0.06657750 0.02379800
v 0.02883900 0.03062950 -0.02743500
v 0.02888600 -0.06387450 0.01217300
v 0.02889100 -0.05750050 -0.00170100
v 0.02892000 -0.01358350 -0.02686100
v 0.02895900 0.06415150 0.00814300
v 0.02896000 0.00069950 -0.02553100
v 0.02901700 0.06682250 0.02212100
v 0.02905500 0.07384350 0.02223400
v 0.02906100 0.06007550 -0.00008500
v 0.02907300 -0.02112150 -0.02711600
v 0.02908100 0.01194850 -0.02559600
v 0.02908900 -0.03091150 -0.02658400
v 0.02910300 0.01466250 -0.02569600
v 0.02912400 -0.03219950 -0.02732500
v 0.02914800 0.06601050 0.01980300
v 0.02915500 -0.06442450 0.01541600
v 0.02922900 -0.06358250 0.00822200
v 0.02923100 -0.05861050 0.00069900
v 0.02923600 0.06484549 0.01054300
v 0.02924600 0.00313250 -0.02554500
v 0.02926300 -0.05119250 -0.01061100
v 0.02931200 -0.05787750 -0.00291000
v 0.02938700 0.06972950 0.02387400
v 0.02939000 -0.06798050 0.02580800
v 0.02939500 0.02126550 -0.02594900
v 0.02941300 -0.03418350 -0.02530500
v 0.02942900 -0.03562250 -0.02566700
v 0.02943600 -0.04156450 -0.02066600
v 0.02944000 0.05625750 -0.00429600
v 0.02944800 -0.06517950 0.01894700
v 0.02947300 0.03605050 -0.02552300
v 0.02947300 0.05144250 -0.01225900
v 0.02951500 -0.04731750 -0.01598700
v 0.02951600 -0.06540850 0.01416100
v 0.02951700 -0.03905250 -0.02254400
v 0.02953100 -0.06164950 0.00675100
v 0.02953400 -0.04720450 -0.01468600
v 0.02953800 -0.05493250 -0.00523400
v 0.02954000 -0.01564250 -0.02608200
v 0.02956300 -0.02685150 -0.02640800
v 0.02957000 -0.06023850 0.00172400
v 0.02965000 0.04672250 -0.01567900
v 0.02966300 0.00561450 -0.02545400
v 0.02976300 0.02493950 -0.02622500
v 0.02977800 0.05287350 -0.00882700
v 0.02977800 0.05287350 -0.00882700
v 0.02978700 0.07302950 0.02564100
v 0.02979700 0.00270250 -0.02649800
v 0.02981100 -0.00641350 -0.02671300
v 0.02983400 0.06345250 0.00971100
v 0.02984100 0.05984750 0.00192500
v 0.02984900 0.01268750 -0.02659700
v 0.02985100 0.03486950 -0.02518900
v 0.02988900 0.06477550 0.01544900
v 0.02991000 -0.06997149 0.02555100
v 0.02991700 0.05664550 -0.00514700
v 0.02992600 0.01687750 -0.02674800
v 0.02994500 -0.00870850 -0.02579900
v 0.02997100 -0.03843550 -0.02107000
v 0.02998300 -0.04144150 -0.01928300
v 0.02998300 -0.04144150 -0.01928300
v 0.02999800 -0.00223350 -0.02570900
v 0.03002000 -0.01128350 -0.02689300
v 0.03006600 0.06645951 0.01931400
v 0.03007100 0.00924550 -0.02562000
v 0.03007800 0.04210050 -0.02036100
v 0.03008900 -0.04535150 -0.01746000
v 0.03014400 0.02319750 -0.02701900
v 0.03014700 -0.01201050 -0.02595700
v 0.03016100 0.05077350 -0.01120900
v 0.03016200 -0.01620650 -0.02701400
v 0.03018300 0.05810950 -0.00262300
v 0.03021200 0.06150450 0.00577500
v 0.03032400 0.04410450 -0.01892300
v 0.03032600 -0.00660250 -0.02575200
v 0.03032600 0.04212250 -0.01917500
v 0.03033200 0.04447450 -0.01742400
v 0.03040400 -0.02364050 -0.02727900
v 0.03040700 -0.06694550 0.02321300
v 0.03042400 0.06131850 0.00335800
v 0.03045800 -0.03567550 -0.02329900
v 0.03046600 0.06752350 0.02250900
v 0.03051500 -0.06235050 0.00670500
v 0.03054200 0.05448350 -0.00777100
v 0.03058600 0.06377250 0.01227500
v 0.03059100 0.03997450 -0.02167600
v 0.03065900 -0.00907750 -0.02683900
v 0.03065900 0.05297950 -0.00828900
v 0.03065900 0.05297950 -0.00828900
v 0.03068700 -0.00452750 -0.02578700
v 0.03070600 0.06517450 0.01420800
v 0.03070900 0.03066750 -0.02669000
v 0.03071400 0.06512350 0.01835500
v 0.03072300 -0.06512150 0.02214900
v 0.03072400 0.01746650 -0.02597000
v 0.03073100 -0.05597050 -0.00484800
v 0.03074100 -0.06093450 0.00410800
v 0.03074500 -0.04450050 -0.01652900
v 0.03077300 -0.05248150 -0.00773300
v 0.03079800 -0.06589150 0.01992900
v 0.03080700 -0.02383650 -0.02663200
v 0.03081300 -0.02138350 -0.02632200
v 0.03083400 0.03943150 -0.02088300
v 0.03085600 -0.04196750 -0.01848500
v 0.03085600 -0.04196750 -0.01848500
v 0.03085700 0.06977250 0.02520600
v 0.03088000 0.05435550 -0.00617400
v 0.03089700 -0.06336450 0.01347000
v 0.03090400 0.03309150 -0.02686900
v 0.03091200 -0.03012850 -0.02632500
v 0.03091200 0.00956950 -0.02651200
v 0.03091600 0.02009450 -0.02693000
v 0.03094000 -0.01831050 -0.02629400
v 0.03095900 0.04815150 -0.01473500
v 0.03100400 0.05714250 -0.00174600
v 0.03100700 0.03315950 -0.02564000
v 0.03100900 -0.05986850 0.00459700
v 0.03101000 -0.00105550 -0.02664900
v 0.03103500 -0.06896050 0.02667200
v 0.03103900 0.02596350 -0.02730400
v 0.03104800 -0.05545150 -0.00338900
v 0.03108800 -0.04022450 -0.01944100
v 0.03109200 0.04611750 -0.01646000
v 0.03111400 -0.05109950 -0.01089500
v 0.03112200 -0.04881850 -0.01332700
v 0.03119000 -0.02632750 -0.02737200
v 0.03124000 -0.07184450 0.02734900
v 0.03127000 -0.05876350 0.00048900
v 0.03128400 -0.06507450 0.01645300
v 0.03131400 0.07421050 0.02421600
v 0.03132800 -0.01896750 -0.02717100
v 0.03133200 -0.05375050 -0.00758500
v 0.03133300 -0.04843550 -0.01206400
v 0.03136100 0.03794650 -0.02258200
v 0.03139000 0.04896050 -0.01233800
v 0.03139900 0.01341650 -0.02572100
v 0.03144000 -0.07374950 0.02457800
v 0.03144400 -0.07196550 0.02393200
v 0.03149000 -0.03691450 -0.02162500
v 0.03149000 0.05303850 -0.00747200
v 0.03149000 0.05303850 -0.00747200
v 0.03150900 0.04766950 -0.01357100
v 0.03153400 -0.05800350 0.00196600
v 0.03153800 -0.05677550 -0.00031500
v 0.03154300 -0.05037450 -0.00984900
v 0.03155100 0.05221250 -0.01004500
v 0.03159900 0.03561650 -0.02305200
v 0.03160400 0.06722150 0.02408500
v 0.03161400 -0.04266850 -0.01871100
v 0.03164400 -0.05340850 -0.00561200
v 0.03168600 -0.06379050 0.01746300
v 0.03171400 0.05915250 0.00261600
v 0.03174100 0.06522150 0.02125300
v 0.03179100 -0.02872550 -0.02740300
v 0.03179200 0.02794150 -0.02654100
v 0.03181600 -0.03767350 -0.02225900
v 0.03184000 -0.06149750 0.00968700
v 0.03184900 -0.03360450 -0.02404000
v 0.03191100 -0.03568750 -0.02379600
v 0.03199200 -0.04630250 -0.01379400
v 0.03202000 0.00707850 -0.02650500
v 0.03202900 0.07243850 0.02221900
v 0.03205500 -0.06383750 0.01286500
v 0.03206900 0.06991950 0.02371500
v 0.03207800 0.06186150 0.00616300
v 0.03208100 0.05000850 -0.01187600
v 0.03208500 0.06531550 0.01797100
v 0.03211500 0.06402450 0.01618000
v 0.03211700 0.02106850 -0.02615300
v 0.03213800 -0.01458950 -0.02707800
v 0.03216500 -0.04180950 -0.01783200
v 0.03216500 -0.04180950 -0.01783200
v 0.03218000 0.00377550 -0.02557400
v 0.03219300 0.05906150 0.00101200
v 0.03220500 0.06315150 0.00944700
v 0.03222100 0.02986350 -0.02738700
v 0.03222300 0.06116750 0.00705700
v 0.03224200 0.02477050 -0.02640100
v 0.03228200 -0.04590850 -0.01547300
v 0.03231100 0.05168150 -0.00874600
v 0.03234200 -0.05991550 0.00627400
v 0.03234400 0.03689850 -0.02170900
v 0.03235900 -0.06415550 0.02058700
v 0.03237200 -0.03113350 -0.02682800
v 0.03239900 -0.03803450 -0.02021400
v 0.03241300 -0.00460150 -0.02678700
v 0.03243300 0.05709750 -0.00058500
v 0.03243400 -0.00137450 -0.02574200
v 0.03255600 -0.06734550 0.02496200
v 0.03256600 0.04547750 -0.01508300
v 0.03259900 -0.06578750 0.02527600
v 0.03260000 0.05478050 -0.00566600
v 0.03263100 0.00342250 -0.02662500
v 0.03265500 0.06288150 0.01244700
v 0.03265900 -0.03346350 -0.02503000
v 0.03272800 0.06726750 0.02326200
v 0.03273600 -0.06222950 0.01276700
v 0.03274300 0.05513650 -0.00308500
v 0.03278600 0.06557550 0.02097400
v 0.03279100 0.07138150 0.02554000
v 0.03281100 0.04414650 -0.01737600
v 0.03283200 0.06187950 0.00992000
v 0.03283700 0.00980250 -0.02579600
v 0.03284000 -0.05658650 -0.00183800
v 0.03285200 0.05295650 -0.00631700
v 0.03285200 0.05295650 -0.00631700
v 0.03286400 0.03494750 -0.02392300
v 0.03289000 -0.02840550 -0.02646300
v 0.03289800 -0.01407350 -0.02628900
v 0.03291200 -0.06988650 0.02503000
v 0.03292500 0.04300750 -0.01689700
v 0.03293800 0.04969250 -0.01019800
v 0.03294000 -0.06474050 0.01933100
v 0.03295400 0.01399850 -0.02678100
v 0.03301800 -0.00797450 -0.02624100
v 0.03302200 -0.06540550 0.02220700
v 0.03303400 0.00643050 -0.02589500
v 0.03303500 0.03952350 -0.01951300
v 0.03303600 -0.05911350 0.00299500
v 0.03304500 -0.02129850 -0.02730700
v 0.03307000 -0.03974950 -0.01995200
v 0.03312200 -0.06247150 0.01554900
v 0.03313100 -0.06250350 0.01057400
v 0.03314300 -0.01086750 -0.02597800
v 0.03315400 -0.05158650 -0.00678500
v 0.03316000 -0.03526650 -0.02186000
v 0.03322600 0.01455050 -0.02590200
v 0.03323400 -0.02545350 -0.02659800
v 0.03323400 0.06416450 0.01525700
v 0.03324800 0.03271550 -0.02556400
v 0.03326600 -0.05476550 -0.00442800
v 0.03328300 -0.01664950 -0.02619100
v 0.03328800 -0.06072550 0.00637900
v 0.03331100 -0.05524950 -0.00102600
v 0.03335900 0.03371850 -0.02341200
v 0.03336200 -0.01182850 -0.02705500
v 0.03336900 0.03157450 -0.02501000
v 0.03337600 0.00087050 -0.02579100
v 0.03339300 0.05807550 0.00247700
v 0.03360000 0.05609150 -0.00282100
v 0.03360600 -0.05176650 -0.00838200
v 0.03363900 -0.04079850 -0.01752900
v 0.03363900 -0.04079850 -0.01752900
v 0.03364600 0.05190650 -0.00882400
v 0.03365500 -0.00659050 -0.02688200
v 0.03368200 0.06425350 0.02090100
v 0.03369400 0.06364250 0.01839100
v 0.03371300 0.05309350 -0.00521900
v 0.03371300 0.05309350 -0.00521900
v 0.03371900 -0.03916150 -0.01875200
v 0.03374600 -0.04992150 -0.01050600
v 0.03376600 -0.03212450 -0.02381200
v 0.03377300 -0.04885450 -0.00971300
v 0.03377900 0.05712850 -0.00078800
v 0.03381200 -0.04421150 -0.01470800
v 0.03382100 -0.07285050 0.02528000
v 0.03382200 -0.06904950 0.02718300
v 0.03384200 0.05926050 0.00505000
v 0.03384300 0.00046150 -0.02676300
v 0.03385400 0.01934750 -0.02629700
v 0.03385800 -0.01994450 -0.02646800
v 0.03386300 -0.02319050 -0.02743300
v 0.03389100 0.05366650 -0.00435800
v 0.03389100 0.05366650 -0.00435800
v 0.03389400 -0.05953150 0.00705600
v 0.03392700 -0.06382150 0.02243400
v 0.03392800 0.04609050 -0.01474400
v 0.03393400 -0.05768250 0.00342400
v 0.03396700 0.02094250 -0.02723500
v 0.03401600 0.06891850 0.02545500
v 0.03403200 0.04203150 -0.01820400
v 0.03407600 0.07311450 0.02440500
v 0.03408300 0.06582750 0.02385400
v 0.03410100 -0.01762550 -0.02726400
v 0.03411700 0.03876750 -0.02052500
v 0.03411800 -0.07126249 0.02695100
v 0.03412300 0.06293750 0.01207000
v 0.03412600 -0.02317350 -0.02663000
v 0.03413600 -0.01477850 -0.02713800
v 0.03414100 0.01728050 -0.02702900
v 0.03415600 -0.00526550 -0.02590300
v 0.03416500 -0.06257250 0.01810800
v 0.03416500 0.04834750 -0.01132000
v 0.03417600 -0.05313050 -0.00435600
v 0.03418100 0.03616550 -0.02227800
v 0.03418600 0.02932150 -0.02587700
v 0.03419400 -0.00257750 -0.02683300
v 0.03423200 -0.06039550 0.01080600
v 0.03425100 -0.00936450 -0.02699800
v 0.03425800 -0.02985350 -0.02495000
v 0.03426600 -0.04383650 -0.01601000
v 0.03434400 0.06227650 0.01356200
v 0.03436600 0.06108150 0.00716400
v 0.03438200 0.00980050 -0.02676900
v 0.03441200 -0.04707450 -0.01296500
v 0.03443000 0.04807550 -0.01236300
v 0.03447200 0.02698750 -0.02654700
v 0.03456100 -0.02609350 -0.02728600
v 0.03460600 0.02233350 -0.02641600
v 0.03463800 0.04504950 -0.01405100
v 0.03465800 0.03495250 -0.02150300
v 0.03465900 -0.05586450 0.00083300
v 0.03466200 0.05177550 -0.00683900
v 0.03468900 0.05578250 -0.00043400
v 0.03477900 -0.04936550 -0.00801300
v 0.03478900 0.01715750 -0.02606500
v 0.03479100 -0.03147050 -0.02488100
v 0.03479200 0.05930050 0.00407500
v 0.03480300 0.00351450 -0.02585700
v 0.03480500 0.03793450 -0.01955400
v 0.03481900 0.00880550 -0.02584500
v 0.03482900 0.06378450 0.01733300
v 0.03485700 -0.04188350 -0.01731000
v 0.03486100 -0.05746350 0.00188200
v 0.03486500 0.06021450 0.00830300
v 0.03486600 0.01389150 -0.02595000
v 0.03487200 0.05721850 0.00242100
v 0.03499200 0.02343250 -0.02743100
v 0.03502100 -0.04641550 -0.01171900
v 0.03503400 0.02728750 -0.02730600
v 0.03503700 -0.03370750 -0.02157800
v 0.03504200 -0.05282450 -0.00560600
v 0.03509600 0.06462350 0.02152800
v 0.03510600 -0.03482850 -0.02211900
v 0.03511400 0.05364150 -0.00316800
v 0.03511400 0.05364150 -0.00316800
v 0.03513900 -0.05057550 -0.00636400
v 0.03515900 -0.05607650 -0.00052600
v 0.03516100 -0.06154850 0.01449000
v 0.03517400 0.06754451 0.02396700
v 0.03518600 0.04189850 -0.01654100
v 0.03525900 -0.06203750 0.01276700
v 0.03526100 0.03330350 -0.02353100
v 0.03528500 0.05252750 -0.00467200
v 0.03531900 -0.02897350 -0.02629100
v 0.03537000 -0.06824350 0.02535800
v 0.03537800 0.06393750 0.02256800
v 0.03542400 -0.06589150 0.02493500
v 0.03543200 0.03093250 -0.02367400
v 0.03546700 -0.06255150 0.01526200
v 0.03547100 -0.06672350 0.02669600
v 0.03549100 -0.05341650 -0.00157800
v 0.03549500 -0.05825650 0.00617400
v 0.03550000 -0.06393350 0.02211900
v 0.03550900 -0.01250450 -0.02626500
v 0.03554300 -0.00865750 -0.02623400
v 0.03554300 0.07031350 0.02225700
v 0.03555900 0.05461050 -0.00136100
v 0.03557000 -0.03542150 -0.02021400
v 0.03558500 -0.01935650 -0.02735800
v 0.03562100 -0.04148350 -0.01587100
v 0.03565700 -0.06340150 0.02445300
v 0.03566900 0.06203450 0.01637800
v 0.03567500 -0.04005850 -0.01698200
v 0.03567500 -0.04005850 -0.01698200
v 0.03568800 -0.03752350 -0.01999400
v 0.03570300 -0.05877350 0.00498100
v 0.03570800 -0.06037750 0.00891300
v 0.03571500 -0.03880750 -0.01761900
v 0.03572100 0.05879250 0.00606000
v 0.03575900 -0.01482350 -0.02619500
v 0.03577200 -0.07079550 0.02373200
v 0.03580700 0.04934450 -0.00840700
v 0.03580700 0.06277950 0.02026500
v 0.03581700 0.04879450 -0.01051500
v 0.03581700 0.06043650 0.01070200
v 0.03583500 0.03064350 -0.02485000
v 0.03584900 0.02402150 -0.02666800
v 0.03585900 -0.00198850 -0.02603900
v 0.03586900 -0.06306650 0.01881700
v 0.03589800 0.06116150 0.00994800
v 0.03590100 0.00435550 -0.02681100
v 0.03590200 0.04666850 -0.01161600
v 0.03591300 0.03975550 -0.01861700
v 0.03595400 0.00603350 -0.02592100
v 0.03596500 -0.02739350 -0.02536800
v 0.03599100 -0.06222850 0.02051300
v 0.03600000 0.07076149 0.02552300
v 0.03601600 -0.05942450 0.00961500
v 0.03606100 0.05244250 -0.00584900
v 0.03608900 -0.05663050 0.00467300
v 0.03610000 -0.04843450 -0.01015100
v 0.03611200 0.04512450 -0.01393300
v 0.03619100 -0.05405750 -0.00252500
v 0.03620000 -0.04270350 -0.01435300
v 0.03621200 0.01141750 -0.02703800
v 0.03621800 0.03256550 -0.02208000
v 0.03625100 0.02010250 -0.02650400
v 0.03630600 0.00132750 -0.02690800
v 0.03630800 0.05349750 -0.00239400
v 0.03630800 0.05349750 -0.00239400
v 0.03633500 0.01415550 -0.02708700
v 0.03633800 0.06078650 0.01284400
v 0.03634100 0.02769050 -0.02513900
v 0.03636000 -0.01240250 -0.02723900
v 0.03636000 0.01112350 -0.02608200
v 0.03640600 -0.00470350 -0.02702300
v 0.03641700 0.04209550 -0.01693100
v 0.03643300 0.04422050 -0.01321100
v 0.03648200 -0.05159250 -0.00415700
v 0.03650200 -0.02966750 -0.02343700
v 0.03653300 -0.04442350 -0.01382800
v 0.03655000 -0.04691150 -0.00960400
v 0.03655300 -0.02050550 -0.02656300
v 0.03655400 -0.06977150 0.02703400
v 0.03656900 0.05378850 -0.00355300
v 0.03657300 0.05685750 0.00170200
v 0.03659300 0.03508850 -0.02140100
v 0.03659400 0.06678650 0.02519900
v 0.03661600 -0.03703550 -0.01844100
v 0.03662000 -0.02134150 -0.02745200
v 0.03662700 -0.05525750 0.00265400
v 0.03665400 0.04767750 -0.00966900
v 0.03665800 -0.03958950 -0.01798700
v 0.03666700 0.05070550 -0.00586400
v 0.03672800 -0.03095550 -0.02355100
v 0.03673700 0.06585650 0.02379300
v 0.03675500 0.06301250 0.01937400
v 0.03675600 0.00801250 -0.02691600
v 0.03677300 -0.02402750 -0.02621000
v 0.03678400 0.04989950 -0.00852400
v 0.03678500 0.00083750 -0.02602300
v 0.03679500 0.05880150 0.00797700
v 0.03683500 0.05549050 0.00159600
v 0.03686300 -0.04397950 -0.01264400
v 0.03688200 -0.07121550 0.02536100
v 0.03691600 -0.05108650 -0.00623300
v 0.03694000 -0.01769650 -0.02663600
v 0.03695600 -0.03207150 -0.02128400
v 0.03699800 0.01828150 -0.02738300
v 0.03700000 -0.05589650 0.00153600
v 0.03703100 -0.01017050 -0.02721600
v 0.03707200 0.05676950 0.00400200
v 0.03707900 0.06157550 0.01341000
v 0.03709500 -0.03941250 -0.01645200
v 0.03709500 -0.03941250 -0.01645200
v 0.03711200 0.06429550 0.02409200
v 0.03714300 -0.01646650 -0.02742100
v 0.03717000 0.04609950 -0.01241000
v 0.03717200 0.04211150 -0.01469500
v 0.03720000 -0.06462650 0.02611000
v 0.03720600 0.01631850 -0.02646900
v 0.03721700 -0.02667950 -0.02606800
v 0.03722100 0.03448950 -0.02017100
v 0.03725800 -0.06202850 0.01764100
v 0.03726600 0.05245750 -0.00335800
v 0.03728500 0.05339350 -0.00154200
v 0.03728500 0.05339350 -0.00154200
v 0.03734800 -0.05367150 0.00069500
v 0.03736700 -0.00712350 -0.02716900
v 0.03738300 -0.04557650 -0.01235500
v 0.03740400 -0.06402550 0.02412700
v 0.03740900 -0.00090050 -0.02707800
v 0.03741700 -0.00866350 -0.02612600
v 0.03742600 0.03729150 -0.01834600
v 0.03745100 0.02462050 -0.02704800
v 0.03747700 0.03945850 -0.01659600
v 0.03748100 0.06142750 0.01821400
v 0.03753100 -0.04840250 -0.00793300
v 0.03753400 -0.03531150 -0.02028400
v 0.03757700 -0.05787750 0.00825900
v 0.03762000 0.06310750 0.02152100
v 0.03765900 -0.05998250 0.01589100
v 0.03766000 -0.05944050 0.01289000
v 0.03769900 0.05934550 0.00792200
v 0.03771500 -0.00520150 -0.02622700
v 0.03781900 0.05354450 -0.00026500
v 0.03781900 0.05354450 -0.00026500
v 0.03789200 0.00933450 -0.02605700
v 0.03794600 0.02769050 -0.02493900
v 0.03795100 0.05450550 -0.00075300
v 0.03795800 0.06171750 0.01618400
v 0.03796900 0.06235750 0.02209500
v 0.03797300 0.05916050 0.01058200
v 0.03798100 -0.04133750 -0.01561000
v 0.03799400 0.07108050 0.02405400
v 0.03801500 -0.01251450 -0.02656800
v 0.03802600 -0.05792250 0.00649900
v 0.03803200 -0.05010350 -0.00423300
v 0.03804900 -0.02638550 -0.02426400
v 0.03805200 -0.02397050 -0.02692100
v 0.03807600 0.03186350 -0.02219800
v 0.03809200 0.04517650 -0.01123500
v 0.03810500 0.03692250 -0.01931300
v 0.03811300 0.06875650 0.02240200
v 0.03812300 -0.04852950 -0.00823100
v 0.03814800 0.00524750 -0.02708600
v 0.03815700 -0.06698150 0.02722100
v 0.03818100 -0.04042250 -0.01473800
v 0.03818800 -0.03238550 -0.02150800
v 0.03821500 -0.05918250 0.00957600
v 0.03822200 -0.02864550 -0.02378800
v 0.03823100 -0.06668950 0.02541600
v 0.03824300 -0.05640250 0.00606600
v 0.03826800 0.02502350 -0.02529900
v 0.03827200 -0.06033350 0.01828400
v 0.03828000 0.01861850 -0.02655000
v 0.03828600 -0.03870150 -0.01601200
v 0.03828600 -0.03870150 -0.01601200
v 0.03831300 -0.03476250 -0.01873900
v 0.03833400 -0.06019650 0.01274000
v 0.03833700 0.00726950 -0.02625900
v 0.03834500 -0.06994551 0.02365000
v 0.03836000 -0.05148450 -0.00120800
v 0.03838600 0.04744050 -0.00998600
v 0.03839100 0.05705450 0.00405700
v 0.03841700 0.06012050 0.01531100
v 0.03846500 0.05958650 0.01300400
v 0.03852500 0.00407550 -0.02618300
v 0.03852700 0.06711550 0.02562200
v 0.03852800 0.05691950 0.00585800
v 0.03854800 -0.06088450 0.02183400
v 0.03855700 -0.05795950 0.01057000
v 0.03858200 -0.06271150 0.02547500
v 0.03858200 0.06123650 0.02007400
v 0.03862900 0.05377450 0.00097800
v 0.03862900 0.05377450 0.00097800
v 0.03867400 0.02991850 -0.02199300
v 0.03869000 0.05040050 -0.00621500
v 0.03871000 0.05463550 0.00222100
v 0.03872300 -0.03006150 -0.02143500
v 0.03873600 -0.06084650 0.01646200
v 0.03874400 -0.04480850 -0.01008200
v 0.03875400 -0.06158650 0.01980900
v 0.03876200 0.04166950 -0.01507800
v 0.03878000 0.02760650 -0.02328900
v 0.03882900 0.03173150 -0.02077100
v 0.03883500 -0.04582950 -0.01061300
v 0.03884600 -0.06202850 0.02238700
v 0.03885800 0.05203250 -0.00152300
v 0.03892400 0.03510250 -0.01849400
v 0.03893000 -0.02041650 -0.02624200
v 0.03893800 0.04339150 -0.01340600
v 0.03894300 0.05770550 0.00847000
v 0.03894800 -0.01651150 -0.02668400
v 0.03895800 0.02181450 -0.02615900
v 0.03898800 -0.01992850 -0.02729000
v 0.03899400 -0.05313950 0.00178800
v 0.03900400 0.05052350 -0.00385400
v 0.03901000 0.01186250 -0.02646100
v 0.03901500 -0.05604850 0.00407900
v 0.03901900 -0.05267150 -0.00173900
v 0.03903600 -0.05058150 -0.00458000
v 0.03905100 0.04856150 -0.00648900
v 0.03906100 -0.04214650 -0.01245100
v 0.03906400 0.01438250 -0.02649200
v 0.03906700 0.03995950 -0.01646900
v 0.03910900 -0.00313450 -0.02720500
v 0.03912000 -0.05381250 0.00033300
v 0.03915900 -0.03671750 -0.01686700
v 0.03919300 0.05536150 0.00425300
v 0.03921300 -0.03573850 -0.01872600
v 0.03921300 -0.00907150 -0.02742500
v 0.03923200 0.04087950 -0.01410800
v 0.03925500 0.05286850 -0.00195600
v 0.03928900 0.05762950 0.00645000
v 0.03929000 -0.05489950 0.00467000
v 0.03929500 0.06123850 0.01810100
v 0.03930200 0.04318950 -0.01220400
v 0.03930500 0.05967250 0.01164200
v 0.03934000 -0.03899350 -0.01483000
v 0.03934000 -0.03899350 -0.01483000
v 0.03936600 0.02215850 -0.02687200
v 0.03937900 -0.01602350 -0.02741800
v 0.03943000 -0.04835650 -0.00512400
v 0.03945200 0.05386050 0.00170600
v 0.03945200 0.05386050 0.00170600
v 0.03947800 0.00230350 -0.02721200
v 0.03948900 -0.00115750 -0.02638700
v 0.03949100 -0.02323850 -0.02472600
v 0.03950100 -0.02644150 -0.02412200
v 0.03952700 -0.02655050 -0.02271300
v 0.03958900 0.01514350 -0.02743400
v 0.03960800 0.01653350 -0.02648600
v 0.03965000 0.06526450 0.02397900
v 0.03970800 0.06055650 0.02140000
v 0.03974000 -0.04343350 -0.01232000
v 0.03976900 0.01146850 -0.02739000
v 0.03978800 -0.00838650 -0.02648100
v 0.03982600 -0.03219450 -0.01919200
v 0.03983200 0.00810150 -0.02726100
v 0.03983700 0.04615750 -0.00842600
v 0.03988500 0.06183550 0.02172500
v 0.03989600 -0.02223650 -0.02633500
v 0.03991900 0.04558050 -0.01057200
v 0.03997900 -0.03279750 -0.02008500
v 0.04000000 -0.06050550 0.02400100
v 0.04002100 -0.06840650 0.02355500
v 0.04004100 -0.00622450 -0.02740700
v 0.04006400 -0.02989650 -0.02152000
v 0.04007000 0.03705050 -0.01649900
v 0.04007100 -0.06908550 0.02615000
v 0.04013200 0.05808750 0.01183800
v 0.04014800 0.03418250 -0.01946300
v 0.04015200 0.05063850 -0.00398900
v 0.04015700 -0.03452350 -0.01750500
v 0.04017200 0.03724650 -0.01758400
v 0.04017400 -0.03809050 -0.01641600
v 0.04018500 -0.04668150 -0.00670800
v 0.04019600 -0.01396650 -0.02741600
v 0.04019600 -0.01101850 -0.02647300
v 0.04023600 0.05957450 0.01827700
v 0.04025800 0.05396450 0.00316700
v 0.04025800 0.05396450 0.00316700
v 0.04028900 -0.05715550 0.00805800
v 0.04028900 0.00478350 -0.02725500
v 0.04031200 0.04781450 -0.00760500
v 0.04032400 0.03170050 -0.02069700
v 0.04032900 0.06831550 0.02229600
v 0.04033600 0.05861050 0.01417700
v 0.04033800 0.06190550 0.02366600
v 0.04036800 -0.04004150 -0.01337800
v 0.04037400 -0.06623750 0.02734500
v 0.04039500 0.06430250 0.02520500
v 0.04041500 0.05491150 0.00288900
v 0.04043300 0.06908450 0.02523900
v 0.04048400 -0.03805350 -0.01497200
v 0.04048400 -0.03805350 -0.01497200
v 0.04048500 0.02659450 -0.02331400
v 0.04049700 -0.05627150 0.00940300
v 0.04051300 -0.06161050 0.02374900
v 0.04053000 -0.01396850 -0.02644900
v 0.04053100 0.01733550 -0.02734700
v 0.04053900 -0.04109950 -0.01367200
v 0.04054300 -0.05439550 0.00308600
v 0.04055600 0.00191350 -0.02642900
v 0.04058100 0.05087450 -0.00095400
v 0.04059200 0.05265050 0.00118100
v 0.04065000 -0.05023150 -0.00139700
v 0.04066300 -0.01154950 -0.02742900
v 0.04068200 0.02904750 -0.02191300
v 0.04069900 -0.04346750 -0.00977700
v 0.04070100 0.03210450 -0.01931500
v 0.04070300 0.05539850 0.00577700
v 0.04076800 -0.00312550 -0.02637800
v 0.04079100 -0.04576650 -0.00888100
v 0.04080100 -0.05186750 0.00136600
v 0.04081800 -0.05096450 -0.00222300
v 0.04082200 -0.06159550 0.02579100
v 0.04082200 0.02356450 -0.02367200
v 0.04082600 -0.05932450 0.01552500
v 0.04083300 -0.05708550 0.01259400
v 0.04091400 0.01936950 -0.02683700
v 0.04091800 -0.05858950 0.01916000
v 0.04094300 0.05937050 0.01435500
v 0.04094700 0.04073750 -0.01261600
v 0.04096200 0.00954950 -0.02655100
v 0.04097200 0.04394150 -0.00965300
v 0.04098300 -0.05783550 0.01598200
v 0.04103100 0.02414050 -0.02434900
v 0.04103200 -0.02109550 -0.02441800
v 0.04104600 -0.05989450 0.01854000
v 0.04105200 0.03434950 -0.01755700
v 0.04112700 -0.02386050 -0.02290100
v 0.04113500 0.01966850 -0.02549400
v 0.04114900 0.00628050 -0.02651600
v 0.04115400 -0.02885550 -0.02013800
v 0.04116200 0.02842850 -0.02085700
v 0.04117400 -0.06436950 0.02560700
v 0.04122800 0.06374850 0.02417700
v 0.04123600 -0.01801450 -0.02545800
v 0.04124600 -0.00534950 -0.02658800
v 0.04127000 -0.05910750 0.02166900
v 0.04128600 -0.04518950 -0.00751700
v 0.04128600 0.05353550 0.00378700
v 0.04128600 0.05353550 0.00378700
v 0.04131200 0.04666850 -0.00644100
v 0.04132000 0.01353550 -0.02737800
v 0.04133400 0.05556450 0.00772600
v 0.04133900 -0.05815250 0.01259000
v 0.04140600 -0.05419550 0.00602700
v 0.04140700 -0.04733250 -0.00651000
v 0.04140800 0.03818650 -0.01600900
v 0.04141400 -0.03821750 -0.01387500
v 0.04141400 -0.03821750 -0.01387500
v 0.04147500 -0.01821950 -0.02661200
v 0.04153000 0.06024850 0.02053000
v 0.04153900 -0.02449850 -0.02348900
v 0.04157300 -0.03378150 -0.01833300
v 0.04160100 0.05753850 0.00987100
v 0.04161300 -0.05531950 0.00602000
v 0.04162100 0.03850250 -0.01403100
v 0.04162100 0.05259350 0.00059600
v 0.04162800 0.02500550 -0.02233800
v 0.04163000 0.05598950 0.00948000
v 0.04165600 0.04825650 -0.00399500
v 0.04174400 -0.04771550 -0.00329500
v 0.04175800 0.06630350 0.02554800
v 0.04176200 -0.04907950 -0.00381400
v 0.04178700 -0.05693650 0.01024600
v 0.04179000 0.05350250 0.00454800
v 0.04179000 0.05350250 0.00454800
v 0.04185200 -0.00172150 -0.02746200
v 0.04185500 0.05803950 0.01682600
v 0.04186300 -0.05238950 0.00385800
v 0.04190200 0.04023350 -0.01360900
v 0.04194700 -0.01571050 -0.02694800
v 0.04200000 -0.05140850 0.00023200
v 0.04201300 0.01281350 -0.02631300
v 0.04204400 -0.03335150 -0.01696100
v 0.04208600 -0.00672950 -0.02739200
v 0.04209700 0.04437850 -0.00980600
v 0.04210900 -0.05915050 0.02425100
v 0.04212500 0.05903050 0.02113600
v 0.04215000 0.00051050 -0.02746700
v 0.04216700 0.03580450 -0.01559500
v 0.04217000 -0.03634250 -0.01487100
v 0.04222800 -0.00867550 -0.02645300
v 0.04224300 -0.05950750 0.02104400
v 0.04225000 -0.02841350 -0.02080100
v 0.04226700 0.04748250 -0.00602900
v 0.04227700 0.03029750 -0.01914500
v 0.04228700 -0.06672250 0.02364700
v 0.04233000 -0.03803550 -0.01456400
v 0.04236200 -0.02643650 -0.02179900
v 0.04238300 0.05088750 -0.00126400
v 0.04238800 -0.04253450 -0.01070800
v 0.04239800 -0.02504650 -0.02123200
v 0.04241500 -0.00387550 -0.02738600
v 0.04246300 -0.06751651 0.02656700
v 0.04246900 -0.01228550 -0.02604700
v 0.04247200 0.00609250 -0.02742300
v 0.04247500 -0.04240450 -0.00932700
v 0.04248600 0.05017450 -0.00005100
v 0.04249900 -0.00075650 -0.02657500
v 0.04249900 0.02072850 -0.02466100
v 0.04250600 0.05677750 0.01324800
v 0.04256000 -0.01904850 -0.02388500
v 0.04258000 0.04442850 -0.00744000
v 0.04258300 0.04251750 -0.01124600
v 0.04258500 0.03223150 -0.01876700
v 0.04259500 -0.03792050 -0.01305200
v 0.04259500 -0.03792050 -0.01305200
v 0.04259500 -0.00874950 -0.02736500
v 0.04259700 -0.05851850 0.01754400
v 0.04261200 0.00360250 -0.02743200
v 0.04264800 -0.03993350 -0.01125600
v 0.04265900 -0.03118950 -0.01899300
v 0.04266000 -0.02207150 -0.02368600
v 0.04266200 0.05879650 0.01732600
v 0.04272000 0.01626050 -0.02638200
v 0.04272500 0.05310850 0.00508100
v 0.04272500 0.05310850 0.00508100
v 0.04272700 -0.04505750 -0.00564500
v 0.04273200 0.01516150 -0.02553800
v 0.04273400 -0.05426150 0.00823500
v 0.04273600 0.02485950 -0.02257300
v 0.04273800 0.05777750 0.01324100
v 0.04279400 0.04142450 -0.01052500
v 0.04280400 -0.01299050 -0.02701200
v 0.04281000 -0.05263850 0.00322700
v 0.04282000 -0.03494350 -0.01655800
v 0.04282000 0.05499950 0.00624500
v 0.04288200 -0.05771950 0.02237000
v 0.04289500 0.05378550 0.00616200
v 0.04289500 0.05378550 0.00616200
v 0.04290500 0.06109350 0.02320800
v 0.04295100 0.02682050 -0.02026700
v 0.04296500 -0.04435550 -0.00827700
v 0.04297600 -0.01562650 -0.02484600
v 0.04297900 0.02143550 -0.02273900
v 0.04302300 0.05268950 0.00236900
v 0.04303600 -0.04804550 -0.00125700
v 0.04306500 0.04891150 -0.00318800
v 0.04307800 0.05139750 0.00269900
v 0.04310600 0.06277750 0.02525800
v 0.04313600 -0.04953550 0.00154000
v 0.04317000 -0.05579950 0.01386500
v 0.04318700 0.05593350 0.00890000
v 0.04318800 -0.06321250 0.02698200
v 0.04321600 -0.03108750 -0.01746400
v 0.04323100 0.05752850 0.01904200
v 0.04325700 -0.05664950 0.01221000
v 0.04325800 0.04601550 -0.00492400
v 0.04326600 0.05896850 0.02038300
v 0.04327600 -0.06064250 0.02609200
v 0.04329400 0.01019650 -0.02601400
v 0.04329600 -0.01928750 -0.02446300
v 0.04329900 -0.02155850 -0.02219400
v 0.04330800 0.06598250 0.02233300
v 0.04333100 -0.05715350 0.01958000
v 0.04335300 0.00386750 -0.02644200
v 0.04336000 -0.01060350 -0.02706500
v 0.04343300 0.01897450 -0.02341100
v 0.04346600 -0.05266650 0.00623600
v 0.04347000 0.06767450 0.02427000
v 0.04349300 0.03414550 -0.01688100
v 0.04352300 0.01204850 -0.02683200
v 0.04353800 -0.06063750 0.02477600
v 0.04355700 0.02662950 -0.02102400
v 0.04357500 0.00847050 -0.02736300
v 0.04358000 0.00732350 -0.02621900
v 0.04358500 -0.01608450 -0.02556200
v 0.04360500 -0.00664650 -0.02624700
v 0.04360800 0.05545750 0.01148300
v 0.04364300 0.03900350 -0.01168000
v 0.04365600 0.03267850 -0.01653300
v 0.04367400 -0.05733850 0.01578800
v 0.04369500 -0.03423150 -0.01489300
v 0.04370200 0.04769050 -0.00202900
v 0.04371800 -0.04690050 -0.00429000
v 0.04372500 -0.02743150 -0.01887500
v 0.04376000 -0.04577350 -0.00358100
v 0.04381000 -0.05049150 0.00092200
v 0.04381200 0.05333350 0.00471200
v 0.04381300 -0.02874550 -0.01945900
v 0.04381400 -0.03685150 -0.01272300
v 0.04381400 -0.03685150 -0.01272300
v 0.04381500 0.03516950 -0.01480900
v 0.04386400 0.05379650 0.00808600
v 0.04389100 -0.05905450 0.02346700
v 0.04392900 -0.00437450 -0.02634500
v 0.04393100 0.03679450 -0.01441800
v 0.04394800 -0.03938150 -0.01210000
v 0.04395800 0.02957250 -0.01933900
v 0.04396000 0.04448850 -0.00777700
v 0.04396700 0.05917650 0.02338500
v 0.04398900 -0.05447550 0.01127400
v 0.04409000 -0.03813850 -0.01142400
v 0.04411700 -0.01733550 -0.02302000
v 0.04415800 -0.05393050 0.00725600
v 0.04417100 0.01735850 -0.02341200
v 0.04417200 0.05596150 0.01493500
v 0.04418000 0.02135850 -0.02265500
v 0.04426100 0.04224550 -0.00957900
v 0.04429100 -0.01276850 -0.02603100
v 0.04429100 -0.01276850 -0.02603100
v 0.04429800 0.04221650 -0.00847400
v 0.04430300 -0.04853950 -0.00142800
v 0.04432100 0.01828650 -0.02395400
v 0.04433100 -0.04229150 -0.00723100
v 0.04433800 -0.01371350 -0.02412900
v 0.04434500 -0.05747550 0.01903600
v 0.04434900 0.05155550 0.00464500
v 0.04435900 0.05296750 0.00687400
v 0.04435900 0.05296750 0.00687400
v 0.04438800 -0.01052750 -0.02508600
v 0.04441000 -0.02378850 -0.02131400
v 0.04445700 0.02424650 -0.02030700
v 0.04446000 -0.02084250 -0.02248600
v 0.04450800 -0.06230750 0.02548400
v 0.04452500 -0.06711650 0.02577600
v 0.04454600 0.05728450 0.02160000
v 0.04455600 -0.02512950 -0.01945200
v 0.04455700 -0.00222450 -0.02606700
v 0.04456500 -0.00577750 -0.02691600
v 0.04457100 -0.02983150 -0.01686800
v 0.04457300 0.04367650 -0.00569200
v 0.04458400 0.02983250 -0.01745500
v 0.04459900 -0.01401450 -0.02515500
v 0.04459900 -0.01401450 -0.02515500
v 0.04460800 0.04692850 -0.00399900
v 0.04463800 -0.03695250 -0.01170500
v 0.04463800 -0.03695250 -0.01170500
v 0.04464400 -0.06512350 0.02362100
v 0.04464800 -0.05527850 0.01646300
v 0.04465100 -0.05070150 0.00455400
v 0.04466800 0.05005650 0.00072800
v 0.04467400 -0.04426850 -0.00651500
v 0.04468100 -0.05497350 0.01072700
v 0.04468200 0.01510150 -0.02477600
v 0.04470000 0.05577450 0.01171100
v 0.04470600 0.06268450 0.02375500
v 0.04477300 -0.03575050 -0.01434300
v 0.04479900 0.03637850 -0.01321500
v 0.04480600 -0.02300750 -0.02020800
v 0.04481100 0.05372050 0.00980100
v 0.04483700 -0.01522350 -0.02448300
v 0.04483700 -0.01522350 -0.02448300
v 0.04487600 0.03817450 -0.01266500
v 0.04488500 -0.00896050 -0.02615300
v 0.04491400 -0.01935350 -0.02143300
v 0.04492800 0.00213550 -0.02567900
v 0.04493200 0.02198750 -0.02090900
v 0.04494400 -0.03219750 -0.01657900
v 0.04497300 0.03987350 -0.01126600
v 0.04497800 -0.02653750 -0.01969700
v 0.04501200 0.04913250 0.00165100
v 0.04504600 -0.05588450 0.01460800
v 0.04511100 0.00367650 -0.02686800
v 0.04512100 0.05249150 0.00743300
v 0.04512100 0.05249150 0.00743300
v 0.04513600 0.05568050 0.01681100
v 0.04514700 0.00852450 -0.02487100
v 0.04515500 0.01180650 -0.02533800
v 0.04518200 -0.05241650 0.00897100
v 0.04518600 0.01312550 -0.02378300
v 0.04520900 -0.04036650 -0.01006100
v 0.04520900 -0.03873650 -0.00981300
v 0.04521900 0.02433950 -0.02076900
v 0.04523100 -0.02977150 -0.01759400
v 0.04526700 0.06523050 0.02554500
v 0.04528700 -0.05707550 0.02150800
v 0.04531100 -0.04328950 -0.00501500
v 0.04531300 -0.05016350 0.00262500
v 0.04532800 0.03417450 -0.01515800
v 0.04537700 0.05724450 0.02030300
v 0.04538500 0.00645850 -0.02637900
v 0.04538600 0.05870350 0.02282200
v 0.04539600 -0.04198450 -0.00812200
v 0.04545400 -0.05565050 0.02136800
v 0.04546300 -0.01520650 -0.02256400
v 0.04546300 0.00135650 -0.02661500
v 0.04547000 0.01575050 -0.02258900
v 0.04550000 0.05596150 0.01936700
v 0.04551800 -0.03145550 -0.01522200
v 0.04552500 0.03115450 -0.01688500
v 0.04555600 0.04467150 -0.00341300
v 0.04556900 -0.05186150 0.00562000
v 0.04561300 0.03952250 -0.00923300
v 0.04562600 0.05387950 0.01186900
v 0.04564800 -0.05804250 0.02553000
v 0.04567300 -0.05528850 0.01903200
v 0.04567300 -0.01667050 -0.02306200
v 0.04567300 -0.01667050 -0.02306200
v 0.04567800 0.05975850 0.02476100
v 0.04569400 0.05124950 0.00378200
v 0.04570700 -0.03473350 -0.01269200
v 0.04571600 -0.00817250 -0.02411600
v 0.04575700 -0.00098550 -0.02647200
v 0.04575700 0.04782850 -0.00122300
v 0.04575900 0.00018650 -0.02508900
v 0.04579100 0.05634950 0.01713800
v 0.04579300 -0.00337350 -0.02608000
v 0.04580100 -0.06081850 0.02671900
v 0.04580500 -0.04534450 -0.00173700
v 0.04582100 0.00435750 -0.02483100
v 0.04585500 0.05367750 0.00877800
v 0.04588200 0.04484350 -0.00498900
v 0.04593300 0.01016750 -0.02502300
v 0.04594600 -0.04566850 -0.00312200
v 0.04594900 -0.05379150 0.01388300
v 0.04597600 0.02773950 -0.01848800
v 0.04598400 0.04690150 -0.00030300
v 0.04599800 -0.01577950 -0.02317500
v 0.04599800 -0.01577950 -0.02317500
v 0.04600000 -0.01090750 -0.02465900
v 0.04600100 -0.05622550 0.02371900
v 0.04600500 -0.01339450 -0.02379500
v 0.04602900 -0.04882150 0.00354100
v 0.04603800 -0.04713650 0.00128000
v 0.04606800 -0.05026050 0.00623600
v 0.04609700 0.01728050 -0.02259500
v 0.04611400 0.05014950 0.00483900
v 0.04615400 -0.02530050 -0.01791800
v 0.04616700 -0.04010650 -0.00746200
v 0.04616900 -0.02090450 -0.01989600
v 0.04616900 -0.01881150 -0.02198100
v 0.04618800 -0.04802150 0.00076000
v 0.04623000 0.05225250 0.00934700
v 0.04623000 0.05225250 0.00934700
v 0.04625200 -0.06324050 0.02706400
v 0.04625800 0.00593150 -0.02430600
v 0.04626200 -0.05952050 0.02528600
v 0.04627600 0.02648050 -0.01770300
v 0.04628800 -0.03622950 -0.01069600
v 0.04628800 -0.03622950 -0.01069600
v 0.04631400 -0.05567750 0.01820200
v 0.04631900 -0.03231550 -0.01378800
v 0.04634100 0.05572750 0.02116000
v 0.04635300 -0.00608550 -0.02511700
v 0.04639100 0.06306250 0.02567700
v 0.04640800 0.04124050 -0.00844800
v 0.04645000 0.03199050 -0.01438800
v 0.04649700 0.01882950 -0.02084100
v 0.04657800 0.06573950 0.02311400
v 0.04657900 0.03468650 -0.01223200
v 0.04659800 -0.03511350 -0.01293400
v 0.04660500 0.03766750 -0.00998500
v 0.04661800 -0.00430450 -0.02383800
v 0.04662600 -0.04314450 -0.00541300
v 0.04663500 -0.05261350 0.00900000
v 0.04665800 -0.01683750 -0.02214800
v 0.04665800 -0.01683750 -0.02214800
v 0.04666500 -0.03141850 -0.01559200
v 0.04669400 0.02887150 -0.01612700
v 0.04671000 0.04091950 -0.00664500
v 0.04672500 0.01043050 -0.02279600
v 0.04676000 0.06106050 0.02385100
v 0.04677900 -0.03763150 -0.01070500
v 0.04678400 -0.02708450 -0.01659200
v 0.04679600 -0.05390450 0.01233900
v 0.04682600 -0.02398550 -0.01929700
v 0.04682800 -0.06394150 0.02350600
v 0.04684900 -0.01552550 -0.02126200
v 0.04685500 0.01992850 -0.02111700
v 0.04685500 0.05682550 0.02350400
v 0.04685900 0.05416150 0.01225200
v 0.04688900 0.04268950 -0.00607400
v 0.04689900 -0.06515950 0.02548600
v 0.04692000 0.01473450 -0.02263400
v 0.04692800 -0.00858150 -0.02412000
v 0.04694400 0.00317550 -0.02519800
v 0.04694700 0.04291850 -0.00415400
v 0.04695400 -0.01111350 -0.02227700
v 0.04696200 -0.04337150 -0.00257400
v 0.04697400 0.00818750 -0.02424200
v 0.04700100 0.02100250 -0.01945800
v 0.04700600 0.05354750 0.01449600
v 0.04703000 0.05394150 0.01636700
v 0.04704300 0.05223150 0.01083300
v 0.04704300 0.05223150 0.01083300
v 0.04706500 -0.02745450 -0.01749000
v 0.04708100 0.01367750 -0.02184100
v 0.04709100 -0.02129450 -0.02018100
v 0.04712000 0.05059850 0.00710500
v 0.04713000 0.05457850 0.01488200
v 0.04713200 0.04851150 0.00181300
v 0.04714300 -0.00175550 -0.02334000
v 0.04718900 -0.03403750 -0.01175400
v 0.04719100 0.06300950 0.02244200
v 0.04720100 -0.05017250 0.00526800
v 0.04720700 -0.05373150 0.01786500
v 0.04722600 0.01277850 -0.02274000
v 0.04725900 0.03470950 -0.01292300
v 0.04729100 0.04565850 -0.00195100
v 0.04730400 0.02378050 -0.01813000
v 0.04734000 0.05266450 0.01225100
v 0.04734000 0.05266450 0.01225100
v 0.04737700 -0.05101050 0.01044900
v 0.04739000 0.00767350 -0.02274100
v 0.04741000 0.05137150 0.00678500
v 0.04741900 0.00568450 -0.02441000
v 0.04745300 -0.02923450 -0.01487400
v 0.04745500 0.03176150 -0.01481500
v 0.04746400 -0.03828150 -0.00776200
v 0.04747400 -0.04951750 0.00767000
v 0.04750400 -0.01793950 -0.02106700
v 0.04750400 -0.01793950 -0.02106700
v 0.04751900 -0.01935550 -0.01932300
v 0.04752000 -0.04114850 -0.00438400
v 0.04753400 -0.04042050 -0.00730900
v 0.04753600 0.04797950 0.00334800
v 0.04756500 -0.05520050 0.02051700
v 0.04762000 -0.00459150 -0.02365800
v 0.04762200 0.00260950 -0.02301300
v 0.04763400 -0.03572550 -0.00989300
v 0.04763400 -0.03572550 -0.00989300
v 0.04766700 -0.05188750 0.01415800
v 0.04766800 -0.05676850 0.02420400
v 0.04768900 0.06127850 0.02569600
v 0.04769000 0.03765950 -0.01037200
v 0.04777000 0.05714250 0.02307100
v 0.04778200 -0.01903950 -0.02044700
v 0.04778200 -0.01903950 -0.02044700
v 0.04778900 0.05223150 0.01315200
v 0.04778900 0.05223150 0.01315200
v 0.04779000 -0.02323750 -0.01762700
v 0.04779900 -0.00206150 -0.02398900
v 0.04787400 -0.01578950 -0.02136200
v 0.04788400 -0.05379250 0.02167000
v 0.04788400 -0.04497750 -0.00154900
v 0.04789000 0.02450850 -0.01835900
v 0.04794000 -0.05399750 0.01664300
v 0.04795200 0.00079250 -0.02404800
v 0.04795600 -0.00727550 -0.02201200
v 0.04796500 -0.01267450 -0.02212700
v 0.04796900 0.05095850 0.00998600
v 0.04800500 0.02242850 -0.01918000
v 0.04805200 0.05541550 0.02122900
v 0.04806000 -0.00990450 -0.02263200
v 0.04806100 0.04919450 0.00407800
v 0.04807100 -0.00693050 -0.02316200
v 0.04808100 -0.01732550 -0.01947400
v 0.04809300 -0.03812550 -0.00891300
v 0.04809800 -0.04858650 0.00405700
v 0.04811400 0.04613450 0.00192400
v 0.04812900 0.04415850 -0.00058600
v 0.04813800 0.03569550 -0.00960500
v 0.04816000 0.03844850 -0.00726100
v 0.04816100 0.02784950 -0.01657200
v 0.04816300 -0.03119950 -0.01273500
v 0.04820300 0.01600150 -0.02012300
v 0.04821700 0.00069450 -0.02244300
v 0.04824000 -0.06080950 0.02708600
v 0.04824200 -0.05841850 0.02658800
v 0.04825200 -0.00366150 -0.02220600
v 0.04828200 -0.04731450 0.00496800
v 0.04828700 -0.05099350 0.00894500
v 0.04829700 -0.05643650 0.02564800
v 0.04832700 -0.02869850 -0.01549200
v 0.04833100 0.04674550 0.00091000
v 0.04834400 -0.05230650 0.01194400
v 0.04838600 -0.04245750 -0.00402100
v 0.04840400 -0.01276650 -0.02045500
v 0.04841600 0.05290150 0.01730300
v 0.04845500 0.05466850 0.02262500
v 0.04846300 -0.03123750 -0.01381900
v 0.04846800 0.01990350 -0.01964500
v 0.04850300 0.01016450 -0.02242000
v 0.04851200 0.06493350 0.02389900
v 0.04854000 -0.04385850 0.00055900
v 0.04854800 -0.03384650 -0.01201300
v 0.04857800 -0.03579250 -0.00886000
v 0.04857800 -0.03579250 -0.00886000
v 0.04857900 0.05194350 0.01462000
v 0.04857900 0.05194350 0.01462000
v 0.04859100 -0.04534750 0.00237000
v 0.04859300 -0.05952950 0.02537100
v 0.04862000 -0.03657450 -0.00788600
v 0.04865300 0.04066650 -0.00622200
v 0.04865900 -0.04623450 0.00171200
v 0.04866600 -0.05207950 0.01797000
v 0.04869900 -0.06157350 0.02378300
v 0.04871300 0.00598250 -0.02162400
v 0.04875600 -0.01887350 -0.01960600
v 0.04875600 -0.01887350 -0.01960600
v 0.04879600 0.01319250 -0.02040200
v 0.04881400 0.05393350 0.01795200
v 0.04883700 0.03320350 -0.01108300
v 0.04885000 0.01696650 -0.02025900
v 0.04885200 0.03046550 -0.01310300
v 0.04885300 -0.03564650 -0.01022600
v 0.04885300 -0.02519150 -0.01557400
v 0.04885600 0.04054150 -0.00407200
v 0.04888000 0.04291650 -0.00337800
v 0.04894600 0.05233750 0.01245300
v 0.04896100 0.00338750 -0.02319300
v 0.04896800 0.05296950 0.01942400
v 0.04898600 -0.03259050 -0.01077700
v 0.04899700 0.05137250 0.01022200
v 0.04900400 0.05800350 0.02517600
v 0.04902700 -0.05467350 0.02305900
v 0.04904900 0.01866650 -0.01868100
v 0.04907900 -0.02192750 -0.01822900
v 0.04907900 -0.02192750 -0.01822900
v 0.04910300 0.02673950 -0.01515200
v 0.04910700 0.03830050 -0.00809600
v 0.04911400 0.04954550 0.00904900
v 0.04912800 0.04804850 0.00628800
v 0.04916300 0.05077950 0.01210800
v 0.04919200 -0.01000250 -0.02054000
v 0.04921100 0.02087350 -0.01773100
v 0.04925200 -0.05211250 0.01360000
v 0.04928100 -0.01475650 -0.01935300
v 0.04928400 -0.05466450 0.02549600
v 0.04929600 0.05876650 0.02398600
v 0.04930300 -0.02432050 -0.01701800
v 0.04930600 0.05384550 0.02032400
v 0.04936100 0.05280150 0.01556500
v 0.04942500 0.03020550 -0.01385400
v 0.04944500 0.06163950 0.02241300
v 0.04944800 -0.02029750 -0.01869500
v 0.04944800 -0.02029750 -0.01869500
v 0.04944900 -0.02800550 -0.01327200
v 0.04946000 0.05137050 0.01527600
v 0.04946000 0.05137050 0.01527600
v 0.04947600 0.03510150 -0.01039400
v 0.04949100 -0.04173950 -0.00108800
v 0.04951400 -0.00078350 -0.02225800
v 0.04952000 -0.01451150 -0.02039500
v 0.04952600 -0.05356250 0.02159000
v 0.04955900 -0.01666150 -0.01976500
v 0.04957500 -0.06247450 0.02643600
v 0.04959700 0.01459850 -0.02029800
v 0.04970700 -0.03899750 -0.00628100
v 0.04971200 -0.01259050 -0.02057800
v 0.04972100 -0.05195450 0.02015500
v 0.04974500 -0.06314050 0.02386700
v 0.04974600 0.04947950 0.00761700
v 0.04975500 -0.01988650 -0.01702100
v 0.04976300 -0.05292450 0.02377200
v 0.04978700 -0.03872850 -0.00419700
v 0.04979200 -0.01705050 -0.01816000
v 0.04979400 -0.05047450 0.01541400
v 0.04980300 -0.00385850 -0.02063500
v 0.04980800 -0.04795250 0.00984400
v 0.04981400 -0.04893750 0.01252200
v 0.04985000 -0.04714750 0.00701700
v 0.04989800 0.04160050 -0.00178400
v 0.04990200 -0.02853150 -0.01412000
v 0.04991000 0.00373050 -0.02077100
v 0.04991000 0.01000050 -0.01993000
v 0.04994400 -0.00085950 -0.02090500
v 0.04995200 -0.03529350 -0.00735300
v 0.04995200 -0.03529350 -0.00735300
v 0.04997500 -0.00481850 -0.02161400
v 0.04997500 0.05114150 0.01603500
v 0.04997500 0.05114150 0.01603500
v 0.04998500 0.00760550 -0.02046300
v 0.05000900 -0.03736050 -0.00546500
v 0.05001600 0.04727250 0.00411600
v 0.05003000 -0.05667850 0.02522500
v 0.05003500 0.02281050 -0.01608600
v 0.05004900 -0.05283550 0.01925600
v 0.05005700 0.02370450 -0.01666600
v 0.05005900 -0.03209150 -0.01155000
v 0.05006400 0.00610750 -0.02170600
v 0.05008000 -0.02231350 -0.01578700
v 0.05009200 -0.02568250 -0.01543200
v 0.05012400 -0.03353350 -0.00876400
v 0.05012400 0.04615850 0.00422400
v 0.05016200 -0.05199650 0.01650400
v 0.05019500 0.05113350 0.01760500
v 0.05019500 0.05113350 0.01760500
v 0.05020500 -0.03003150 -0.01131500
v 0.05020900 0.05048450 0.01377600
v 0.05022500 0.04396350 0.00008100
v 0.05023000 0.05225750 0.02130000
v 0.05023100 0.03203650 -0.01168900
v 0.05025400 0.04429250 0.00244600
v 0.05029900 0.02824550 -0.01282800
v 0.05030100 0.03428350 -0.00869000
v 0.05032700 -0.00653150 -0.01995200
v 0.05035400 -0.04446250 0.00435200
v 0.05035500 -0.05039350 0.01857000
v 0.05038000 -0.04318850 -0.00001900
v 0.05039200 0.04321350 0.00069100
v 0.05041000 0.05357250 0.02350800
v 0.05041400 -0.01178650 -0.01903700
v 0.05042500 -0.03954950 -0.00241000
v 0.05042700 -0.01869050 -0.01812500
v 0.05044600 0.00912450 -0.02077000
v 0.05044900 -0.01068250 -0.02031100
v 0.05045200 -0.04790650 0.00703400
v 0.05045900 0.05951950 0.02579400
v 0.05048800 0.03569150 -0.00698600
v 0.05049600 -0.02143150 -0.01711400
v 0.05049600 -0.02143150 -0.01711400
v 0.05050100 0.01200850 -0.02004800
v 0.05050400 -0.00822950 -0.02063400
v 0.05051800 -0.04885250 0.00895500
v 0.05058900 0.02080250 -0.01758000
v 0.05060700 0.04842450 0.00901800
v 0.05062900 -0.04042950 -0.00328800
v 0.05064500 0.05101950 0.01914400
v 0.05064500 0.05101950 0.01914400
v 0.05064800 0.00201950 -0.02159700
v 0.05069000 0.06310250 0.02409000
v 0.05069200 0.03646250 -0.00791100
v 0.05078200 -0.05011550 0.01243300
v 0.05079600 0.01562550 -0.01802600
v 0.05083400 0.05630550 0.02416600
v 0.05085000 0.01232350 -0.01863200
v 0.05087200 -0.02470850 -0.01386400
v 0.05092000 -0.04607350 0.00487300
v 0.05098000 -0.05143050 0.02235300
v 0.05099900 0.02653050 -0.01433600
v 0.05100100 0.03857350 -0.00529100
v 0.05101300 0.05158950 0.01698500
v 0.05102300 -0.03506150 -0.00610800
v 0.05102300 -0.03506150 -0.00610800
v 0.05103500 -0.00203650 -0.02086800
v 0.05104300 0.03701450 -0.00533800
v 0.05105700 -0.04150550 -0.00122500
v 0.05107300 0.05406850 0.02296900
v 0.05107800 -0.05438850 0.02453200
v 0.05107800 -0.05438850 0.02453200
v 0.05108100 0.05005750 0.01193100
v 0.05111400 0.03216250 -0.00948500
v 0.05112100 0.05208550 0.02054700
v 0.05112600 0.04082250 -0.00262800
v 0.05114800 -0.05366650 0.02397200
v 0.05114800 -0.05366650 0.02397200
v 0.05115500 -0.01455350 -0.01738200
v 0.05117400 0.01867450 -0.01757600
v 0.05119600 -0.02859650 -0.01262600
v 0.05120900 0.03826250 -0.00313100
v 0.05122500 -0.04193950 0.00180700
v 0.05124100 -0.03487550 -0.00802300
v 0.05127000 0.02398650 -0.01433900
v 0.05127100 -0.02273950 -0.01569100
v 0.05127100 -0.02273950 -0.01569100
v 0.05127900 0.05083250 0.02012400
v 0.05127900 0.05083250 0.02012400
v 0.05128400 0.03036650 -0.01051200
v 0.05128700 0.04883850 0.01216600
v 0.05131500 -0.02416550 -0.01512800
v 0.05131500 -0.02416550 -0.01512800
v 0.05133600 0.02067750 -0.01553900
v 0.05134200 0.04498050 0.00503300
v 0.05134500 -0.02646750 -0.01233000
v 0.05135200 -0.06033150 0.02340100
v 0.05135300 0.00695450 -0.02037300
v 0.05138100 -0.05170950 0.02105500
v 0.05138100 -0.05170950 0.02105500
v 0.05138500 -0.00927150 -0.01868300
v 0.05140300 0.01617650 -0.01829500
v 0.05142300 -0.04842350 0.01429300
v 0.05145800 0.03338150 -0.00943300
v 0.05146400 -0.04403650 0.00261200
v 0.05146400 0.00159650 -0.01945800
v 0.05147800 -0.05272550 0.02304100
v 0.05147800 -0.05272550 0.02304100
v 0.05149300 0.02909550 -0.01239100
v 0.05150700 0.06075650 0.02253100
v 0.05151600 0.04420450 0.00234400
v 0.05155300 -0.00481050 -0.01912500
v 0.05155300 0.00080750 -0.02060800
v 0.05155800 -0.05640550 0.02655300
v 0.05156100 -0.03086450 -0.01082400
v 0.05159700 -0.03128050 -0.00879400
v 0.05159800 -0.04965650 0.02063900
v 0.05165200 -0.03802650 -0.00432300
v 0.05166600 0.04906650 0.01483800
v 0.05166700 -0.05899850 0.02712400
v 0.05168700 0.00538350 -0.01894300
v 0.05170400 0.04003450 -0.00090400
v 0.05171100 0.01833650 -0.01620700
v 0.05171700 -0.05184950 0.02220200
v 0.05171700 -0.05184950 0.02220200
v 0.05174000 -0.03931350 -0.00042300
v 0.05176400 -0.05856250 0.02416400
v 0.05176400 -0.05856250 0.02416400
v 0.05177900 -0.01690750 -0.01757800
v 0.05182500 -0.02086250 -0.01468900
v 0.05183500 -0.01642550 -0.01632200
v 0.05184700 -0.05505850 0.02521800
v 0.05184700 -0.05505850 0.02521800
v 0.05186000 -0.02461250 -0.01424000
v 0.05186000 -0.02461250 -0.01424000
v 0.05186600 -0.06174850 0.02527000
v 0.05186700 -0.05069150 0.01888600
v 0.05186700 -0.05069150 0.01888600
v 0.05187300 -0.03396750 -0.00594300
v 0.05187300 -0.03396750 -0.00594300
v 0.05188600 -0.00567050 -0.01956700
v 0.05191200 -0.04994250 0.01569000
v 0.05191200 -0.04994250 0.01569000
v 0.05192000 0.04944050 0.01715400
v 0.05196400 -0.04853150 0.01140700
v 0.05196500 -0.05370250 0.02607200
v 0.05196700 -0.02639350 -0.01315000
v 0.05196700 -0.02639350 -0.01315000
v 0.05198400 0.04599050 0.00549000
v 0.05199400 -0.03615950 -0.00583100
v 0.05200700 -0.01313150 -0.01840000
v 0.05204900 -0.01964650 -0.01637200
v 0.05204900 -0.01221550 -0.01742100
v 0.05206200 0.04183450 0.00197100
v 0.05206700 0.05613650 0.02545200
v 0.05206800 -0.00145850 -0.01871900
v 0.05207100 0.04988450 0.01416400
v 0.05209000 -0.04552150 0.00878600
v 0.05213900 0.05117850 0.02249900
v 0.05213900 0.05117850 0.02249900
v 0.05219900 0.04802550 0.00963100
v 0.05220100 0.02164750 -0.01556800
v 0.05220700 0.02784850 -0.01099100
v 0.05221000 -0.04836850 0.01725800
v 0.05221600 0.01124750 -0.01752000
v 0.05227100 0.05319350 0.02442600
v 0.05229100 -0.03254950 -0.00859200
v 0.05230100 -0.03557450 -0.00402500
v 0.05231000 0.03340050 -0.00678700
v 0.05234500 -0.05082350 0.02044100
v 0.05234500 -0.05082350 0.02044100
v 0.05236200 0.04545550 0.00784900
v 0.05239700 -0.01037050 -0.01852200
v 0.05242400 -0.02902650 -0.00934800
v 0.05243700 0.00300050 -0.01973100
v 0.05243900 -0.04650650 0.01191700
v 0.05246000 -0.00335350 -0.01955300
v 0.05247100 -0.04998850 0.01750900
v 0.05247100 -0.04998850 0.01750900
v 0.05248000 0.04650250 0.01046300
v 0.05252100 -0.05576750 0.02538700
v 0.05252100 -0.05576750 0.02538700
v 0.05255800 -0.02715650 -0.01188200
v 0.05255800 -0.02715650 -0.01188200
v 0.05257300 0.06037350 0.02515800
v 0.05260100 -0.02231750 -0.01283200
v 0.05262400 -0.04193950 0.00180400
v 0.05264600 0.00832150 -0.01766100
v 0.05266500 -0.02790150 -0.01135300
v 0.05266500 -0.02790150 -0.01135300
v 0.05267700 0.02526950 -0.01184300
v 0.05275300 0.01309350 -0.01766200
v 0.05276200 -0.03386250 -0.00498000
v 0.05276200 -0.03386250 -0.00498000
v 0.05276600 -0.02206350 -0.01442100
v 0.05278700 0.05305550 0.02342900
v 0.05279300 -0.04915450 0.02296000
v 0.05280500 0.04305350 0.00513200
v 0.05280900 -0.04854050 0.01384600
v 0.05280900 -0.04854050 0.01384600
v 0.05281300 -0.04477450 0.00601500
v 0.05281500 -0.00649450 -0.01772100
v 0.05281900 -0.04618850 0.00836600
v 0.05282400 -0.05938950 0.02348700
v 0.05282400 -0.05938950 0.02348700
v 0.05282900 -0.04886250 0.01548500
v 0.05282900 -0.04886250 0.01548500
v 0.05284200 -0.03229050 -0.00621900
v 0.05284800 0.03119150 -0.00794800
v 0.05286900 0.04101050 0.00007100
v 0.05289300 0.00778450 -0.01882200
v 0.05289500 -0.04319050 0.00649600
v 0.05290000 -0.01792950 -0.01481500
v 0.05291200 0.03448750 -0.00654700
v 0.05294400 -0.02446550 -0.01315300
v 0.05294400 -0.02446550 -0.01315300
v 0.05295000 -0.04784650 0.01259200
v 0.05295000 -0.04784650 0.01259200
v 0.05297100 -0.02885550 -0.01042900
v 0.05297100 -0.02885550 -0.01042900
v 0.05297500 -0.00028850 -0.01895400
v 0.05299400 -0.05698750 0.02434700
v 0.05299400 -0.05698750 0.02434700
v 0.05300300 0.05827150 0.02244100
v 0.05301200 -0.04166750 0.00436000
v 0.05301400 0.04979850 0.01804900
v 0.05302300 -0.03976850 0.00186000
v 0.05303400 0.00395850 -0.01769100
v 0.05305400 -0.03989750 -0.00009400
v 0.05308100 -0.05174850 0.02564200
v 0.05309700 0.01413250 -0.01583600
v 0.05315200 -0.06036150 0.02565700
v 0.05316100 0.03605250 -0.00476400
v 0.05317100 0.02998350 -0.00992700
v 0.05319000 0.04894250 0.02041000
v 0.05321000 0.02030850 -0.01362400
v 0.05322600 0.02712550 -0.01159600
v 0.05324700 -0.06057050 0.02386500
v 0.05324700 -0.06057050 0.02386500
v 0.05325500 0.02313350 -0.01366700
v 0.05328200 -0.02941950 -0.00970900
v 0.05328200 -0.02941950 -0.00970900
v 0.05328600 0.03724350 -0.00149700
v 0.05329700 -0.02643850 -0.01017300
v 0.05331200 0.01656850 -0.01517800
v 0.05331900 -0.04933250 0.01888000
v 0.05332000 -0.04286150 0.00416500
v 0.05335600 -0.02412750 -0.01128200
v 0.05337100 -0.04653150 0.01541400
v 0.05337100 0.03459750 -0.00408300
v 0.05338500 0.04669950 0.01343000
v 0.05345400 -0.00872050 -0.01658000
v 0.05345600 0.01056750 -0.01756600
v 0.05346400 -0.03658350 -0.00127900
v 0.05347300 0.05041850 0.02166600
v 0.05348900 -0.00258350 -0.01730900
v 0.05348900 0.02313150 -0.01223800
v 0.05349300 0.04871850 0.01593600
v 0.05351600 -0.03363050 -0.00415500
v 0.05351600 -0.03363050 -0.00415500
v 0.05352600 -0.01348050 -0.01556000
v 0.05354200 0.03914150 0.00126500
v 0.05356600 0.04807850 0.01811800
v 0.05358600 0.01608750 -0.01611900
v 0.05358900 -0.05214750 0.02471300
v 0.05360000 0.03770150 -0.00244500
v 0.05366500 -0.00846850 -0.01766200
v 0.05366900 0.05823250 0.02561700
v 0.05367200 -0.03077650 -0.00836400
v 0.05367200 -0.03077650 -0.00836400
v 0.05367500 -0.03799950 0.00093900
v 0.05375300 0.04077850 0.00323400
v 0.05376000 -0.04641250 0.01147400
v 0.05376000 -0.04641250 0.01147400
v 0.05379100 -0.04588750 0.01030800
v 0.05379100 -0.04588750 0.01030800
v 0.05379800 -0.03670050 -0.00271500
v 0.05380200 -0.05725650 0.02701100
v 0.05380300 0.04502750 0.00738200
v 0.05381900 0.00611650 -0.01678700
v 0.05382900 0.05040950 0.02375000
v 0.05382900 0.05040950 0.02375000
v 0.05385600 -0.01120850 -0.01555100
v 0.05386400 0.04917950 0.02230200
v 0.05387800 0.01168050 -0.01584200
v 0.05389300 0.05543350 0.02351600
v 0.05394100 0.01798050 -0.01500700
v 0.05394600 -0.03314250 -0.00581000
v 0.05394600 -0.03314250 -0.00581000
v 0.05395200 -0.02961550 -0.00858100
v 0.05395200 -0.02961550 -0.00858100
v 0.05395300 0.03113150 -0.00793100
v 0.05396500 -0.02581050 -0.01109600
v 0.05396900 -0.00443650 -0.01781900
v 0.05397200 -0.01632550 -0.01554400
v 0.05397600 -0.01519350 -0.01440200
v 0.05397700 -0.04713750 0.01976600
v 0.05407200 -0.04313150 0.00871300
v 0.05407500 -0.06008950 0.02423900
v 0.05407500 -0.06008950 0.02423900
v 0.05408800 -0.01982550 -0.01253900
v 0.05410500 0.00469150 -0.01800900
v 0.05411200 0.04739050 0.01356000
v 0.05413000 -0.05970650 0.02519300
v 0.05413000 -0.05970650 0.02519300
v 0.05413800 0.03159750 -0.00567000
v 0.05414200 -0.04909050 0.02184800
v 0.05417700 -0.03275850 -0.00396800
v 0.05417700 -0.03275850 -0.00396800
v 0.05418600 0.00033550 -0.01667400
v 0.05418700 0.04644350 0.01534600
v 0.05419100 0.00858450 -0.01596800
v 0.05420800 0.02776950 -0.00860800
v 0.05421400 -0.02763250 -0.00796200
v 0.05421500 -0.04469850 0.00867700
v 0.05421500 -0.04469850 0.00867700
v 0.05423600 -0.01187450 -0.01645400
v 0.05428300 -0.03774650 -0.00063200
v 0.05428300 -0.03774650 -0.00063200
v 0.05430000 -0.04162950 0.00417200
v 0.05430000 -0.04162950 0.00417200
v 0.05430900 -0.04619150 0.01746000
v 0.05431500 -0.04353150 0.01053800
v 0.05433700 0.05939250 0.02342000
v 0.05435000 -0.04959050 0.02516900
v 0.05436200 -0.05460850 0.02680100
v 0.05436300 -0.03995050 0.00436800
v 0.05437600 -0.03115750 -0.00684500
v 0.05437600 -0.03115750 -0.00684500
v 0.05437700 -0.03399450 -0.00443400
v 0.05437700 -0.03399450 -0.00443400
v 0.05439100 -0.01929650 -0.01375800
v 0.05439300 -0.03532850 -0.00307200
v 0.05439300 -0.03532850 -0.00307200
v 0.05446000 -0.02149350 -0.01284100
v 0.05447400 -0.02480250 -0.00957500
v 0.05447900 0.04257150 0.00482600
v 0.05448300 0.03824950 -0.00041500
v 0.05449000 -0.03871350 0.00090500
v 0.05449000 -0.03871350 0.00090500
v 0.05453000 -0.03060850 -0.00550200
v 0.05453200 -0.03174850 -0.00616500
v 0.05453200 -0.03174850 -0.00616500
v 0.05454600 -0.04064750 0.00339700
v 0.05454600 -0.04064750 0.00339700
v 0.05458100 -0.00080450 -0.01748200
v 0.05458800 -0.04699350 0.02205000
v 0.05459400 0.04209650 0.00679500
v 0.05460300 0.04512450 0.00974900
v 0.05460700 0.04030750 0.00220200
v 0.05461500 0.04314850 0.00897600
v 0.05465400 0.01968650 -0.01244600
v 0.05468000 0.00827550 -0.01670400
v 0.05468800 0.04820350 0.01912200
v 0.05471500 -0.04794450 0.02453100
v 0.05474500 -0.05407150 0.02524800
v 0.05475300 0.01300150 -0.01557600
v 0.05476100 -0.03975750 0.00260600
v 0.05476100 -0.03975750 0.00260600
v 0.05478000 0.05341450 0.02545500
v 0.05481400 -0.00595950 -0.01540000
v 0.05481500 0.04081450 0.00517800
v 0.05481600 -0.05894350 0.02526000
v 0.05481600 -0.05894350 0.02526000
v 0.05481600 0.01425950 -0.01403200
v 0.05482900 -0.04315450 0.00741900
v 0.05482900 -0.04315450 0.00741900
v 0.05483000 -0.04203750 0.00567600
v 0.05483000 -0.04203750 0.00567600
v 0.05485300 -0.04695950 0.01664000
v 0.05485400 0.03285750 -0.00351600
v 0.05485900 0.03351050 -0.00461200
v 0.05487100 -0.04603350 0.01339100
v 0.05487900 0.03536250 -0.00285600
v 0.05489500 -0.03607550 -0.00160400
v 0.05489500 -0.03607550 -0.00160400
v 0.05494700 -0.03396650 -0.00204900
v 0.05494900 -0.04431950 0.01353100
v 0.05495300 -0.03194350 -0.00349300
v 0.05495300 -0.03194350 -0.00349300
v 0.05496700 -0.02386850 -0.01102200
v 0.05497900 0.05207150 0.02403900
v 0.05499400 0.04632250 0.01757900
v 0.05499500 0.05633150 0.02576500
v 0.05503200 -0.05777050 0.02604700
v 0.05503200 -0.05777050 0.02604700
v 0.05503200 0.05102750 0.02470100
v 0.05503200 0.05102750 0.02470100
v 0.05507000 0.02304750 -0.01158200
v 0.05507300 -0.01287850 -0.01509900
v 0.05507300 0.04416850 0.01209600
v 0.05508200 0.00350950 -0.01570200
v 0.05508400 0.00182350 -0.01721600
v 0.05508800 0.03497250 -0.00119700
v 0.05510300 0.04708750 0.02096300
v 0.05513400 -0.04433650 0.01052800
v 0.05513400 0.01995550 -0.01300200
v 0.05513800 -0.02768550 -0.00861700
v 0.05519600 0.02339650 -0.00992300
v 0.05520000 0.02912450 -0.00627800
v 0.05524900 -0.04067650 0.00740700
v 0.05526800 0.02750550 -0.00884800
v 0.05529400 0.00539650 -0.01648300
v 0.05531500 -0.01608350 -0.01261400
v 0.05539000 0.03862950 0.00365900
v 0.05539500 0.03655150 0.00099700
v 0.05541500 -0.00618850 -0.01607500
v 0.05542300 -0.04719150 0.02041500
v 0.05548500 0.04520650 0.01205200
v 0.05550300 0.04660450 0.01645900
v 0.05551100 0.04895250 0.02395100
v 0.05556500 -0.03621850 0.00232800
v 0.05558500 0.01170950 -0.01379700
v 0.05561800 -0.04650650 0.02379000
v 0.05563200 -0.02922150 -0.00665400
v 0.05563700 -0.02196350 -0.00958900
v 0.05569500 0.01469550 -0.01402400
v 0.05571900 -0.00312950 -0.01492600
v 0.05572300 0.02498250 -0.01000700
v 0.05572400 0.01675150 -0.01217100
v 0.05572500 -0.00789450 -0.01418800
v 0.05577300 -0.03120950 -0.00283600
v 0.05577300 -0.03120950 -0.00283600
v 0.05577800 0.01039750 -0.01533200
v 0.05580600 0.02931650 -0.00672300
v 0.05582600 -0.04489150 0.01990000
v 0.05586300 -0.01627050 -0.01331200
v 0.05588600 -0.03754650 0.00176300
v 0.05590800 -0.02477050 -0.00764100
v 0.05592000 -0.05308650 0.02678000
v 0.05592000 -0.05308650 0.02678000
v 0.05592100 -0.04916150 0.02571900
v 0.05592100 -0.04916150 0.02571900
v 0.05592300 -0.05623650 0.02659000
v 0.05592300 -0.05623650 0.02659000
v 0.05593200 -0.05144950 0.02656200
v 0.05593200 -0.05144950 0.02656200
v 0.05593200 -0.03121550 -0.00453400
v 0.05595000 -0.00062050 -0.01469100
v 0.05596900 -0.04862250 0.02406700
v 0.05597100 -0.00294350 -0.01573500
v 0.05597300 -0.05679750 0.02341600
v 0.05597900 -0.05040950 0.02628100
v 0.05597900 -0.05040950 0.02628100
v 0.05599400 0.03040550 -0.00396800
v 0.05600100 -0.02900650 -0.00405800
v 0.05600700 -0.01365650 -0.01243800
v 0.05601100 -0.04422650 0.01747400
v 0.05602900 0.02450850 -0.00809700
v 0.05603200 -0.04211950 0.01203000
v 0.05604700 -0.03396250 0.00010200
v 0.05607300 0.05117850 0.02523400
v 0.05607300 0.05117850 0.02523400
v 0.05609600 -0.02702250 -0.00594600
v 0.05610600 -0.05214750 0.02534700
v 0.05612500 0.03568950 -0.00051700
v 0.05612600 -0.03289450 -0.00283000
v 0.05613100 0.04143850 0.00962000
v 0.05615400 0.00944450 -0.01371700
v 0.05616400 0.00650250 -0.01391700
v 0.05616600 -0.01880550 -0.01068300
v 0.05617300 -0.03941650 0.00450200
v 0.05618100 0.01453050 -0.01244200
v 0.05621300 0.04696150 0.02121600
v 0.05625700 -0.03751050 0.00480600
v 0.05628800 0.05565850 0.02242000
v 0.05630400 0.03227250 -0.00145800
v 0.05635700 0.04172850 0.00733400
v 0.05637000 -0.03147550 -0.00147500
v 0.05637000 -0.03147550 -0.00147500
v 0.05637800 0.04521450 0.02026600
v 0.05639200 0.04338450 0.01467400
v 0.05639700 -0.04740950 0.02506700
v 0.05639700 -0.04740950 0.02506700
v 0.05640900 -0.00885250 -0.01460700
v 0.05641600 0.03083850 -0.00486600
v 0.05643200 -0.04121050 0.00772200
v 0.05643800 0.02622450 -0.00646800
v 0.05644000 0.05787450 0.02402000
v 0.05647000 -0.02439150 -0.00891000
v 0.05648100 0.01902050 -0.01034800
v 0.05649200 0.03948750 0.00692500
v 0.05650400 -0.01081750 -0.01241400
v 0.05655700 -0.02172850 -0.01030400
v 0.05656100 0.03782550 0.00251000
v 0.05657600 -0.03589550 0.00111500
v 0.05660900 -0.04545250 0.02375700
v 0.05660900 -0.04545250 0.02375700
v 0.05667100 0.04422950 0.01374400
v 0.05669100 -0.04487950 0.02282200
v 0.05669100 -0.04487950 0.02282200
v 0.05669600 0.00336550 -0.01383600
v 0.05672900 -0.04044550 0.01033000
v 0.05673400 0.02104750 -0.00909900
v 0.05677900 0.03463850 0.00154800
v 0.05679400 -0.01166350 -0.01355200
v 0.05681200 0.03269750 -0.00239000
v 0.05681600 -0.04414450 0.01509000
v 0.05682900 0.00659550 -0.01466200
v 0.05684000 -0.05650850 0.02572500
v 0.05685900 0.00007850 -0.01515000
v 0.05686600 -0.01923850 -0.01077400
v 0.05690300 -0.04590250 0.02475900
v 0.05690300 -0.04590250 0.02475900
v 0.05692500 -0.04316050 0.01281600
v 0.05693200 0.03653950 0.00433000
v 0.05693400 -0.04512950 0.01826700
v 0.05695400 0.00300850 -0.01474800
v 0.05700500 -0.04187050 0.01471900
v 0.05706000 0.04502150 0.01760900
v 0.05712900 -0.03401950 0.00014500
v 0.05713100 0.05183050 0.02565300
v 0.05713100 0.05183050 0.02565300
v 0.05714400 -0.03864350 0.00807200
v 0.05715000 -0.04160750 0.01000900
v 0.05715600 -0.05416850 0.02681600
v 0.05715600 -0.05416850 0.02681600
v 0.05717300 -0.02537350 -0.00702100
v 0.05718000 0.01590250 -0.01173200
v 0.05718900 -0.02773850 -0.00542500
v 0.05719200 0.04128650 0.01203300
v 0.05724900 0.04301050 0.01669700
v 0.05724900 0.04875750 0.02398400
v 0.05725000 0.04164950 0.00946300
v 0.05725700 0.01186550 -0.01294600
v 0.05735800 -0.01591650 -0.01009900
v 0.05736000 0.05134550 0.02400400
v 0.05736200 -0.02963250 -0.00145200
v 0.05737700 -0.03121550 -0.00028200
v 0.05737700 -0.03121550 -0.00028200
v 0.05738200 -0.02265250 -0.00671900
v 0.05739200 0.00768850 -0.01241800
v 0.05739500 -0.02703150 -0.00365800
v 0.05740100 -0.04377550 0.02179100
v 0.05740100 -0.04377550 0.02179100
v 0.05741000 -0.04236250 0.01838700
v 0.05742800 0.02528250 -0.00716500
v 0.05743100 0.03890150 0.00551000
v 0.05743600 -0.04481550 0.02090000
v 0.05745200 0.00070450 -0.01320200
v 0.05746800 -0.00446950 -0.01250800
v 0.05750700 -0.00624750 -0.01371500
v 0.05751300 0.04679150 0.02398800
v 0.05751900 0.04965550 0.02540000
v 0.05752800 -0.01671350 -0.01122200
v 0.05753800 0.04337250 0.01954800
v 0.05755700 0.01303450 -0.01104500
v 0.05755900 -0.00786550 -0.01218300
v 0.05757800 -0.03437050 0.00352000
v 0.05759500 0.05409150 0.02243700
v 0.05764100 0.03918650 0.00917200
v 0.05765100 0.04213550 0.01158600
v 0.05766700 -0.00296050 -0.01375900
v 0.05769300 0.01615250 -0.00993700
v 0.05770100 -0.02971950 -0.00327300
v 0.05773600 0.00503050 -0.01221800
v 0.05774100 -0.05465050 0.02348800
v 0.05775900 0.00932450 -0.01295000
v 0.05777800 0.02736150 -0.00354100
v 0.05785400 0.01796950 -0.01040600
v 0.05786300 -0.02077350 -0.00680200
v 0.05786900 -0.02413850 -0.00503300
v 0.05787700 -0.05089650 0.02510600
v 0.05790100 0.02663250 -0.00568100
v 0.05791100 0.05580050 0.02417900
v 0.05791600 0.05415550 0.02564000
v 0.05794200 0.02276750 -0.00810600
v 0.05794200 0.03117250 0.00000300
v 0.05794800 0.04524550 0.02179000
v 0.05795300 0.03502250 0.00187500
v 0.05797900 0.02912550 -0.00182900
v 0.05802500 -0.01428850 -0.01138600
v 0.05802900 -0.01886350 -0.00810700
v 0.05803400 0.03965050 0.00787900
v 0.05803500 -0.03003350 -0.00000600
v 0.05803500 -0.03003350 -0.00000600
v 0.05807400 -0.05119050 0.02693500
v 0.05809300 -0.03725050 0.00542300
v 0.05812300 0.04415050 0.02286600
v 0.05814600 -0.03987950 0.01357100
v 0.05815200 -0.03121450 -0.00093300
v 0.05815500 -0.04271850 0.02171400
v 0.05815500 -0.04271850 0.02171400
v 0.05815700 0.02212650 -0.00628700
v 0.05817500 -0.03853550 0.00733500
v 0.05819600 -0.01279150 -0.01012300
v 0.05820700 0.05201250 0.02583800
v 0.05820700 0.05201250 0.02583800
v 0.05820900 -0.04385450 0.02440400
v 0.05823100 -0.00130450 -0.01187800
v 0.05826000 -0.02766650 -0.00166000
v 0.05829400 -0.04697750 0.02598400
v 0.05833900 -0.02269550 -0.00700500
v 0.05834700 -0.04267950 0.01671500
v 0.05835600 -0.03605450 0.00716500
v 0.05836500 0.01997850 -0.00891000
v 0.05839200 0.03250350 0.00216900
v 0.05839400 -0.02003350 -0.00856800
v 0.05840600 -0.03165250 0.00200500
v 0.05840800 0.03225450 -0.00016400
v 0.05841400 0.03682650 0.00711000
v 0.05841800 -0.04067150 0.01687600
v 0.05844600 -0.04576850 0.02411900
v 0.05848400 -0.03462950 0.00315700
v 0.05853100 0.01839650 -0.00779100
v 0.05853900 0.04030950 0.01455900
v 0.05855100 -0.02533550 -0.00308800
v 0.05855400 -0.00893050 -0.01203100
v 0.05859400 0.04266550 0.01659600
v 0.05860100 0.00555050 -0.01250000
v 0.05862400 -0.04171850 0.02065000
v 0.05862400 -0.04171850 0.02065000
v 0.05866700 -0.00541850 -0.01087000
v 0.05867000 0.03451750 0.00482800
v 0.05870000 0.03601450 0.00449000
v 0.05870700 0.02944250 -0.00227500
v 0.05871500 -0.02549350 -0.00469800
v 0.05872800 -0.01549150 -0.00845000
v 0.05873400 0.02461750 -0.00409700
v 0.05876900 0.00039250 -0.01251700
v 0.05877700 -0.05462150 0.02523400
v 0.05879300 -0.04068950 0.01280400
v 0.05880300 -0.00914750 -0.01011900
v 0.05881000 -0.04827950 0.02524700
v 0.05893100 -0.02170850 -0.00423800
v 0.05893100 0.00267450 -0.01103000
v 0.05895400 0.00877750 -0.01023200
v 0.05895900 0.04187150 0.02035800
v 0.05900700 0.02687750 -0.00383900
v 0.05903200 0.04328250 0.02068900
v 0.05903900 -0.02862450 0.00017100
v 0.05903900 -0.02862450 0.00017100
v 0.05904500 -0.03717250 0.01066100
v 0.05906500 -0.04078050 0.01956100
v 0.05906500 -0.04078050 0.01956100
v 0.05909400 0.01117750 -0.00941800
v 0.05910400 0.05267850 0.02568100
v 0.05910400 0.05267850 0.02568100
v 0.05910700 0.03845550 0.01156100
v 0.05924900 -0.04280550 0.02183300
v 0.05925800 0.00567150 -0.01015700
v 0.05925800 0.04037550 0.01754800
v 0.05932900 -0.02927950 0.00114000
v 0.05932900 -0.02927950 0.00114000
v 0.05933600 -0.02844550 -0.00120400
v 0.05939500 -0.03176650 0.00433400
v 0.05943600 0.04933850 0.02591900
v 0.05945300 -0.00585850 -0.01137800
v 0.05945400 -0.01651950 -0.00856900
v 0.05945900 -0.01100150 -0.00868300
v 0.05947800 -0.03855650 0.01063400
v 0.05948900 0.01224150 -0.01020200
v 0.05949200 0.03829450 0.00940100
v 0.05949500 -0.00262150 -0.01020500
v 0.05952400 -0.04181350 0.01895900
v 0.05953700 0.01556350 -0.00740700
v 0.05954700 0.04727250 0.02437500
v 0.05955800 -0.00298250 -0.01155500
v 0.05958500 -0.04109450 0.02274500
v 0.05959900 -0.01053050 -0.01047300
v 0.05960900 0.01330750 -0.00844300
v 0.05966300 -0.01355750 -0.00933000
v 0.05969400 0.03937050 0.01201600
v 0.05971200 -0.01986550 -0.00676600
v 0.05973900 -0.03343250 0.00673200
v 0.05974900 -0.03751950 0.01379200
v 0.05975900 -0.03834650 0.01551400
v 0.05976000 0.03272250 0.00506600
v 0.05976400 -0.02989550 0.00297000
v 0.05977000 -0.03024850 0.00110700
v 0.05977600 -0.03431750 0.00517200
v 0.05977800 0.04209150 0.02313900
v 0.05978000 -0.00673750 -0.00932100
v 0.05978200 0.02748750 -0.00005300
v 0.05983200 0.03328650 0.00372000
v 0.05983400 -0.03877650 0.01729800
v 0.05985500 -0.03237350 0.00344800
v 0.05985500 0.00856750 -0.01058500
v 0.05986400 -0.03958650 0.01991800
v 0.05986400 -0.03958650 0.01991800
v 0.05987200 0.04041750 0.01523300
v 0.05990800 0.04423450 0.02337200
v 0.05990900 0.01749450 -0.00778200
v 0.05991300 -0.01640050 -0.00634000
v 0.05993000 0.03595850 0.00694400
v 0.05993700 0.03640650 0.01056700
v 0.05995900 0.04150150 0.01908400
v 0.05997300 0.02303450 -0.00466800
v 0.05998200 -0.02578050 -0.00260600
v 0.06000000 0.02992150 0.00264900
v 0.06001400 0.01441050 -0.00871800
v 0.06001600 -0.01904450 -0.00492100
v 0.06002100 0.05385950 0.02380300
v 0.06004000 0.02248550 -0.00321700
v 0.06004300 0.03838350 0.01548300
v 0.06008900 -0.04279350 0.02520500
v 0.06010400 0.04010950 0.02053100
v 0.06010500 -0.02565950 -0.00031300
v 0.06010700 -0.03511650 0.01010500
v 0.06011200 0.04484550 0.02470900
v 0.06011700 -0.05224150 0.02632800
v 0.06012400 -0.00030150 -0.00948800
v 0.06016500 0.00368050 -0.00907300
v 0.06017200 -0.04010450 0.01649200
v 0.06018200 0.02008250 -0.00423700
v 0.06018300 -0.01287250 -0.00706200
v 0.06018800 0.00713150 -0.00863600
v 0.06021100 -0.02218050 -0.00237200
v 0.06021300 0.02494550 -0.00115900
v 0.06021400 -0.02836450 0.00222500
v 0.06021400 -0.02836450 0.00222500
v 0.06021400 0.03459250 0.00828500
v 0.06022100 0.00501450 -0.01040300
v 0.06022400 -0.04989350 0.02705000
v 0.06027900 -0.05267750 0.02351600
v 0.06030100 0.05081850 0.02261200
v 0.06035600 0.05290650 0.02489500
v 0.06035600 0.05290650 0.02489500
v 0.06035600 0.05290650 0.02489500
v 0.06040000 -0.00451050 -0.00908200
v 0.06046600 0.05237150 0.02243800
v 0.06048100 0.00215450 -0.01054800
v 0.06049700 -0.02240350 -0.00398100
v 0.06049800 -0.03549650 0.00831100
v 0.06050100 -0.04988050 0.02365600
v 0.06051700 -0.04554250 0.02641000
v 0.06061300 -0.03833750 0.01909000
v 0.06061300 -0.03833750 0.01909000
v 0.06061500 -0.04327550 0.02436900
v 0.06066300 0.01990150 -0.00560100
v 0.06066600 -0.00819850 -0.00932100
v 0.06067800 0.02660350 -0.00098600
v 0.06068600 0.03055050 0.00235800
v 0.06068700 0.02882350 0.00097800
v 0.06069600 -0.00107250 -0.01014200
v 0.06078000 0.01719250 -0.00490700
v 0.06079100 0.01022450 -0.00733000
v 0.06079200 0.01382950 -0.00592900
v 0.06084400 -0.02751250 0.00281700
v 0.06084400 -0.02751250 0.00281700
v 0.06084400 -0.00873950 -0.00736100
v 0.06086600 0.03860750 0.01936800
v 0.06087300 0.05153850 0.02548000
v 0.06087300 0.05153850 0.02548000
v 0.06091100 -0.03731650 0.01788100
v 0.06091100 -0.03731650 0.01788100
v 0.06094200 -0.04115650 0.02504500
v 0.06099100 0.03018350 0.00494900
v 0.06099400 -0.00593150 -0.00942900
v 0.06099700 -0.01699650 -0.00614000
v 0.06101500 -0.03031850 0.00569300
v 0.06101800 -0.04659750 0.02513600
v 0.06107300 0.04119650 0.02189100
v 0.06109600 -0.02989650 0.00327000
v 0.06111800 -0.03626850 0.01126700
v 0.06111900 0.03863750 0.01577400
v 0.06112300 0.03676850 0.01145800
v 0.06114500 -0.01119250 -0.00799500
v 0.06116900 -0.03519850 0.01376000
v 0.06118100 0.00156450 -0.00744500
v 0.06122900 0.02397350 -0.00205900
v 0.06123800 -0.04005750 0.02214100
v 0.06127600 -0.02657950 0.00065300
v 0.06127700 0.03536550 0.00925400
v 0.06127900 -0.01919150 -0.00460700
v 0.06130200 -0.03294550 0.00673000
v 0.06132800 -0.02779850 0.00396100
v 0.06132800 -0.02779850 0.00396100
v 0.06135600 -0.01548150 -0.00407800
v 0.06138200 0.03238250 0.00790700
v 0.06138500 0.00801950 -0.00853200
v 0.06139000 0.03734750 0.01349900
v 0.06139700 -0.02546850 0.00189100
v 0.06144300 -0.03793650 0.02211100
v 0.06144400 0.00506250 -0.00690700
v 0.06144500 0.01103750 -0.00765400
v 0.06146000 -0.03595650 0.01690900
v 0.06146000 -0.03595650 0.01690900
v 0.06146200 0.03907250 0.01837700
v 0.06146800 -0.02332550 -0.00157800
v 0.06146900 -0.03119650 0.00756600
v 0.06147800 0.01658650 -0.00558900
v 0.06150000 -0.03285850 0.01037400
v 0.06150200 -0.03105350 0.00521000
v 0.06150900 -0.01405850 -0.00657900
v 0.06159000 -0.03719050 0.01474400
v 0.06161700 0.01424950 -0.00639200
v 0.06162000 -0.01104150 -0.00533900
v 0.06168000 0.03315150 0.00714300
v 0.06168400 0.04147250 0.02436300
v 0.06169600 0.03558650 0.01457900
v 0.06170100 -0.02266150 0.00056300
v 0.06170200 0.01769850 -0.00302400
v 0.06172200 0.03900450 0.02274500
v 0.06174500 -0.00334050 -0.00698400
v 0.06175100 0.04582750 0.02565200
v 0.06175800 0.00018350 -0.00862400
v 0.06177700 0.02689250 0.00332200
v 0.06178100 -0.02021350 -0.00101000
v 0.06178100 0.04251050 0.02381500
v 0.06179300 -0.03516150 0.01631900
v 0.06179300 -0.03516150 0.01631900
v 0.06179700 0.00441650 -0.00828900
v 0.06179700 0.03685650 0.01821900
v 0.06181400 -0.00098450 -0.00666200
v 0.06181700 0.03117750 0.00522300
v 0.06185200 -0.01803450 -0.00194200
v 0.06186000 -0.00572050 -0.00665500
v 0.06187300 0.05008950 0.02253900
v 0.06191600 0.05120050 0.02488600
v 0.06191600 0.05120050 0.02488600
v 0.06194300 0.02525850 0.00212800
v 0.06195300 0.02141050 -0.00050700
v 0.06195900 0.00845050 -0.00550000
v 0.06200200 0.02119850 -0.00238700
v 0.06203300 -0.03819150 0.01955900
v 0.06206500 0.01374050 -0.00402200
v 0.06207000 -0.00373750 -0.00792400
v 0.06210200 -0.02623750 0.00422500
v 0.06210200 -0.02623750 0.00422500
v 0.06212100 0.04568350 0.02420800
v 0.06217800 -0.00678350 -0.00742400
v 0.06217900 0.01116650 -0.00488200
v 0.06220500 0.04992850 0.02533200
v 0.06220500 0.04992850 0.02533200
v 0.06221800 0.03268950 0.01106600
v 0.06222200 -0.03906050 0.02499600
v 0.06223600 0.02818350 0.00538300
v 0.06226000 -0.03420150 0.01528100
v 0.06226000 -0.03420150 0.01528100
v 0.06231200 0.04877750 0.02580300
v 0.06231200 0.04877750 0.02580300
v 0.06232300 0.01886250 -0.00108300
v 0.06233500 -0.03565350 0.01944800
v 0.06237400 -0.04852550 0.02679200
v 0.06237500 -0.02068650 -0.00174500
v 0.06238100 0.02304650 0.00141100
v 0.06242100 0.03465350 0.01169500
v 0.06245100 -0.03287850 0.01390100
v 0.06245100 -0.03287850 0.01390100
v 0.06245600 -0.05112250 0.02473000
v 0.06245800 -0.01264850 -0.00368200
v 0.06245900 -0.03307950 0.00990500
v 0.06246500 0.02999250 0.00786100
v 0.06248700 -0.01488450 -0.00212300
v 0.06250900 -0.02355250 0.00074900
v 0.06252000 -0.02976450 0.00919400
v 0.06254200 -0.01516150 -0.00423100
v 0.06254400 0.03840850 0.02141600
v 0.06255600 0.02532350 0.00158800
v 0.06256800 -0.02854450 0.00474000
v 0.06264700 -0.00955050 -0.00582200
v 0.06270500 0.00715850 -0.00459900
v 0.06271800 -0.03452550 0.01314300
v 0.06272000 0.00689750 -0.00646000
v 0.06274500 -0.00109250 -0.00703500
v 0.06275401 0.02840450 0.00456400
v 0.06275800 -0.03423250 0.01776700
v 0.06278700 0.01830250 -0.00269600
v 0.06279200 -0.04816550 0.02339000
v 0.06279500 -0.00814650 -0.00409600
v 0.06284500 -0.04408850 0.02513800
v 0.06286900 0.03352250 0.01530300
v 0.06289100 0.01585350 -0.00177800
v 0.06289800 0.03461950 0.01815300
v 0.06290100 0.04725450 0.02592900
v 0.06290100 0.04725450 0.02592900
v 0.06292100 -0.00472550 -0.00453800
v 0.06294200 0.03713150 0.02301300
v 0.06295400 0.03654050 0.01856100
v 0.06295900 0.03520850 0.01464400
v 0.06300300 -0.02591450 0.00540900
v 0.06300300 -0.02591450 0.00540900
v 0.06301400 -0.02391350 0.00403600
v 0.06301700 0.04872550 0.02261900
v 0.06301800 0.00416450 -0.00465600
v 0.06303200 -0.03595750 0.01815200
v 0.06304200 -0.02671550 0.00396600
v 0.06304500 0.03515150 0.02066000
v 0.06306300 -0.02507450 0.00274500
v 0.06306700 -0.03520550 0.02248400
v 0.06309800 -0.00227050 -0.00427500
v 0.06312200 -0.03703650 0.02455100
v 0.06312800 -0.03776150 0.02278500
v 0.06316400 0.03228650 0.01008900
v 0.06316600 -0.01855350 0.00096200
v 0.06317300 -0.01613250 -0.00047000
v 0.06318100 0.01459050 -0.00342100
v 0.06318500 -0.01144550 -0.00468500
v 0.06321500 -0.04338550 0.02683400
v 0.06322000 -0.01761950 -0.00191100
v 0.06322100 0.01072950 -0.00484900
v 0.06324100 -0.02711450 0.00703000
v 0.06327100 -0.03167650 0.01412600
v 0.06327100 -0.03167650 0.01412600
v 0.06329700 -0.02892650 0.00663800
v 0.06332900 0.02159050 0.00022400
v 0.06333800 0.02146450 0.00257300
v 0.06335400 0.00075950 -0.00410500
v 0.06337000 0.00276850 -0.00582400
v 0.06338200 -0.03020450 0.00846100
v 0.06338700 -0.02477150 0.00554000
v 0.06338700 -0.02477150 0.00554000
v 0.06341200 -0.03034550 0.01220800
v 0.06341200 -0.03034550 0.01220800
v 0.06342700 -0.02121950 0.00316900
v 0.06346400 -0.00494150 -0.00558900
v 0.06350100 -0.03971150 0.02450800
v 0.06351500 -0.01077950 -0.00211400
v 0.06352700 0.03962750 0.02362500
v 0.06355900 0.01028250 -0.00247300
v 0.06366800 0.04681150 0.02251900
v 0.06367300 -0.03180950 0.01646000
v 0.06369700 0.02510650 0.00585100
v 0.06371200 0.01203450 -0.00345400
v 0.06371800 0.00280350 -0.00333800
v 0.06372100 0.03123550 0.01303200
v 0.06372200 -0.01392850 -0.00053400
v 0.06372700 -0.03034850 0.01353000
v 0.06372700 -0.03034850 0.01353000
v 0.06372700 0.04385750 0.02581400
v 0.06372700 0.04385750 0.02581400
v 0.06373300 0.02925750 0.00760500
v 0.06374500 0.04537650 0.02593800
v 0.06374500 0.04537650 0.02593800
v 0.06380200 -0.03351750 0.01527600
v 0.06385700 0.02893450 0.01036700
v 0.06387000 -0.00579950 -0.00254800
v 0.06387200 0.00819650 -0.00456800
v 0.06392800 0.04305050 0.02426800
v 0.06393600 0.02273750 0.00449200
v 0.06394700 -0.02846350 0.01120400
v 0.06394700 -0.02846350 0.01120400
v 0.06396900 -0.01950350 0.00056000
v 0.06397200 0.03526750 0.02251100
v 0.06397700 -0.02202450 0.00227700
v 0.06397700 0.00723550 -0.00243600
v 0.06399700 -0.00809750 -0.00402200
v 0.06401400 -0.04589350 0.02688100
v 0.06402900 0.01634650 -0.00131100
v 0.06403600 -0.03247150 0.02008700
v 0.06403700 -0.02422650 0.00640900
v 0.06403700 -0.02422650 0.00640900
v 0.06404100 0.04226050 0.02561300
v 0.06404100 0.04226050 0.02561300
v 0.06404699 0.03334150 0.01495200
v 0.06406200 0.04069150 0.02530800
v 0.06406200 0.04069150 0.02530800
v 0.06409700 0.02678850 0.00841400
v 0.06411000 0.03408850 0.01745200
v 0.06411700 0.01490350 0.00010600
v 0.06414299 -0.02706750 0.00965900
v 0.06414299 -0.02706750 0.00965900
v 0.06414600 0.03939650 0.02501600
v 0.06414600 0.03939650 0.02501600
v 0.06414800 -0.03949550 0.02616900
v 0.06416200 0.01865550 0.00190200
v 0.06417200 0.02581050 0.00513200
v 0.06418600 0.00006050 -0.00471200
v 0.06419000 -0.03127350 0.01228600
v 0.06420400 -0.01218050 -0.00249600
v 0.06423301 -0.00268850 -0.00463400
v 0.06428801 -0.04170650 0.02514300
v 0.06430000 -0.03377050 0.01855900
v 0.06435100 0.03057950 0.01516000
v 0.06435800 -0.04797050 0.02537500
v 0.06438800 -0.02573150 0.00904700
v 0.06438800 -0.02573150 0.00904700
v 0.06439700 0.03077950 0.01148800
v 0.06442000 0.03184050 0.01823700
v 0.06443800 -0.01436650 -0.00118200
v 0.06444400 0.01223950 -0.00034800
v 0.06446400 -0.00864750 -0.00103100
v 0.06446800 -0.01607150 0.00171100
v 0.06449299 0.03431150 0.02013300
v 0.06454901 -0.02206750 0.00602200
v 0.06455500 -0.03295750 0.02281500
v 0.06455800 -0.02432450 0.00525100
v 0.06455900 -0.03147050 0.01441500
v 0.06456800 -0.02448750 0.00817700
v 0.06456800 -0.02448750 0.00817700
v 0.06458200 -0.01951850 0.00401000
v 0.06460100 0.03775050 0.02484500
v 0.06460100 0.03775050 0.02484500
v 0.06460501 -0.03450050 0.02204200
v 0.06460800 -0.03492150 0.02467800
v 0.06461300 0.03281950 0.02129400
v 0.06465000 -0.02644150 0.00725400
v 0.06465400 0.01875250 0.00138100
v 0.06466100 0.02187550 0.00306800
v 0.06466200 0.02854750 0.01276000
v 0.06469100 -0.00064150 -0.00151600
v 0.06473900 -0.02858850 0.01412100
v 0.06476200 0.04783650 0.02466600
v 0.06477600 -0.02361250 0.00753200
v 0.06477600 -0.02361250 0.00753200
v 0.06477600 -0.02361250 0.00753200
v 0.06479600 -0.01116450 0.00039800
v 0.06479800 -0.02657250 0.01135100
v 0.06483600 0.02863050 0.00988500
v 0.06483800 0.03627550 0.02433300
v 0.06483800 0.03627550 0.02433300
v 0.06484800 0.03460550 0.02365500
v 0.06484800 0.03460550 0.02365500
v 0.06488300 -0.04461950 0.02342700
v 0.06490500 -0.02816950 0.01024100
v 0.06491201 0.00450550 -0.00134000
v 0.06492300 -0.01634250 0.00091800
v 0.06494900 -0.00425450 -0.00081000
v 0.06496200 0.00462650 -0.00308100
v 0.06498900 -0.01268050 0.00215300
v 0.06501200 -0.01941050 0.00257500
v 0.06503100 -0.03609150 0.02425400
v 0.06504200 -0.02988450 0.01821500
v 0.06506800 0.03353750 0.02318000
v 0.06506800 0.03353750 0.02318000
v 0.06512400 -0.04656450 0.02368500
v 0.06512700 0.00183250 -0.00099000
v 0.06513099 0.00892450 0.00047500
v 0.06516900 0.02016050 0.00517600
v 0.06517100 -0.00978850 -0.00149400
v 0.06518300 0.03511350 0.02305200
v 0.06521200 -0.04365850 0.02680000
v 0.06521700 0.01115150 -0.00089000
v 0.06522400 0.03083950 0.01483300
v 0.06525200 0.00692450 0.00011600
v 0.06529100 -0.00536150 -0.00218800
v 0.06531900 0.02350050 0.00827000
v 0.06532200 0.00817450 -0.00185400
v 0.06536000 0.01311050 -0.00010700
v 0.06536600 -0.03165550 0.01798700
v 0.06537100 0.01622350 0.00370700
v 0.06540100 -0.02146350 0.00757600
v 0.06540100 -0.02146350 0.00757600
v 0.06543400 -0.03042550 0.02171400
v 0.06543700 0.02907350 0.01657700
v 0.06544600 0.02567150 0.01120800
v 0.06546700 0.03239150 0.02253600
v 0.06546700 0.03239150 0.02253600
v 0.06547700 0.04026550 0.02437100
v 0.06549500 0.02350050 0.00617700
v 0.06549700 0.01352550 0.00235100
v 0.06551400 0.03183950 0.01826000
v 0.06551600 0.04465050 0.02273700
v 0.06553400 0.00117450 -0.00220300
v 0.06554700 -0.02671050 0.01426300
v 0.06556199 -0.02075850 0.00477200
v 0.06558100 0.02102350 0.00694600
v 0.06564300 -0.00159250 -0.00177700
v 0.06575300 -0.02915150 0.01468500
v 0.06578100 -0.00144550 0.00058400
v 0.06581600 0.04005450 0.02572500
v 0.06582500 0.03250450 0.02171300
v 0.06584400 -0.00721950 0.00160500
v 0.06584400 0.02959950 0.02096900
v 0.06584400 0.02959950 0.02096900
v 0.06584800 0.03062950 0.02169200
v 0.06584800 0.03062950 0.02169200
v 0.06586800 -0.01960750 0.00711900
v 0.06586800 -0.01960750 0.00711900
v 0.06587700 -0.01727350 0.00551600
v 0.06588900 -0.02787950 0.01817700
v 0.06590100 -0.03156950 0.02130800
v 0.06590400 -0.02303650 0.00701200
v 0.06591900 0.02890350 0.01915900
v 0.06594400 -0.01081150 0.00063800
v 0.06595200 -0.01528950 0.00479600
v 0.06595900 -0.00949750 0.00203700
v 0.06596300 0.02634750 0.01396500
v 0.06597500 -0.02359850 0.01109000
v 0.06599600 -0.02969150 0.01756400
v 0.06601600 -0.02183650 0.00956400
v 0.06613500 0.01166950 0.00333100
v 0.06614000 0.01430250 0.00208900
v 0.06614600 0.01606050 0.00273300
v 0.06615800 0.02631850 0.01109000
v 0.06617700 -0.04067350 0.02676100
v 0.06618600 0.02460150 0.00891000
v 0.06618901 0.04584450 0.02457700
v 0.06620500 -0.02583950 0.01092700
v 0.06622700 0.00232250 0.00129500
v 0.06623400 -0.01360050 0.00200700
v 0.06624299 -0.03205650 0.02506700
v 0.06624401 0.01817750 0.00418400
v 0.06626000 0.01779850 0.00630600
v 0.06626400 0.02809150 0.01398500
v 0.06627900 -0.03919450 0.02497300
v 0.06628501 0.03764250 0.02463700
v 0.06630600 0.00514050 -0.00013000
v 0.06631200 0.02046850 0.00576200
v 0.06635400 -0.02441350 0.01402500
v 0.06635400 -0.00788650 0.00057800
v 0.06636500 0.02691450 0.01682300
v 0.06638300 0.02852850 0.02043000
v 0.06638300 0.02852850 0.02043000
v 0.06640700 -0.02708350 0.01351300
v 0.06641400 0.03151750 0.02361400
v 0.06642000 -0.03699050 0.02645900
v 0.06642400 -0.01285550 0.00409700
v 0.06650800 0.00942650 0.00317600
v 0.06651600 -0.02756850 0.02054600
v 0.06652800 -0.02562150 0.01692000
v 0.06654800 0.00234150 -0.00002500
v 0.06655900 -0.01872150 0.00801000
v 0.06655900 -0.01872150 0.00801000
v 0.06656200 0.02179250 0.01019700
v 0.06656300 0.00876550 0.00082000
v 0.06656601 0.03358350 0.02464700
v 0.06656700 -0.00457850 0.00260900
v 0.06658000 -0.02887150 0.02310000
v 0.06661200 0.02956850 0.01896200
v 0.06664400 -0.00577150 0.00056000
v 0.06666201 -0.04275150 0.02326700
v 0.06670401 -0.02305750 0.00949800
v 0.06671100 0.00496850 0.00277000
v 0.06671900 -0.01604950 0.00415500
v 0.06673200 -0.00340950 0.00041600
v 0.06673800 0.00700350 0.00311300
v 0.06678300 0.04281350 0.02588200
v 0.06678900 -0.01105850 0.00492500
v 0.06687800 0.02734350 0.02040500
v 0.06687800 0.02734350 0.02040500
v 0.06687800 0.03679450 0.02567000
v 0.06692300 -0.01945250 0.01007900
v 0.06692600 -0.01756250 0.00859700
v 0.06692600 -0.01756250 0.00859700
v 0.06692800 0.01865350 0.00853700
v 0.06694899 0.02357750 0.01386200
v 0.06695600 -0.00204550 0.00267800
v 0.06698400 0.01148550 0.00284100
v 0.06699300 -0.02733650 0.01695500
v 0.06704300 0.01367950 0.00563700
v 0.06704400 -0.02995250 0.02254200
v 0.06706000 -0.01631450 0.00786400
v 0.06706000 -0.01631450 0.00786400
v 0.06710500 -0.00120250 0.00101700
v 0.06712200 -0.04379950 0.02566500
v 0.06716301 -0.02348150 0.01592200
v 0.06716400 -0.02128250 0.01300000
v 0.06716400 -0.01878050 0.00680400
v 0.06716900 0.00239350 0.00353200
v 0.06718500 -0.02855850 0.02012300
v 0.06725300 0.02608950 0.01960100
v 0.06725300 0.02608950 0.01960100
v 0.06727000 0.02044350 0.00814600
v 0.06728500 0.04299250 0.02269300
v 0.06732599 0.02417350 0.01615700
v 0.06739600 0.02167250 0.01275700
v 0.06739701 0.03093750 0.02296600
v 0.06740000 -0.01386050 0.00693200
v 0.06741300 -0.01518150 0.00790200
v 0.06741300 -0.01518150 0.00790200
v 0.06741500 -0.00820950 0.00272300
v 0.06742000 0.02898250 0.02174300
v 0.06743699 -0.03370750 0.02498600
v 0.06744800 0.02558450 0.01489900
v 0.06744900 0.02496350 0.01882900
v 0.06744900 0.02496350 0.01882900
v 0.06748001 -0.02323450 0.01230200
v 0.06748100 -0.00027250 0.00410400
v 0.06748300 -0.00582350 0.00427500
v 0.06748800 0.01580450 0.00795600
v 0.06750600 0.01502050 0.00531900
v 0.06751200 0.02679450 0.01742000
v 0.06752200 0.02830650 0.02311300
v 0.06753000 0.01935050 0.01104000
v 0.06753100 -0.03460150 0.02640300
v 0.06754200 -0.03640850 0.02514500
v 0.06757600 -0.00820150 0.00513100
v 0.06758700 0.00952350 0.00521000
v 0.06761000 -0.01060450 0.00372600
v 0.06761499 0.00879350 0.00313000
v 0.06764200 -0.01306250 0.00480200
v 0.06770300 -0.03007050 0.02543800
v 0.06773400 0.02358750 0.01287200
v 0.06774100 -0.02446350 0.01512800
v 0.06774200 -0.02415050 0.02073100
v 0.06783200 0.02483150 0.02078000
v 0.06783700 -0.02605550 0.02336000
v 0.06786799 -0.02570750 0.01815700
v 0.06788300 -0.01022650 0.00702800
v 0.06789100 -0.00385250 0.00303900
v 0.06789801 0.02614250 0.02233500
v 0.06790100 -0.01659150 0.01048900
v 0.06790400 0.03275050 0.02417700
v 0.06790600 0.01672450 0.00708100
v 0.06790700 0.00542050 0.00300000
v 0.06792501 0.01296350 0.00795800
v 0.06795600 -0.00319850 0.00543700
v 0.06796400 0.00583450 0.00534600
v 0.06797899 -0.01384250 0.00836300
v 0.06797899 -0.01384250 0.00836300
v 0.06798600 0.02127050 0.01517300
v 0.06799199 0.03052250 0.02462400
v 0.06800701 0.02396250 0.01937600
v 0.06800701 0.02396250 0.01937600
v 0.06801300 -0.01269150 0.00831700
v 0.06801300 -0.01269150 0.00831700
v 0.06801700 -0.02075550 0.01111100
v 0.06801999 -0.00057050 0.00298200
v 0.06804300 0.02113550 0.01120900
v 0.06807200 -0.02076750 0.01570200
v 0.06808100 -0.02191950 0.01789400
v 0.06808400 -0.03170450 0.02471200
v 0.06811700 0.02290650 0.01843800
v 0.06811700 0.02290650 0.01843800
v 0.06812700 -0.01537550 0.00725900
v 0.06817700 0.02211750 0.01744900
v 0.06817700 0.02211750 0.01744900
v 0.06817800 -0.01048650 0.00840700
v 0.06817800 -0.01048650 0.00840700
v 0.06818900 -0.01868550 0.01290400
v 0.06820000 0.00202150 0.00332300
v 0.06822100 0.00344150 0.00557200
v 0.06830300 0.02589150 0.02040300
v 0.06831400 -0.04102550 0.02323600
v 0.06841300 -0.02664750 0.02254700
v 0.06843500 0.04005550 0.02584800
v 0.06843900 0.01836650 0.00982200
v 0.06844200 -0.00918750 0.00885100
v 0.06844200 -0.00918750 0.00885100
v 0.06844600 -0.01005350 0.01054400
v 0.06844800 0.00100550 0.00589700
v 0.06845301 -0.02196050 0.02126300
v 0.06847300 0.02347250 0.01629300
v 0.06847500 -0.00559350 0.00683500
v 0.06849800 0.01557050 0.01108700
v 0.06851300 0.03511950 0.02453400
v 0.06854400 -0.01198250 0.00646700
v 0.06855800 -0.04032950 0.02648200
v 0.06856500 0.04167650 0.02325700
v 0.06856900 -0.01493450 0.01201800
v 0.06857000 0.00917150 0.00814700
v 0.06857100 0.01773750 0.01339900
v 0.06860900 0.00691250 0.00751500
v 0.06861100 -0.02907050 0.02436000
v 0.06862999 -0.02812250 0.02535500
v 0.06867401 -0.02219750 0.01581600
v 0.06868599 -0.01716950 0.00995400
v 0.06868900 0.02086450 0.01820000
v 0.06868900 0.02086450 0.01820000
v 0.06869100 0.00962650 0.00547100
v 0.06870200 -0.01655250 0.01419100
v 0.06870300 -0.00736950 0.00493600
v 0.06875400 -0.01950250 0.01808000
v 0.06877300 0.01248950 0.00703700
v 0.06879800 0.00649850 0.00512500
v 0.06880200 -0.00251050 0.00732400
v 0.06883300 0.03898150 0.02291400
v 0.06887400 0.01866050 0.01584800
v 0.06887400 0.01866050 0.01584800
v 0.06888400 0.02185250 0.02061800
v 0.06890000 -0.02424850 0.02098200
v 0.06891301 -0.01279950 0.01104200
v 0.06891500 0.01079450 0.00960500
v 0.06894100 -0.00791950 0.00886700
v 0.06894100 -0.00791950 0.00886700
v 0.06902500 0.01916650 0.01757400
v 0.06902500 0.01916650 0.01757400
v 0.06903400 0.02317950 0.01856100
v 0.06904400 0.00159350 0.00794500
v 0.06905300 0.00493450 0.00797900
v 0.06909300 -0.00359550 0.00530600
v 0.06910501 -0.01737050 0.01671500
v 0.06912000 0.01187550 0.01101200
v 0.06913200 0.01843150 0.01244600
v 0.06918599 0.01551050 0.01013400
v 0.06923200 0.02658750 0.02304000
v 0.06924300 0.02031950 0.01497600
v 0.06925400 -0.02021750 0.02064600
v 0.06925900 -0.02234950 0.01861500
v 0.06926800 -0.01360650 0.00953500
v 0.06927800 -0.02295850 0.02363500
v 0.06929100 -0.01892250 0.01390900
v 0.06931300 0.01380750 0.01327200
v 0.06937300 0.02290850 0.02289100
v 0.06940400 0.01728850 0.01677600
v 0.06940400 0.01728850 0.01677600
v 0.06945400 0.01658350 0.01572000
v 0.06945400 0.01658350 0.01572000
v 0.06947300 -0.00667650 0.00990300
v 0.06947300 -0.00667650 0.00990300
v 0.06949300 0.00889450 0.01090100
v 0.06949700 -0.01430150 0.01566800
v 0.06950500 0.00698650 0.01019100
v 0.06952700 0.02581250 0.02434600
v 0.06955700 -0.03075950 0.02643100
v 0.06955700 0.00037050 0.00603000
v 0.06955900 -0.01988150 0.01726400
v 0.06956400 -0.01078750 0.00854300
v 0.06960900 -0.00513650 0.00979400
v 0.06960900 -0.00513650 0.00979400
v 0.06961100 0.03800650 0.02586200
v 0.06961300 -0.02567050 0.02534900
v 0.06961300 -0.01007250 0.01275500
v 0.06963100 -0.00185150 0.00913900
v 0.06963100 0.00432150 0.00659800
v 0.06966200 0.01513750 0.01616100
v 0.06966200 0.01513750 0.01616100
v 0.06967800 0.00142550 0.01006900
v 0.06976200 0.01417850 0.01545700
v 0.06976200 0.01417850 0.01545700
v 0.06976200 0.01860350 0.02056900
v 0.06977300 0.03331050 0.02618800
v 0.06978700 -0.01726450 0.01984600
v 0.06979600 0.04009450 0.02399000
v 0.06984100 0.00408450 0.01050600
v 0.06984200 0.02226950 0.02155100
v 0.06986500 -0.01504150 0.01240000
v 0.06987600 -0.00508450 0.00766100
v 0.06987600 -0.00431850 0.01041100
v 0.06987600 -0.00431850 0.01041100
v 0.06987700 0.01269850 0.01058100
v 0.06991500 0.01127950 0.01406500
v 0.06991500 0.01127950 0.01406500
v 0.06992300 0.00748850 0.00836000
v 0.06997900 0.01968450 0.01767000
v 0.06998200 0.02833950 0.02426500
v 0.06999200 -0.00693350 0.01120100
v 0.07000300 0.01251550 0.01474300
v 0.07000300 0.01251550 0.01474300
v 0.07001600 -0.03679250 0.02666200
v 0.07003300 -0.01170950 0.01482600
v 0.07005300 -0.00004250 0.01099600
v 0.07005300 -0.00004250 0.01099600
v 0.07006900 -0.02085250 0.02144500
v 0.07007200 -0.03797850 0.02332900
v 0.07010500 -0.00692150 0.00864400
v 0.07011300 -0.03909250 0.02521500
v 0.07013900 0.03089350 0.02587600
v 0.07017400 -0.00290350 0.01130100
v 0.07017400 -0.00290350 0.01130100
v 0.07023000 -0.02016150 0.02387800
v 0.07023101 0.00983450 0.01001500
v 0.07025500 -0.02411850 0.02401000
v 0.07026500 -0.00196150 0.00843900
v 0.07027100 0.01023850 0.01424100
v 0.07027100 0.01023850 0.01424100
v 0.07027800 0.01989750 0.02313200
v 0.07029000 0.03542850 0.02623100
v 0.07029901 0.01091450 0.01613900
v 0.07030001 0.01427350 0.01299100
v 0.07030400 -0.00147950 0.01143300
v 0.07030400 -0.00147950 0.01143300
v 0.07032200 -0.03004750 0.02516900
v 0.07033100 -0.01463250 0.01976700
v 0.07033800 0.01366550 0.01740900
v 0.07034500 0.01570450 0.01948100
v 0.07034700 0.00227950 0.00863500
v 0.07034700 0.00625450 0.01289900
v 0.07034700 0.00625450 0.01289900
v 0.07035000 0.00312350 0.01243500
v 0.07035000 0.00312350 0.01243500
v 0.07036200 -0.01588150 0.01549300
v 0.07037000 0.00471550 0.01285000
v 0.07037000 0.00471550 0.01285000
v 0.07037400 0.01615350 0.01511000
v 0.07038700 -0.00728950 0.01334300
v 0.07038900 -0.01711850 0.01742000
v 0.07038900 0.00173250 0.01177500
v 0.07038900 0.00173250 0.01177500
v 0.07041900 0.00051850 0.01217600
v 0.07041900 0.00051850 0.01217600
v 0.07047000 -0.01276750 0.01797300
v 0.07047100 0.00759650 0.01407500
v 0.07047100 0.00759650 0.01407500
v 0.07047900 -0.03300350 0.02400200
v 0.07052900 0.02485050 0.02373400
v 0.07053500 -0.00926250 0.01517500
v 0.07056800 0.00892450 0.01456900
v 0.07056800 0.00892450 0.01456900
v 0.07057299 -0.01167650 0.01236500
v 0.07065100 -0.01695750 0.02303500
v 0.07066700 0.01997250 0.02180700
v 0.07069300 -0.00996250 0.01761400
v 0.07069500 -0.00863250 0.01146300
v 0.07071300 -0.00423050 0.01343900
v 0.07077900 0.00246650 0.01387900
v 0.07080900 0.03524250 0.02298800
v 0.07082599 0.00509350 0.01440300
v 0.07085600 0.00465250 0.01035900
v 0.07085900 0.03075950 0.02457700
v 0.07087900 -0.00160850 0.01420800
v 0.07090600 0.01714150 0.02280600
v 0.07094400 0.01751150 0.02037400
v 0.07096700 0.01549950 0.01779000
v 0.07097300 0.00843050 0.01727500
v 0.07099500 -0.01733850 0.02060500
v 0.07100300 -0.00759250 0.01664400
v 0.07104000 0.01038050 0.01874400
v 0.07105500 -0.00383350 0.01111500
v 0.07106900 0.01442950 0.02191600
v 0.07107399 0.02786850 0.02587700
v 0.07108600 -0.03461550 0.02680800
v 0.07108600 -0.01264450 0.01566200
v 0.07112600 -0.01376050 0.02275400
v 0.07115000 0.00014750 0.01102400
v 0.07118100 0.00348250 0.01605300
v 0.07118399 -0.01047750 0.02026000
v 0.07122400 0.01331850 0.01632100
v 0.07128500 0.01217550 0.02152100
v 0.07132700 -0.00287550 0.01669200
v 0.07132901 -0.02267150 0.02578200
v 0.07133200 0.03761850 0.02410500
v 0.07135100 0.00563950 0.01758700
v 0.07135200 0.01034850 0.01449200
v 0.07135700 0.00052550 0.01650200
v 0.07135800 -0.00572150 0.01690400
v 0.07138700 -0.01797250 0.02289000
v 0.07140400 -0.01400450 0.01890500
v 0.07147100 0.00816950 0.01408900
v 0.07148001 0.02473150 0.02548700
v 0.07148100 0.02161650 0.02500300
v 0.07148400 -0.00896950 0.01497600
v 0.07150300 -0.00559750 0.01299700
v 0.07155600 0.00195950 0.01925500
v 0.07162500 -0.03540350 0.02335600
v 0.07165300 -0.02646650 0.02519300
v 0.07165600 0.00590750 0.01352500
v 0.07167099 0.00694850 0.02008500
v 0.07167300 0.01408350 0.02060700
v 0.07171000 0.00911050 0.02139100
v 0.07173200 -0.00683850 0.01988800
v 0.07174200 -0.01067350 0.01760700
v 0.07175500 -0.00409150 0.01946400
v 0.07182300 -0.01865750 0.02531200
v 0.07192300 0.01826750 0.02323100
v 0.07192500 -0.00328250 0.01449400
v 0.07194200 0.00207650 0.01416900
v 0.07198800 -0.00154950 0.01984300
v 0.07200000 -0.00069850 0.01409400
v 0.07201000 -0.02077350 0.02474000
v 0.07201300 0.01106950 0.01950100
v 0.07203800 0.00339750 0.02077800
v 0.07208899 -0.01106750 0.02358300
v 0.07210000 -0.00640750 0.01658700
v 0.07212700 0.00868750 0.01810100
v 0.07215900 -0.01575250 0.02499400
v 0.07216400 -0.02597950 0.02660900
v 0.07216500 -0.03211850 0.02683800
v 0.07216700 0.02292450 0.02440400
v 0.07219100 0.01914050 0.02487400
v 0.07221800 0.00523750 0.01666500
v 0.07223500 -0.00918050 0.01902900
v 0.07223500 0.01416650 0.02389100
v 0.07234200 -0.01118650 0.02171500
v 0.07241300 0.03520450 0.02459200
v 0.07241700 -0.01526850 0.02358000
v 0.07243300 -0.00562450 0.02239300
v 0.07243600 0.01559650 0.02314300
v 0.07244300 -0.00853150 0.02384900
v 0.07249800 0.00480350 0.02298000
v 0.07253700 -0.03084450 0.02331600
v 0.07253900 -0.01302850 0.02311400
v 0.07253900 -0.00362150 0.01802000
v 0.07256300 -0.00724550 0.01942000
v 0.07256600 0.02943150 0.02610000
v 0.07258500 0.00579950 0.01951000
v 0.07258500 0.01006750 0.02384100
v 0.07259101 -0.00118050 0.01768800
v 0.07259500 0.00193850 0.01768200
v 0.07264200 0.00110350 0.02273300
v 0.07268801 0.00850750 0.02133800
v 0.07269500 0.03312250 0.02324200
v 0.07279500 -0.02923750 0.02687000
v 0.07285700 -0.00274850 0.02340300
v 0.07289400 0.01684650 0.02506900
v 0.07296800 0.01227050 0.02281900
v 0.07305101 0.02543850 0.02472500
v 0.07305300 -0.00788950 0.02239500
v 0.07309100 -0.00570350 0.02210400
v 0.07309400 0.00053450 0.02112100
v 0.07310900 0.00423950 0.02151800
v 0.07319100 0.02171450 0.02599200
v 0.07325900 -0.00296750 0.02203900
v 0.07327900 -0.03310650 0.02407400
v 0.07328501 0.01953650 0.02460300
v 0.07335700 -0.01315150 0.02548600
v 0.07348200 0.00736350 0.02451200
v 0.07350300 0.02724750 0.02401500
v 0.07356800 -0.02328250 0.02489700
v 0.07361400 0.03238850 0.02519300
v 0.07367299 -0.00015550 0.02447600
v 0.07378200 0.00658450 0.02319700
v 0.07378700 0.01019250 0.02356100
v 0.07380001 -0.02064750 0.02661600
v 0.07380500 -0.01801750 0.02516400
v 0.07380900 0.02588250 0.02635600
v 0.07388100 0.01329250 0.02536000
v 0.07392000 -0.02817050 0.02312000
v 0.07400200 -0.00547350 0.02496900
v 0.07400800 0.03005550 0.02332000
v 0.07406300 0.00363150 0.02321500
v 0.07421499 0.00252450 0.02488400
v 0.07424800 0.00100150 0.02350700
v 0.07439400 0.02159450 0.02474100
v 0.07450701 0.01276050 0.02453300
v 0.07452300 0.01020950 0.02531400
v 0.07462800 -0.02992850 0.02462700
v 0.07463000 -0.00138250 0.02383500
v 0.07473400 0.02929250 0.02545400
v 0.07479900 -0.02031250 0.02468900
v 0.07483000 -0.01580150 0.02515900
v 0.07487001 0.01923950 0.02653900
v 0.07487400 -0.01657050 0.02678000
v 0.07491200 -0.02409850 0.02679000
v 0.07494500 0.02327050 0.02644400
v 0.07497100 0.01518350 0.02599100
v 0.07499600 0.00472050 0.02552000
v 0.07503299 -0.00947950 0.02599600
v 0.07504800 -0.00864750 0.02501300
v 0.07515600 0.01666950 0.02486300
v 0.07517400 -0.02522550 0.02311500
v 0.07521300 -0.01165950 0.02517600
v 0.07523700 -0.00687550 0.02597100
v 0.07542200 0.02702050 0.02341900
v 0.07555000 0.02333550 0.02355200
v 0.07556900 -0.00162050 0.02583400
v 0.07561500 -0.00477350 0.02500600
v 0.07571500 -0.01893550 0.02683200
v 0.07571800 0.00917550 0.02491800
v 0.07580400 0.02616250 0.02536900
v 0.07581900 -0.01348150 0.02507600
v 0.07594400 0.01453550 0.02474300
v 0.07604100 -0.02620150 0.02511200
v 0.07610900 0.00215250 0.02487000
v 0.07627200 0.00579050 0.02490500
v 0.07645300 0.01667250 0.02641000
v 0.07652301 0.00783850 0.02612900
v 0.07653000 -0.01427750 0.02692900
v 0.07654000 -0.00037550 0.02479900
v 0.07659201 0.01222950 0.02632200
v 0.07666200 0.00155550 0.02613300
v 0.07666500 -0.02164250 0.02611600
v 0.07684400 -0.01129550 0.02679600
v 0.07685199 -0.01884850 0.02322200
v 0.07693200 0.02384950 0.02420000
v 0.07694300 -0.02200950 0.02346500
v 0.07720000 0.02032650 0.02348100
v 0.07726700 -0.00253250 0.02465400
v 0.07732600 -0.00980850 0.02428100
v 0.07748800 -0.01570050 0.02308200
v 0.07771100 0.01738550 0.02319800
v 0.07773600 -0.00606150 0.02381200
v 0.07776800 0.01187250 0.02367000
v 0.07778900 0.02016150 0.02563900
v 0.07779300 -0.00367550 0.02663500
v 0.07784800 -0.00607650 0.02665800
v 0.07828900 -0.01858850 0.02528300
v 0.07834201 0.01693050 0.02547000
v 0.07836100 0.00604950 0.02631400
v 0.07837300 0.01075650 0.02628100
v 0.07851899 0.01402250 0.02307700
v 0.07857000 0.00836350 0.02319300
v 0.07863900 0.00312850 0.02642600
v 0.07864200 -0.01284350 0.02604100
v 0.07878400 -0.01130350 0.02316700
v 0.07895800 -0.00082350 0.02288300
v 0.07902201 0.00230350 0.02280800
v 0.07913800 0.01405250 0.02554500
v 0.07914399 -0.01436650 0.02452100
v 0.07916400 -0.00057250 0.02633200
v 0.07919200 -0.00939350 0.02636700
v 0.07937101 0.00497350 0.02288700
v 0.07956900 -0.00759050 0.02317000
v 0.07991700 0.01075250 0.02415000
v 0.08006700 -0.00631250 0.02537000
v 0.08016300 0.00732950 0.02536600
v 0.08019900 0.00406450 0.02512400
v 0.08038800 -0.00403650 0.02372100
v 0.08042400 0.00081050 0.02471900
v 0.08072200 -0.00205950 0.02470100
f 3070 3116 2946
f 2236 2311 2113
f 2053 2071 2186
f 2071 2053 1988
f 2453 2560 2641
f 2079 2214 2112
f 3272 3116 3070
f 2475 2641 2679
f 1988 1996 2071
f 1229 1253 1112
f 2946 2976 3070
f 1253 1197 1112
f 2475 2453 2641
f 2578 2600 2470
f 1158 1218 1082
f 1036 1158 1082
f 2578 2703 2600
f 2600 2703 2781
f 2079 2112 2008
f 3105 3043 2939
f 2641 2868 2794
f 2679 2641 2794
f 2641 2758 2868
f 2830 2937 2781
f 3105 3274 3306
f 3246 3116 3272
f 2830 2781 2703
f 1901 2053 1994
f 1980 2079 2008
f 2613 2703 2578
f 2660 2562 2504
f 3003 3038 2868
f 1197 1047 1112
f 3272 3070 3255
f 2868 3038 3075
f 2450 2562 2374
f 2562 2676 2497
f 2374 2562 2497
f 912 1040 1106
f 3245 3105 3306
f 3000 3052 2937
f 912 938 1040
f 3075 3038 3171
f 2374 2336 2450
f 3052 3269 3150
f 3255 3070 3184
f 2346 2336 2213
f 2450 2336 2346
f 3052 3000 3161
f 1067 999 1135
f 3245 3043 3105
f 2679 2794 2872
f 1034 1170 1135
f 2450 2504 2562
f 3075 3062 2872
f 3061 3000 2906
f 1182 1264 1127
f 2346 2504 2450
f 2487 2505 2409
f 3000 3061 3161
f 2505 2487 2619
f 2351 2487 2409
f 3255 3184 3280
f 1057 1182 1127
f 3061 2906 3004
f 999 1034 1135
f 2872 2868 3075
f 3480 3280 3292
f 1068 1182 1057
f 2872 2794 2868
f 2580 2584 2721
f 2584 2698 2721
f 2510 2584 2580
f 3000 2937 2830
f 2837 2685 2903
f 2685 2864 2903
f 2666 2544 2755
f 875 999 948
f 2830 2906 3000
f 2685 2676 2864
f 2824 2680 2725
f 2721 2698 2839
f 948 1067 1040
f 2824 2725 2862
f 2676 2660 2835
f 3171 3309 3374
f 948 999 1067
f 2562 2660 2676
f 2666 2877 2702
f 3672 3516 3466
f 2680 2828 2619
f 938 948 1040
f 2877 2755 2939
f 3587 3615 3689
f 3672 3765 3847
f 2666 2755 2877
f 3672 3702 3516
f 2828 2712 2619
f 969 1041 1114
f 3847 3843 3702
f 3702 3672 3847
f 2676 2835 2864
f 3689 3757 3675
f 3001 2828 2824
f 969 1068 952
f 2990 3062 3219
f 969 1114 1068
f 2890 2976 2839
f 920 1034 999
f 2680 2824 2828
f 3219 3332 3444
f 3043 2895 2877
f 999 875 920
f 3468 3293 3444
f 2685 2497 2676
f 3293 3219 3444
f 3351 3297 3268
f 2839 2698 2890
f 3297 3351 3482
f 3680 3592 3444
f 2680 2506 2620
f 2620 2725 2680
f 952 1057 878
f 2506 2445 2620
f 3445 3619 3481
f 3619 3445 3638
f 2691 2698 2564
f 3230 3062 3075
f 878 1057 983
f 2883 2890 2698
f 2883 2698 2691
f 2680 2619 2487
f 2506 2680 2487
f 3516 3332 3310
f 2747 2768 2900
f 3310 3332 3230
f 1057 952 1068
f 2411 2563 2504
f 3310 3171 3374
f 992 912 1106
f 3075 3171 3310
f 3230 3075 3310
f 2976 2890 3065
f 3269 3052 3161
f 839 938 912
f 2768 2702 2895
f 2702 2877 2895
f 2504 2643 2660
f 3269 3161 3296
f 2516 2505 2712
f 2619 2712 2505
f 2563 2643 2504
f 3466 3516 3310
f 926 1041 969
f 2768 2895 2900
f 3410 3296 3469
f 2704 2516 2712
f 3026 2900 2895
f 3310 3374 3466
f 3269 3296 3410
f 3026 2895 3043
f 911 912 992
f 2577 2563 2411
f 2553 2702 2566
f 2768 2566 2702
f 2486 2577 2411
f 3388 3469 3296
f 2566 2768 2747
f 2746 2643 2563
f 926 969 889
f 2877 2939 3043
f 2563 2577 2715
f 3137 3161 3061
f 2746 2563 2715
f 3161 3242 3296
f 2611 2704 2737
f 3137 3242 3161
f 2611 2516 2704
f 834 911 916
f 2611 2461 2516
f 3062 3230 3219
f 916 789 834
f 3004 3137 3061
f 2976 3065 3070
f 2272 2411 2346
f 2504 2346 2411
f 3332 3219 3230
f 816 888 909
f 2516 2392 2505
f 2409 2505 2392
f 3439 3388 3297
f 839 834 738
f 3184 3070 3065
f 2311 2392 2461
f 3388 3296 3242
f 3026 3043 3197
f 2516 2461 2392
f 3388 3242 3297
f 702 839 738
f 2236 2409 2392
f 3297 3242 3137
f 3297 3137 3158
f 3197 3043 3245
f 834 912 911
f 2311 2461 2410
f 3444 3332 3525
f 3516 3525 3332
f 2499 2461 2611
f 2782 2883 2691
f 2410 2461 2499
f 912 834 839
f 818 926 889
f 3525 3516 3702
f 2712 2911 2704
f 2890 2883 3065
f 2643 2821 2660
f 926 818 909
f 816 909 818
f 3628 3520 3565
f 2919 2704 2911
f 3629 3566 3710
f 3680 3525 3702
f 2911 2712 2828
f 2704 2919 2737
f 3410 3469 3587
f 3615 3587 3469
f 2883 2782 2979
f 2866 2922 2746
f 3469 3388 3520
f 2979 3065 2883
f 2737 2919 2874
f 3615 3520 3628
f 659 706 774
f 3082 2934 2900
f 2782 2873 2979
f 3691 3615 3628
f 2979 2873 2986
f 2919 3183 3021
f 3692 3629 3710
f 2181 2213 2374
f 2351 2206 2357
f 758 706 705
f 2213 2336 2374
f 2979 2986 3131
f 3540 3565 3439
f 3439 3565 3388
f 3565 3520 3388
f 3482 3439 3297
f 2163 2357 2206
f 3482 3540 3439
f 3444 3525 3680
f 638 705 706
f 747 690 786
f 3539 3710 3566
f 717 786 690
f 3619 3710 3539
f 839 948 938
f 2487 2357 2506
f 875 948 839
f 2497 2345 2374
f 3619 3539 3481
f 2357 2487 2351
f 2494 2320 2294
f 2320 2494 2419
f 2900 2934 2747
f 889 952 835
f 2419 2494 2542
f 2734 2542 2494
f 2351 2257 2206
f 2351 2409 2257
f 2409 2236 2257
f 774 875 839
f 2743 2734 2942
f 2942 2840 2743
f 2748 2747 2934
f 2694 2542 2743
f 3273 3279 3151
f 2873 2782 2693
f 3110 3273 3151
f 3020 2948 2840
f 2832 2748 2934
f 2694 2743 2840
f 2832 2934 2982
f 2840 2799 2694
f 2799 2840 2948
f 889 969 952
f 2832 2668 2748
f 3279 3450 3394
f 3279 3273 3450
f 2634 2815 2645
f 2876 2645 2815
f 835 952 878
f 875 809 920
f 3550 3409 3394
f 2982 2934 3082
f 2875 2799 2948
f 758 809 875
f 2948 3029 2875
f 3683 3550 3751
f 3751 3550 3643
f 875 774 758
f 786 835 878
f 3751 3643 3831
f 706 758 774
f 3609 3643 3550
f 3543 3684 3613
f 3609 3550 3394
f 3082 3026 3197
f 1451 1569 1652
f 1668 1602 1530
f 818 889 835
f 3609 3394 3450
f 3543 3613 3494
f 3184 3065 3280
f 3494 3375 3543
f 839 702 774
f 835 782 818
f 3082 3197 3204
f 2900 3026 3082
f 3643 3798 3831
f 3609 3798 3643
f 1939 2001 2070
f 3714 3822 3684
f 3533 3714 3684
f 3533 3684 3543
f 2047 2089 2000
f 3714 3879 3822
f 2325 2475 2421
f 659 774 702
f 3395 3197 3245
f 3349 3197 3395
f 3798 3949 3831
f 3831 3949 4103
f 3831 4103 3974
f 2202 2329 2253
f 2239 2198 2333
f 3751 3831 3974
f 3974 3881 3751
f 782 835 786
f 3683 3751 3881
f 2253 2329 2453
f 2253 2453 2475
f 2436 2470 2333
f 717 782 786
f 3131 3280 3065
f 3280 3131 3292
f 3065 2979 3131
f 2253 2475 2325
f 632 648 722
f 3881 3974 4017
f 4017 3974 4164
f 3881 4017 3946
f 2338 2436 2333
f 3204 3249 3082
f 3988 4025 3884
f 3146 3082 3249
f 4025 3879 3778
f 2185 2325 2335
f 2335 2325 2421
f 2325 2185 2106
f 2106 2253 2325
f 3349 3204 3197
f 2185 2335 2224
f 3956 3822 3879
f 557 632 626
f 3778 3879 3714
f 704 655 586
f 544 632 557
f 2070 2253 2106
f 3292 3363 3480
f 632 544 648
f 4138 4160 4068
f 579 586 655
f 3956 3879 4068
f 4098 3956 4068
f 2253 2070 2202
f 4068 4160 4098
f 1036 1082 961
f 3249 3204 3349
f 3879 4025 4068
f 899 1016 940
f 3214 3175 3322
f 3249 3349 3435
f 2338 2198 2153
f 2153 2273 2338
f 2153 2198 2047
f 3082 3146 2982
f 2089 2047 2198
f 2338 2333 2198
f 792 940 809
f 1999 1818 1949
f 3027 3214 3110
f 792 899 940
f 3244 3213 3109
f 3168 3313 3170
f 3027 3041 3175
f 2066 2231 2159
f 899 830 961
f 3266 3170 3313
f 3266 3313 3418
f 3291 3500 3342
f 3418 3313 3453
f 1999 2147 2111
f 2111 2147 2270
f 899 792 830
f 1949 2058 1999
f 793 876 924
f 3050 3001 3188
f 924 866 793
f 3183 3291 3342
f 3027 3175 3214
f 3213 3380 3188
f 3342 3500 3465
f 3188 3001 3213
f 2027 1904 2066
f 1887 2066 1904
f 3380 3330 3188
f 3213 3001 2973
f 1034 940 1139
f 1887 2030 2066
f 2147 2058 2224
f 1999 2058 2147
f 3450 3415 3575
f 1016 1139 940
f 3313 3168 3220
f 1127 1162 1032
f 2066 2158 2231
f 3220 3361 3313
f 3322 3473 3415
f 2030 2158 2066
f 983 1127 1032
f 2243 2309 2158
f 940 1034 920
f 3453 3313 3361
f 3571 3473 3658
f 1949 1881 2106
f 1932 2044 2047
f 3453 3361 3507
f 1170 1034 1139
f 3523 3347 3465
f 3473 3571 3415
f 3415 3571 3575
f 983 1057 1127
f 3641 3380 3549
f 1939 1814 1772
f 1814 1939 1881
f 961 1082 1016
f 3450 3273 3415
f 3766 3808 3681
f 1652 1772 1814
f 3322 3415 3214
f 3214 3273 3110
f 1788 1888 1771
f 3415 3273 3214
f 1032 1179 1031
f 1888 1788 1891
f 3681 3556 3591
f 1939 2070 2106
f 1939 2106 1881
f 3626 3729 3777
f 3326 3397 3244
f 3681 3591 3766
f 3244 3397 3213
f 1888 1891 2000
f 899 961 1016
f 1032 1031 876
f 1932 2047 1891
f 1891 2047 2000
f 1750 1881 1949
f 940 920 809
f 3872 3766 3764
f 3620 3397 3494
f 1627 1881 1750
f 3494 3397 3326
f 3591 3556 3418
f 1717 1788 1677
f 1827 1788 1717
f 3326 3375 3494
f 3418 3453 3591
f 1032 876 983
f 3397 3549 3380
f 3213 3397 3380
f 3620 3549 3397
f 1750 1949 1818
f 983 876 878
f 3465 3500 3626
f 1932 1904 2027
f 876 1031 924
f 3266 3359 3175
f 1627 1652 1814
f 3722 3465 3626
f 1881 1627 1814
f 3175 3359 3322
f 961 944 1036
f 3266 3418 3359
f 1668 1788 1771
f 1677 1788 1668
f 1036 944 974
f 3777 3722 3626
f 1004 1112 1047
f 3175 3041 3019
f 1788 1932 1891
f 3241 3050 3188
f 848 944 961
f 1949 2106 2185
f 1949 2185 2058
f 848 961 830
f 3126 3266 3175
f 3175 3019 3126
f 3507 3591 3453
f 3050 3241 3106
f 2911 3050 3106
f 2273 2153 2159
f 3591 3507 3667
f 2044 2159 2153
f 840 944 848
f 3188 3330 3241
f 1004 922 924
f 2159 2044 2027
f 3523 3465 3722
f 3523 3722 3699
f 2058 2185 2224
f 3170 3266 3126
f 840 832 974
f 2231 2273 2159
f 3699 3605 3523
f 2047 2044 2153
f 3766 3591 3764
f 1932 2027 2044
f 3106 3241 3291
f 3183 3106 3291
f 1047 922 1004
f 2027 2066 2159
f 3241 3330 3402
f 1836 1856 1986
f 957 1047 1064
f 3591 3667 3764
f 840 974 944
f 3291 3241 3402
f 3500 3291 3402
f 3473 3322 3505
f 3699 3722 3875
f 922 1047 957
f 851 922 957
f 1539 1689 1616
f 3505 3322 3359
f 1539 1616 1434
f 3447 3507 3361
f 3380 3467 3330
f 734 848 830
f 3507 3447 3593
f 722 840 734
f 3467 3402 3330
f 734 840 848
f 780 866 844
f 3473 3505 3658
f 1753 1922 1754
f 3593 3667 3507
f 1753 1689 1836
f 3641 3549 3673
f 866 924 922
f 1761 1894 1773
f 3505 3735 3658
f 1922 1836 1986
f 1922 1986 2115
f 3467 3380 3641
f 3467 3641 3574
f 3667 3593 3773
f 793 866 780
f 3418 3505 3359
f 3556 3505 3418
f 1753 1836 1922
f 844 866 922
f 3910 3764 3667
f 3402 3467 3574
f 3764 3910 3872
f 1894 1761 1917
f 1917 2025 1894
f 3724 3699 3907
f 3875 3907 3699
f 3556 3681 3505
f 844 922 851
f 1754 1922 1862
f 3500 3402 3574
f 3910 3667 3773
f 772 832 840
f 3735 3505 3681
f 3791 3574 3641
f 3729 3574 3791
f 3724 3605 3699
f 772 840 722
f 1753 1616 1689
f 1754 1616 1753
f 1917 1761 1767
f 3500 3574 3729
f 1754 1553 1616
f 3500 3729 3626
f 3724 3907 3916
f 768 844 851
f 1767 1916 1917
f 3821 3773 3682
f 1809 1916 1767
f 1916 2049 1917
f 1031 1112 1004
f 1004 924 1031
f 1224 1304 1451
f 4087 4065 3905
f 1186 1206 1308
f 1223 1069 1043
f 3724 3916 3786
f 4065 4087 4248
f 1207 1223 1280
f 677 792 809
f 3658 3735 3794
f 1538 1627 1651
f 3905 3794 3925
f 1451 1627 1538
f 747 878 876
f 1433 1451 1538
f 3925 3794 3735
f 3773 3821 4009
f 3786 3916 3878
f 758 705 809
f 786 878 747
f 3905 3925 4087
f 4108 4047 3937
f 4183 4047 4108
f 705 677 809
f 1433 1281 1451
f 3942 4028 3934
f 1451 1304 1429
f 747 876 793
f 3735 3808 3925
f 1652 1627 1451
f 734 830 792
f 3937 3925 3808
f 734 792 647
f 4366 4183 4315
f 647 792 677
f 1530 1677 1668
f 3934 4028 4088
f 3937 4047 3925
f 696 793 713
f 1411 1595 1410
f 1530 1410 1595
f 1677 1530 1595
f 4236 4169 4088
f 4169 4236 4339
f 3934 4088 3918
f 4339 4274 4169
f 4357 4366 4503
f 1209 1308 1306
f 1433 1306 1308
f 4108 4315 4183
f 4087 3925 4047
f 4047 4225 4087
f 4108 4204 4315
f 1385 1433 1538
f 4150 4169 4274
f 4070 4140 4028
f 747 793 696
f 1577 1595 1411
f 4140 4088 4028
f 1385 1306 1433
f 4248 4357 4375
f 1490 1385 1538
f 4225 4357 4087
f 4445 4506 4339
f 4315 4454 4366
f 1577 1411 1415
f 4248 4087 4357
f 4454 4514 4366
f 4140 4199 4304
f 1433 1308 1281
f 4199 4271 4371
f 4371 4304 4199
f 4436 4339 4506
f 1451 1281 1224
f 4236 4140 4304
f 1410 1269 1330
f 1410 1330 1411
f 1206 1281 1308
f 4436 4274 4339
f 4225 4047 4183
f 601 677 705
f 1330 1269 1212
f 747 667 690
f 601 705 638
f 4088 4140 4236
f 1254 1385 1490
f 667 747 696
f 1558 1577 1415
f 4366 4357 4225
f 1418 1558 1415
f 4204 4344 4315
f 1254 1490 1356
f 4236 4304 4337
f 4183 4366 4225
f 4337 4339 4236
f 1315 1356 1409
f 4445 4339 4337
f 696 713 625
f 677 552 647
f 3575 3727 3708
f 4470 4274 4436
f 4470 4326 4274
f 1094 1142 1254
f 552 677 601
f 1088 1094 1254
f 593 696 625
f 3727 3902 3708
f 4454 4315 4464
f 3609 3708 3798
f 4464 4573 4454
f 1360 1418 1311
f 3785 3620 3789
f 1213 1356 1315
f 3708 3902 3798
f 1254 1356 1213
f 3902 3949 3798
f 4344 4464 4315
f 3575 3571 3727
f 1288 1360 1311
f 1210 1147 1187
f 3727 3658 3794
f 3658 3727 3571
f 3794 3902 3727
f 1207 1069 1223
f 3785 3549 3620
f 1069 1207 1187
f 4634 4464 4489
f 3673 3549 3785
f 632 734 626
f 3808 3766 3937
f 980 1069 1187
f 980 1187 1147
f 3905 3902 3794
f 647 626 734
f 1126 1212 1084
f 632 722 734
f 3964 3942 3785
f 3980 3864 3918
f 1063 1147 1125
f 1063 980 1147
f 3789 3964 3785
f 704 713 780
f 3575 3609 3450
f 3609 3575 3708
f 1141 1063 1125
f 1093 1063 1141
f 3937 3766 4034
f 713 793 780
f 1063 925 980
f 3777 3729 3864
f 981 1117 1126
f 3620 3494 3613
f 3613 3789 3620
f 916 1069 980
f 780 844 768
f 3684 3789 3613
f 981 1084 1015
f 3789 3684 3822
f 3922 3777 3864
f 925 862 980
f 3980 4020 3864
f 746 768 851
f 4020 3922 3864
f 862 916 980
f 3949 3902 4144
f 4065 4144 3902
f 4034 4108 3937
f 704 780 768
f 4088 4169 3980
f 3980 4169 4150
f 1084 981 1126
f 704 768 746
f 3789 3989 3964
f 3980 4150 4020
f 1186 1308 1209
f 4144 4103 3949
f 4034 3766 3872
f 713 704 637
f 1285 1411 1251
f 1142 1209 1306
f 4094 3989 4098
f 625 713 637
f 1254 1306 1385
f 1142 1306 1254
f 4094 4098 4228
f 4228 4263 4094
f 626 647 531
f 637 704 586
f 4094 4156 3964
f 3902 3905 4065
f 4070 3942 3964
f 4156 4070 3964
f 4199 4070 4156
f 746 655 704
f 4034 3872 4016
f 1285 1415 1411
f 3989 4094 3964
f 1285 1418 1415
f 4054 3922 4092
f 1568 1728 1632
f 1411 1330 1251
f 1251 1330 1212
f 1682 1769 1728
f 4248 4144 4065
f 1568 1682 1728
f 1251 1212 1126
f 1142 1148 1209
f 4034 4204 4108
f 1568 1632 1524
f 4199 4156 4271
f 1142 1124 1148
f 1126 1285 1251
f 4156 4094 4263
f 1285 1126 1117
f 3822 3956 3989
f 3822 3989 3789
f 1649 1667 1571
f 3989 3956 4098
f 1164 1311 1117
f 4034 4171 4204
f 4020 4150 4092
f 3641 3673 3807
f 3673 3785 3807
f 1644 1538 1651
f 1644 1651 1818
f 3641 3807 3791
f 1571 1667 1501
f 3807 3934 3791
f 4092 3922 4020
f 3807 3785 3942
f 3942 3934 3807
f 1999 1775 1818
f 3808 3735 3681
f 3922 3722 3777
f 3791 3918 3729
f 3875 3722 3922
f 3918 3791 3934
f 1667 1812 1675
f 1644 1818 1775
f 3918 3864 3729
f 1682 1615 1713
f 4054 3875 3922
f 1808 1682 1713
f 1812 1844 1675
f 1775 1902 1674
f 1674 1856 1689
f 4088 3980 3918
f 4070 4028 3942
f 1513 1682 1568
f 4140 4070 4199
f 1581 1501 1667
f 1513 1615 1682
f 1675 1581 1667
f 1773 1815 1706
f 4150 4274 4326
f 1644 1775 1620
f 2711 2615 2729
f 2859 2729 2861
f 1538 1644 1490
f 2711 2729 2859
f 4092 4150 4281
f 1620 1490 1644
f 3077 2927 2859
f 4326 4281 4150
f 2859 3002 3077
f 1577 1706 1763
f 1416 1513 1568
f 2969 2825 2978
f 1425 1342 1416
f 2825 2778 2978
f 3872 3910 4016
f 1289 1416 1342
f 1775 1674 1620
f 4016 3910 4118
f 3077 3248 3129
f 1815 1887 1706
f 4118 3910 4009
f 1763 1706 1887
f 4034 4016 4171
f 1524 1425 1568
f 3338 3129 3248
f 3203 3391 3377
f 1568 1425 1416
f 3129 3003 2927
f 4118 4171 4016
f 3171 3003 3192
f 3192 3309 3171
f 3129 3192 3003
f 1501 1438 1571
f 1902 1999 2111
f 2116 2158 2030
f 3087 3150 3275
f 1902 2111 2057
f 2927 3077 3129
f 4214 4054 4092
f 1856 1902 2057
f 1923 2116 2030
f 1416 1421 1513
f 1775 1999 1902
f 4340 4171 4118
f 1581 1457 1501
f 4118 4226 4340
f 3083 2978 3203
f 3087 3203 2978
f 1887 1935 2030
f 1394 1501 1457
f 3875 4054 3907
f 3338 3192 3129
f 1421 1416 1298
f 1856 1674 1902
f 3275 3391 3203
f 3203 3087 3275
f 1773 1965 1923
f 4060 3907 4054
f 2057 1986 1856
f 1421 1314 1464
f 1887 1815 1935
f 3034 2969 3122
f 3110 2985 2903
f 1750 1818 1651
f 3910 3773 4009
f 1750 1651 1627
f 1381 1509 1464
f 1314 1381 1464
f 2837 2903 2985
f 3916 3907 4060
f 1381 1445 1509
f 1763 1827 1717
f 1513 1584 1615
f 2985 3110 3151
f 1717 1595 1577
f 1577 1763 1717
f 3151 3002 2985
f 1648 1724 1597
f 3198 3109 3034
f 3878 3916 4076
f 1482 1648 1597
f 1493 1620 1674
f 4076 3916 4060
f 4054 4214 4205
f 4054 4205 4060
f 1615 1683 1713
f 1584 1683 1615
f 1648 1675 1777
f 2910 2793 2769
f 2861 2985 3002
f 2861 2837 2985
f 1648 1777 1724
f 1773 1706 1614
f 1539 1674 1689
f 4060 4205 4276
f 1581 1675 1648
f 1493 1674 1539
f 1761 1773 1614
f 4171 4344 4204
f 2769 2825 2910
f 1618 1683 1584
f 3002 2859 2861
f 1493 1490 1620
f 4281 4326 4447
f 1843 1629 1724
f 3034 2910 2969
f 2910 2825 2969
f 1464 1618 1584
f 1356 1490 1493
f 1509 1618 1464
f 4340 4344 4171
f 1597 1724 1629
f 2978 3083 2969
f 2861 2729 2733
f 1539 1409 1493
f 2837 2861 2733
f 4384 4281 4447
f 1493 1409 1356
f 4281 4214 4092
f 2947 2793 2910
f 2910 3034 2947
f 2793 2947 2862
f 1409 1539 1434
f 4384 4214 4281
f 3279 3248 3151
f 4470 4447 4326
f 3077 3002 3151
f 1414 1582 1462
f 3077 3151 3248
f 3203 3258 3083
f 4464 4344 4489
f 3258 3122 3083
f 1584 1421 1464
f 1582 1614 1462
f 1513 1421 1584
f 3122 3258 3198
f 1447 1582 1414
f 1482 1581 1648
f 1581 1482 1457
f 3394 3409 3248
f 1836 1689 1856
f 3279 3394 3248
f 4533 4344 4340
f 1761 1614 1582
f 3203 3377 3258
f 4354 4214 4384
f 2792 2738 2625
f 2398 2495 2625
f 3375 3326 3198
f 4354 4205 4214
f 3244 3109 3198
f 2398 2625 2491
f 1597 1629 1485
f 3244 3198 3326
f 2554 2677 2536
f 3034 3122 3198
f 2554 2536 2407
f 4344 4533 4489
f 4571 4384 4447
f 4498 4384 4571
f 3375 3198 3258
f 3377 3375 3258
f 3377 3543 3375
f 2762 2677 2836
f 2672 2836 2677
f 1485 1482 1597
f 2491 2625 2738
f 2969 3083 3122
f 2491 2738 2565
f 4489 4533 4634
f 2711 2560 2534
f 4571 4662 4498
f 2560 2711 2758
f 4498 4354 4384
f 1219 1133 1289
f 2888 2923 2792
f 4493 4354 4498
f 1314 1421 1298
f 2738 2792 2923
f 2909 2992 2884
f 3003 2758 2927
f 4354 4276 4205
f 3163 3167 3025
f 1289 1133 1298
f 2868 2758 3003
f 3025 3040 2923
f 4009 3821 3938
f 2781 2885 2689
f 2689 2885 2778
f 3025 3167 3040
f 2992 3207 3074
f 1183 1298 1133
f 2885 2781 2937
f 1365 1215 1261
f 2711 2859 2758
f 4009 4119 4118
f 2615 2711 2534
f 2637 2825 2655
f 2808 2738 2923
f 2778 2825 2637
f 1219 1058 1133
f 2689 2778 2637
f 4076 4021 3878
f 1035 1133 1058
f 2565 2738 2808
f 1211 1261 1138
f 2859 2927 2758
f 2726 2836 2672
f 2978 2778 2885
f 2808 2923 3040
f 2836 3047 2909
f 3938 4119 4009
f 4104 4119 3938
f 1064 1197 1211
f 1211 1138 1064
f 4021 4076 4178
f 3047 2992 2909
f 2560 2758 2641
f 4119 4226 4118
f 2689 2600 2781
f 3047 2836 2967
f 4276 4076 4060
f 3054 3047 2967
f 3187 3167 3340
f 2689 2496 2600
f 3340 3167 3314
f 2496 2470 2600
f 1025 1133 1035
f 1025 1035 930
f 3187 3040 3167
f 1025 1183 1133
f 4119 4358 4226
f 3155 3207 2992
f 3047 3155 2992
f 4178 4276 4360
f 4076 4276 4178
f 2937 3052 3087
f 3028 3040 3187
f 1261 1215 1138
f 3038 3003 3171
f 3145 3028 3187
f 4178 4077 4021
f 3145 3187 3331
f 1215 1030 1138
f 3087 3052 3150
f 2885 2937 2978
f 2937 3087 2978
f 2769 2655 2825
f 3341 3145 3331
f 4119 4104 4255
f 4358 4119 4255
f 1219 1289 1342
f 1319 1438 1501
f 3187 3340 3331
f 4358 4255 4419
f 3459 3338 3409
f 2535 2550 2421
f 3338 3248 3409
f 4360 4258 4178
f 4178 4258 4077
f 1394 1319 1501
f 3431 3595 3391
f 2335 2421 2550
f 2335 2550 2426
f 1319 1211 1197
f 3459 3550 3683
f 3654 3459 3683
f 1261 1211 1319
f 2426 2550 2559
f 1416 1289 1298
f 3654 3521 3459
f 3431 3624 3623
f 1261 1319 1394
f 4358 4340 4226
f 3595 3431 3623
f 1394 1457 1365
f 2605 2654 2465
f 4522 4533 4340
f 1261 1394 1365
f 3309 3338 3459
f 3192 3338 3309
f 4276 4354 4493
f 4493 4477 4276
f 3459 3374 3309
f 3431 3337 3471
f 4522 4340 4358
f 2817 3062 2990
f 1298 1183 1314
f 4706 4533 4522
f 3275 3150 3337
f 2817 2990 2921
f 2921 2990 3079
f 3009 3004 2850
f 2899 3009 2850
f 3374 3459 3521
f 4493 4498 4657
f 4498 4662 4657
f 3497 3471 3337
f 3410 3337 3269
f 3410 3497 3337
f 1172 1314 1183
f 2765 2690 2818
f 2716 2720 2921
f 3521 3466 3374
f 2716 2921 2888
f 2818 2899 2765
f 1347 1201 1215
f 2576 2559 2720
f 2559 2706 2720
f 4643 4493 4657
f 3624 3471 3497
f 2720 2706 2817
f 3391 3275 3431
f 1365 1347 1215
f 4643 4477 4493
f 3337 3431 3275
f 2559 2550 2706
f 4548 4522 4358
f 2605 2850 2654
f 2654 2850 2786
f 1276 1381 1314
f 3624 3431 3471
f 1347 1482 1485
f 1482 1347 1365
f 1439 1347 1485
f 2605 2765 2850
f 2567 2765 2605
f 3521 3654 3703
f 4703 4706 4522
f 2567 2690 2765
f 2817 2921 2720
f 2899 2850 2765
f 3703 3829 3765
f 3765 3829 3954
f 1347 1439 1334
f 4548 4703 4522
f 1276 1314 1172
f 3595 3623 3753
f 3881 3829 3683
f 3829 3654 3683
f 2535 2475 2679
f 1201 1347 1334
f 3623 3624 3753
f 3829 3703 3654
f 3624 3799 3753
f 1183 1025 1172
f 2421 2475 2535
f 4360 4276 4477
f 2436 2537 2613
f 951 1022 1025
f 1022 1172 1025
f 3829 3881 3946
f 1030 1215 1060
f 2719 2703 2613
f 3909 3979 3884
f 3884 3979 3958
f 4511 4360 4477
f 2679 2706 2550
f 2535 2679 2550
f 3753 3799 3909
f 3753 3909 3884
f 1201 1060 1215
f 2613 2537 2719
f 2537 2654 2719
f 3799 3868 3909
f 3867 3994 3908
f 4548 4358 4419
f 3703 3672 3521
f 3765 3672 3703
f 2613 2578 2436
f 3675 3624 3497
f 4360 4425 4258
f 2470 2436 2578
f 3675 3799 3624
f 4511 4425 4360
f 3466 3521 3672
f 3587 3497 3410
f 4511 4477 4643
f 3587 3675 3497
f 1110 1276 1172
f 1276 1110 1256
f 2719 2830 2703
f 4651 4631 4511
f 1334 1128 1201
f 4511 4643 4651
f 3847 3765 3954
f 1172 1022 1110
f 3675 3793 3839
f 2436 2338 2537
f 1201 1128 1060
f 3839 3868 3799
f 3838 3994 3867
f 2338 2465 2537
f 3799 3675 3839
f 3757 3793 3675
f 3689 3675 3587
f 4104 4243 4255
f 2338 2273 2465
f 4432 4419 4255
f 2654 2537 2465
f 3391 3533 3377
f 3409 3550 3459
f 4243 4432 4255
f 3533 3391 3595
f 2679 2872 2706
f 1457 1482 1365
f 2872 2817 2706
f 2719 2786 2906
f 2906 2830 2719
f 4729 4703 4548
f 1130 1059 1242
f 2654 2786 2719
f 2817 2872 3062
f 3595 3714 3533
f 3004 2906 2786
f 2786 2850 3004
f 3714 3595 3778
f 3543 3377 3533
f 1527 1732 1608
f 4564 4548 4419
f 3778 3595 3753
f 3778 3753 3884
f 1445 1608 1509
f 2270 2426 2348
f 4419 4432 4564
f 3884 4025 3778
f 1527 1608 1445
f 2495 2426 2576
f 3978 4130 3957
f 3988 3884 3958
f 3269 3337 3150
f 4425 4511 4631
f 2348 2426 2495
f 2335 2426 2224
f 4433 4275 4425
f 2270 2224 2426
f 2903 3027 3110
f 4582 4425 4631
f 2397 2465 2273
f 3027 2903 2864
f 4433 4425 4582
f 1439 1578 1508
f 4729 4548 4564
f 2147 2224 2270
f 1508 1578 1694
f 1564 1508 1694
f 2973 2862 2947
f 2862 2973 2824
f 2358 2397 2231
f 2273 2231 2397
f 3034 3109 2947
f 2426 2559 2576
f 1760 1681 1564
f 2358 2567 2397
f 3109 2973 2947
f 3213 2973 3109
f 2973 3001 2824
f 2567 2605 2465
f 2567 2465 2397
f 1388 1527 1445
f 2567 2358 2457
f 3170 3126 3014
f 3170 3014 3168
f 4676 4564 4432
f 1388 1476 1527
f 1508 1564 1452
f 2220 2071 2150
f 2150 2283 2220
f 1693 1733 1618
f 2348 2266 2270
f 4433 4582 4588
f 4562 4432 4448
f 2348 2495 2266
f 4432 4562 4676
f 2455 2486 2353
f 2499 2307 2410
f 2220 2283 2353
f 2455 2353 2283
f 2457 2358 2309
f 4729 4564 4676
f 1714 1885 1694
f 2309 2407 2457
f 1509 1693 1618
f 2347 2164 2307
f 2347 2307 2499
f 1608 1693 1509
f 2266 2495 2398
f 1629 1714 1578
f 2407 2536 2457
f 2407 2309 2243
f 2546 2347 2499
f 2158 2358 2231
f 2309 2358 2158
f 2150 2134 2283
f 1694 1578 1714
f 2495 2576 2716
f 2388 2283 2245
f 2388 2455 2283
f 2388 2575 2455
f 4588 4582 4759
f 1714 1629 1843
f 1884 1714 1843
f 4631 4759 4582
f 2716 2576 2720
f 2503 2347 2546
f 1885 1714 1884
f 2495 2716 2625
f 2388 2509 2575
f 2503 2286 2347
f 2372 2388 2245
f 2607 2567 2457
f 2509 2388 2372
f 1608 1807 1693
f 3072 3021 3183
f 2607 2690 2567
f 1899 1694 1885
f 1732 1807 1608
f 2150 1996 1964
f 3186 3072 3183
f 2762 2884 2818
f 2150 1964 2134
f 2792 2716 2888
f 2716 2792 2625
f 2607 2762 2690
f 3220 3168 3085
f 1864 1964 1996
f 3186 3183 3347
f 2818 2690 2762
f 2048 1929 2008
f 2457 2536 2607
f 2048 2008 2164
f 1760 1694 1899
f 2536 2677 2607
f 1874 1893 1964
f 1964 1893 1997
f 1808 1920 1892
f 3224 3186 3347
f 1893 1920 1997
f 1920 2031 1997
f 2607 2677 2762
f 1865 2031 1920
f 2134 1964 1997
f 2019 1885 2037
f 3347 3183 3342
f 2134 1997 2100
f 3465 3347 3342
f 3293 3277 3076
f 1807 1732 1908
f 1908 1953 1807
f 3009 3137 3004
f 3219 3079 2990
f 1929 2048 1985
f 1953 1908 2046
f 2176 1985 2048
f 1899 1885 2019
f 3158 3137 3009
f 2100 1997 2031
f 3523 3443 3347
f 2077 1985 2176
f 3079 3076 2921
f 3174 3325 3220
f 3361 3220 3325
f 3128 3158 3009
f 1868 1826 1864
f 1485 1629 1578
f 1875 1769 1797
f 1964 1864 1874
f 3079 3219 3293
f 1769 1875 1863
f 3076 3079 3293
f 1756 1929 1812
f 1578 1439 1485
f 3361 3325 3447
f 1694 1760 1564
f 1728 1769 1825
f 1769 1863 1825
f 1929 1756 1889
f 3268 3297 3158
f 1732 1527 1720
f 1769 1682 1797
f 3128 3268 3158
f 1868 1864 1996
f 3107 3224 3285
f 3268 3128 3351
f 1889 2008 1929
f 3285 3320 3107
f 3285 3443 3320
f 1797 1892 1875
f 1892 1797 1808
f 1527 1476 1638
f 1638 1720 1527
f 1812 1929 1985
f 3224 3347 3443
f 3285 3224 3443
f 1920 1808 1865
f 1985 1844 1812
f 3076 2888 2921
f 1511 1638 1476
f 3076 3277 3163
f 2150 2071 1996
f 1564 1467 1452
f 3076 3025 2888
f 3025 3076 3163
f 2347 2286 2164
f 2008 2112 2164
f 2974 3074 3128
f 3246 3325 3174
f 2286 2048 2164
f 2176 2048 2286
f 3128 3074 3217
f 1564 1681 1594
f 3009 2899 2974
f 2245 2134 2100
f 1738 1594 1681
f 2974 3128 3009
f 2974 2899 2818
f 2283 2134 2245
f 1663 1823 1638
f 3404 3320 3510
f 3417 3325 3246
f 2403 2286 2503
f 2031 1865 1976
f 1467 1564 1594
f 3277 3293 3468
f 3325 3501 3447
f 1511 1471 1638
f 2120 2031 1976
f 1471 1663 1638
f 2100 2210 2245
f 2100 2031 2210
f 3447 3501 3593
f 3482 3351 3446
f 2077 2176 2287
f 3510 3530 3647
f 2031 2120 2210
f 3320 3443 3530
f 3128 3371 3351
f 3320 3530 3510
f 3371 3437 3351
f 3437 3446 3351
f 2077 2287 2172
f 1976 2062 2120
f 3444 3592 3468
f 3445 3436 3638
f 3638 3436 3563
f 3325 3417 3501
f 2120 2290 2210
f 2120 2062 2290
f 1720 1883 1732
f 1908 1732 1883
f 3436 3370 3563
f 3107 3320 3124
f 3320 3274 3124
f 1844 1985 1962
f 3163 3277 3314
f 1833 1976 1865
f 1962 1777 1844
f 3217 3371 3128
f 2077 2010 1962
f 3217 3345 3371
f 2077 1962 1985
f 3605 3443 3523
f 3167 3163 3314
f 1908 2064 2046
f 1843 1777 1962
f 2010 1843 1962
f 1833 2062 1976
f 3530 3443 3605
f 3605 3724 3647
f 3314 3277 3468
f 1833 1933 2062
f 3468 3547 3314
f 3647 3530 3605
f 1908 1883 2064
f 1899 1992 1760
f 2010 2172 2037
f 3647 3724 3786
f 2037 1843 2010
f 1899 2019 1992
f 3284 3345 3217
f 2037 1884 1843
f 3547 3340 3314
f 2077 2172 2010
f 3682 3593 3501
f 1720 1823 1883
f 3593 3682 3773
f 1992 1851 1760
f 3801 3647 3786
f 2923 2888 3025
f 3074 2974 2884
f 2992 3074 2884
f 2818 2884 2974
f 1982 2064 1883
f 2286 2403 2176
f 2403 2287 2176
f 3801 3786 3878
f 2836 2884 2762
f 2836 2909 2884
f 2245 2210 2372
f 2132 1995 1992
f 3207 3217 3074
f 3417 3272 3393
f 3207 3284 3217
f 1986 2057 2212
f 2418 2509 2372
f 2057 2266 2212
f 3501 3417 3573
f 2403 2503 2544
f 1681 1760 1851
f 1738 1681 1851
f 2212 2266 2398
f 2544 2287 2403
f 2290 2372 2210
f 2372 2290 2418
f 2212 2398 2360
f 3573 3417 3393
f 1720 1638 1823
f 2398 2491 2360
f 2287 2354 2172
f 2443 2340 2330
f 2342 2195 2360
f 3510 3674 3514
f 3514 3674 3662
f 2439 2418 2290
f 1851 1992 1995
f 2244 2195 2342
f 3700 3573 3551
f 1995 2004 1851
f 2509 2418 2580
f 2418 2510 2580
f 2212 2115 1986
f 2510 2418 2439
f 3246 3272 3417
f 2354 2287 2544
f 2212 2360 2115
f 3320 3404 3274
f 1260 1334 1320
f 2364 2354 2500
f 2330 2219 2192
f 2115 2360 2195
f 2354 2544 2500
f 3306 3274 3404
f 2364 2172 2354
f 2491 2565 2360
f 2577 2486 2616
f 1381 1256 1445
f 1388 1445 1256
f 2616 2715 2577
f 1508 1334 1439
f 3514 3306 3404
f 3404 3510 3514
f 2715 2616 2736
f 1276 1256 1381
f 2728 2611 2737
f 3509 3306 3514
f 2882 2713 2728
f 2843 2736 2760
f 3272 3255 3393
f 3393 3551 3573
f 1263 1388 1256
f 3424 3306 3509
f 1263 1386 1388
f 2713 2499 2611
f 2616 2486 2455
f 1263 1312 1386
f 2570 2672 2554
f 2726 2672 2570
f 2713 2546 2499
f 1452 1334 1508
f 2342 2360 2565
f 3245 3306 3424
f 2713 2611 2728
f 2565 2454 2342
f 2616 2455 2575
f 1452 1320 1334
f 2639 2454 2565
f 2541 2454 2639
f 3509 3514 3662
f 1334 1260 1128
f 2528 2570 2440
f 2575 2509 2644
f 1121 1263 1256
f 2503 2546 2659
f 2736 2616 2760
f 2616 2575 2760
f 2368 2454 2541
f 1149 1260 1320
f 2659 2546 2713
f 1038 1121 1110
f 2368 2541 2555
f 2760 2575 2644
f 1110 1121 1256
f 2713 2801 2659
f 2244 2368 2190
f 3682 3501 3573
f 1260 1149 1128
f 2288 2190 2368
f 2715 2866 2746
f 2715 2736 2866
f 3573 3700 3682
f 3700 3790 3682
f 2432 2368 2555
f 2489 2471 2356
f 3821 3682 3790
f 2323 2288 2432
f 2323 2432 2449
f 2737 2874 2728
f 2288 2368 2432
f 2728 2874 2882
f 3021 2882 2874
f 3647 3674 3510
f 2866 2736 2843
f 3674 3647 3801
f 2095 1922 2115
f 1130 1312 1263
f 2866 3014 2922
f 2095 2115 2195
f 2874 2919 3021
f 2195 2244 2095
f 2963 3014 2866
f 3014 2963 3085
f 1320 1154 1149
f 1130 1263 1121
f 2162 2226 2049
f 3938 3821 3790
f 3072 2882 3021
f 1154 1320 1299
f 2713 2882 2801
f 2963 2866 2843
f 2095 2054 1989
f 1476 1388 1386
f 1922 2095 1989
f 3801 3878 4021
f 3894 3801 4021
f 1989 1862 1922
f 1476 1386 1511
f 2843 2760 2896
f 3894 3825 3674
f 3894 3674 3801
f 1471 1511 1386
f 2963 2843 3042
f 1989 2054 1940
f 3014 3085 3168
f 1299 1452 1467
f 2190 2095 2244
f 2190 2054 2095
f 1312 1471 1386
f 2882 3072 2996
f 3662 3674 3825
f 2996 3072 3186
f 2244 2342 2368
f 2963 3042 3085
f 2368 2342 2454
f 3186 3224 2996
f 2996 2801 2882
f 3880 3790 3700
f 3662 3825 3775
f 2435 2528 2440
f 2435 2524 2528
f 3938 3790 3880
f 3938 3880 3996
f 1371 1503 1471
f 3996 4104 3938
f 2226 2321 2337
f 1371 1471 1312
f 2648 2503 2659
f 2644 2509 2667
f 2541 2751 2688
f 2644 2667 2777
f 2865 2688 2751
f 2777 2760 2644
f 1459 1467 1594
f 2760 2777 2896
f 3115 2968 3090
f 3894 3982 3825
f 2806 2659 2801
f 3115 3090 3221
f 2777 2667 2803
f 2648 2659 2806
f 2968 3115 3024
f 1242 1312 1130
f 3115 3121 3024
f 2509 2580 2667
f 1320 1452 1299
f 2565 2808 2639
f 2721 2803 2667
f 2580 2721 2667
f 3490 3551 3393
f 2803 2896 2777
f 2946 2896 2803
f 1467 1351 1299
f 3393 3255 3490
f 2710 2726 2570
f 2710 2812 2726
f 3395 3245 3424
f 3040 2914 2808
f 1166 1154 1299
f 2806 2939 2755
f 2803 2721 2839
f 3040 3028 2914
f 2843 2896 3042
f 3280 3490 3255
f 2808 2914 2639
f 2751 2639 2914
f 3480 3490 3280
f 1227 1299 1351
f 3174 3085 3042
f 3085 3174 3220
f 1242 1371 1312
f 2996 3224 3107
f 3622 3395 3424
f 3492 3395 3622
f 1351 1467 1459
f 3649 3424 3509
f 2541 2639 2751
f 3116 3174 3042
f 3698 3700 3551
f 3174 3116 3246
f 3649 3509 3662
f 2865 2751 2914
f 3145 2914 3028
f 3698 3551 3490
f 2925 2801 2996
f 3090 2914 3145
f 2996 3107 2925
f 3490 3717 3698
f 2999 3042 2896
f 1242 1369 1371
f 1310 1351 1459
f 2988 2925 3107
f 2801 2925 2806
f 872 951 841
f 3649 3622 3424
f 3090 3145 3341
f 3090 3341 3221
f 724 841 832
f 2865 2914 2968
f 2968 2914 3090
f 2946 2999 2896
f 841 724 767
f 2946 3116 2999
f 2555 2541 2688
f 2988 2806 2925
f 3480 3650 3490
f 2939 2806 2988
f 3650 3717 3490
f 954 951 872
f 3105 2988 3124
f 2688 2865 2731
f 2988 3105 2939
f 3042 2999 3116
f 3124 2988 3107
f 2634 2569 2731
f 3492 3622 3634
f 854 955 954
f 3105 3124 3274
f 2449 2432 2555
f 3634 3622 3787
f 2569 2449 2555
f 2683 2623 2551
f 2555 2688 2731
f 2648 2544 2503
f 2569 2555 2731
f 872 854 954
f 872 841 767
f 3700 3698 3880
f 767 766 872
f 2944 2865 3024
f 3024 2865 2968
f 3775 3825 3923
f 2648 2755 2544
f 2731 2865 2944
f 2544 2666 2500
f 766 854 872
f 2755 2648 2806
f 3880 3698 3921
f 765 871 946
f 765 946 777
f 3121 2944 3024
f 2056 2062 1933
f 3996 3880 3921
f 1895 2056 1933
f 3921 4115 3996
f 859 955 854
f 1953 2056 1895
f 847 946 947
f 2634 2731 2815
f 2037 1885 1884
f 3923 3825 3982
f 2810 2683 2723
f 2056 2133 2227
f 777 946 847
f 2062 2056 2227
f 2227 2290 2062
f 2815 2944 3044
f 766 859 854
f 3923 3982 4074
f 3121 3044 2944
f 788 859 766
f 2815 3044 2876
f 2945 2875 3029
f 847 947 837
f 724 832 772
f 2037 2172 2232
f 772 722 724
f 2810 2875 2945
f 2121 2037 2232
f 2056 1953 2133
f 2944 2815 2731
f 3921 4022 4115
f 3915 4074 4052
f 2683 2810 2757
f 724 722 648
f 746 794 664
f 2133 1953 2046
f 2894 2810 2945
f 4158 4115 4022
f 3088 3098 2945
f 2211 2133 2046
f 2894 2945 3098
f 610 663 724
f 2227 2133 2211
f 2227 2211 2332
f 3649 3775 3787
f 2686 2627 2587
f 3775 3649 3662
f 610 724 648
f 664 794 719
f 2232 2268 2121
f 2111 2270 2266
f 2111 2266 2057
f 767 724 663
f 3698 3717 3921
f 3622 3649 3787
f 1808 1797 1682
f 3787 3775 3915
f 794 765 719
f 2290 2373 2439
f 1675 1844 1777
f 1713 1865 1808
f 871 765 794
f 3915 3775 3923
f 1833 1865 1713
f 4074 3915 3923
f 3832 3921 3717
f 1683 1833 1713
f 2553 2500 2666
f 2702 2553 2666
f 2584 2510 2439
f 766 767 663
f 2564 2584 2439
f 1618 1733 1683
f 3717 3650 3832
f 2564 2439 2373
f 4022 3921 3832
f 1733 1833 1683
f 2564 2698 2584
f 4000 3787 3915
f 544 610 648
f 2232 2172 2364
f 1724 1777 1843
f 664 655 746
f 1933 1833 1733
f 3797 3634 3787
f 2227 2373 2290
f 4000 3797 3787
f 2406 2232 2364
f 1693 1895 1733
f 1933 1733 1895
f 2553 2364 2500
f 2553 2406 2364
f 4052 4000 3915
f 1807 1895 1693
f 579 655 664
f 2332 2373 2227
f 1895 1807 1953
f 544 582 610
f 2373 2332 2423
f 3492 3349 3395
f 2373 2543 2564
f 2373 2423 2543
f 2268 2232 2406
f 582 633 663
f 1259 1135 1170
f 2268 2406 2420
f 2406 2553 2566
f 1127 1264 1162
f 3492 3435 3349
f 719 641 664
f 2406 2566 2420
f 2420 2566 2581
f 610 582 663
f 1665 1524 1632
f 2566 2747 2581
f 3492 3634 3640
f 1524 1617 1456
f 2211 2046 2178
f 641 719 765
f 2178 2319 2211
f 3894 4021 4077
f 1528 1633 1389
f 2332 2211 2319
f 1633 1514 1389
f 2332 2319 2423
f 3982 3894 4077
f 1293 1456 1460
f 633 708 766
f 4077 4122 3982
f 1456 1425 1524
f 4258 4122 4077
f 2476 2420 2581
f 4104 3996 4115
f 1438 1649 1571
f 1438 1514 1649
f 1343 1425 1456
f 2564 2543 2691
f 1514 1438 1348
f 4104 4115 4243
f 633 766 663
f 2581 2747 2748
f 2581 2668 2476
f 1350 1357 1228
f 4261 4074 4122
f 4261 4122 4275
f 2748 2668 2581
f 1295 1432 1326
f 2423 2319 2442
f 4122 4074 3982
f 2543 2423 2442
f 1218 1419 1350
f 2582 2543 2442
f 670 788 708
f 1389 1326 1432
f 1218 1293 1419
f 4275 4122 4258
f 766 708 788
f 2543 2582 2691
f 2691 2582 2782
f 2693 2782 2582
f 4425 4275 4258
f 1228 1218 1350
f 744 847 837
f 2608 2476 2668
f 744 777 847
f 1389 1229 1326
f 1228 1271 1139
f 1139 1271 1170
f 4270 4243 4115
f 2803 2839 2946
f 1271 1228 1357
f 4270 4115 4158
f 2839 2976 2946
f 1264 1372 1295
f 602 708 633
f 4261 4052 4074
f 1295 1162 1264
f 1162 1295 1179
f 1082 1218 1228
f 4052 4261 4177
f 674 765 777
f 4287 4177 4261
f 641 765 674
f 1228 1016 1082
f 1016 1228 1139
f 1162 1179 1032
f 4261 4275 4433
f 1179 1229 1112
f 1031 1179 1112
f 602 670 708
f 1295 1326 1179
f 4243 4270 4432
f 4448 4432 4270
f 1229 1179 1326
f 4261 4433 4405
f 4261 4405 4287
f 1036 1171 1158
f 1058 1171 1036
f 1171 1058 1219
f 567 670 602
f 642 674 744
f 674 777 744
f 930 1035 1058
f 930 1058 974
f 1036 974 1058
f 1047 1197 1064
f 832 930 974
f 1158 1293 1218
f 1389 1348 1229
f 1171 1293 1158
f 1726 1784 1877
f 1229 1348 1253
f 1293 1460 1419
f 1784 1936 1877
f 1456 1293 1343
f 1348 1389 1514
f 1936 1784 1755
f 1030 957 1064
f 1030 1064 1138
f 1219 1425 1343
f 1343 1171 1219
f 1171 1343 1293
f 1425 1219 1342
f 1253 1438 1197
f 1253 1348 1438
f 951 1025 930
f 1030 1060 942
f 1197 1438 1319
f 841 951 930
f 1692 1832 1896
f 1030 942 957
f 957 942 874
f 1572 1647 1687
f 851 957 874
f 1567 1572 1687
f 841 930 832
f 1572 1521 1647
f 794 851 874
f 1900 1755 1801
f 1900 2065 1936
f 1900 2020 2065
f 1900 1898 2020
f 942 794 874
f 794 942 871
f 1755 1900 1936
f 1845 1896 2017
f 1845 2017 1993
f 1845 1993 1913
f 954 1022 951
f 1801 1819 1898
f 1060 946 942
f 871 942 946
f 1801 1898 1900
f 1647 1819 1801
f 1687 1647 1801
f 954 1110 1022
f 954 1038 1110
f 1794 1913 1967
f 946 1060 1128
f 1794 1967 1781
f 946 1128 1017
f 947 946 1017
f 1913 1993 1967
f 746 851 794
f 1567 1687 1755
f 1755 1687 1801
f 955 1121 1038
f 1794 1845 1913
f 955 1038 954
f 1692 1845 1696
f 1567 1755 1580
f 1121 976 1130
f 1121 955 976
f 1017 1149 1154
f 1017 1154 993
f 1896 1845 1692
f 1130 976 1059
f 1039 1154 1166
f 1154 1039 993
f 1845 1794 1696
f 1642 1794 1781
f 1696 1794 1601
f 859 976 955
f 1642 1601 1794
f 905 1017 993
f 905 947 1017
f 1407 1479 1494
f 837 947 905
f 1202 1337 1354
f 1362 1494 1417
f 1338 1407 1494
f 763 902 859
f 1355 1338 1494
f 1337 1398 1408
f 1417 1339 1362
f 1272 1361 1340
f 902 1059 976
f 933 993 1039
f 1468 1525 1359
f 1355 1494 1362
f 902 976 859
f 1359 1525 1376
f 905 993 933
f 1619 1726 1549
f 1059 1115 1242
f 1877 1772 1726
f 1771 1888 1721
f 1549 1726 1772
f 1772 1569 1549
f 1039 1166 1049
f 1227 1049 1166
f 1569 1772 1652
f 1242 1115 1217
f 1369 1242 1217
f 1205 1227 1310
f 1784 1726 1619
f 1619 1479 1580
f 1113 1217 1115
f 1619 1755 1784
f 1227 1108 1049
f 1108 1227 1205
f 1479 1619 1494
f 1525 1721 1692
f 1556 1525 1692
f 1059 900 1115
f 902 900 1059
f 933 1039 1049
f 1832 1692 1721
f 933 1049 972
f 900 850 975
f 1549 1494 1619
f 1417 1494 1549
f 975 1115 900
f 975 1113 1115
f 1429 1549 1569
f 1073 1113 975
f 1549 1429 1417
f 1602 1525 1468
f 1108 972 1049
f 1429 1325 1417
f 962 972 1050
f 1108 1050 972
f 763 859 788
f 1602 1771 1721
f 788 670 763
f 1771 1602 1668
f 868 775 760
f 1468 1530 1602
f 1602 1721 1525
f 744 837 760
f 760 837 905
f 868 760 905
f 902 763 802
f 1336 1370 1430
f 1442 1567 1580
f 775 868 824
f 824 868 933
f 1479 1442 1580
f 933 868 905
f 1525 1556 1376
f 1376 1556 1423
f 1442 1431 1567
f 1431 1475 1567
f 1336 1430 1441
f 1423 1601 1495
f 1601 1423 1556
f 1474 1370 1477
f 694 763 670
f 1478 1521 1572
f 1357 1477 1370
f 1357 1520 1477
f 1430 1370 1474
f 744 760 642
f 627 694 670
f 1423 1495 1372
f 1271 1357 1370
f 645 760 775
f 802 763 694
f 1372 1495 1512
f 1567 1475 1572
f 1478 1572 1475
f 714 802 694
f 1495 1601 1642
f 1642 1512 1495
f 721 645 775
f 721 775 824
f 1337 1336 1398
f 1259 1370 1336
f 900 902 802
f 1202 1336 1337
f 1135 1336 1202
f 884 933 972
f 900 802 850
f 1135 1259 1336
f 1376 1423 1264
f 933 884 824
f 1264 1265 1376
f 1397 1479 1407
f 1479 1397 1442
f 1441 1398 1336
f 842 975 850
f 884 972 962
f 1264 1423 1372
f 913 975 842
f 1271 1370 1259
f 1271 1259 1170
f 714 850 802
f 1619 1580 1755
f 842 850 714
f 1556 1692 1696
f 749 842 714
f 824 884 785
f 1556 1696 1601
f 824 785 721
f 2171 2202 2085
f 2085 2202 2070
f 749 812 842
f 785 884 863
f 863 884 962
f 2223 2240 2101
f 1017 1128 1149
f 2017 2101 2177
f 1936 2065 2001
f 2001 2065 2171
f 1998 2017 1896
f 2017 1998 2101
f 1166 1299 1227
f 2001 2171 2085
f 1310 1227 1351
f 2177 2101 2240
f 3027 2835 3041
f 2835 3027 2864
f 2660 2821 2835
f 2643 2746 2821
f 2821 2746 2922
f 1939 1877 2001
f 2835 3019 3041
f 1888 1832 1721
f 1888 1998 1832
f 3019 2835 2821
f 2000 1998 1888
f 2070 2001 2085
f 2828 3001 3050
f 2911 2828 3050
f 2922 3019 2821
f 2089 2239 2223
f 2089 2101 1998
f 2089 2223 2101
f 1998 2000 2089
f 1877 1936 2001
f 3126 3019 2922
f 1832 1998 1896
f 2919 2911 3106
f 3126 2922 3014
f 3183 2919 3106
f 2333 2366 2239
f 2007 2181 2076
f 1898 2007 2020
f 2239 2366 2223
f 2007 2076 2020
f 1967 1993 2163
f 2333 2470 2366
f 2089 2198 2239
f 2685 2837 2733
f 2574 2729 2615
f 2574 2603 2733
f 2105 2017 2177
f 1993 2017 2105
f 2574 2733 2729
f 1772 1877 1939
f 2603 2425 2497
f 2574 2425 2603
f 2620 2445 2547
f 2620 2670 2725
f 2497 2685 2603
f 1740 1912 1819
f 2620 2547 2670
f 1611 1740 1647
f 2603 2685 2733
f 2725 2670 2793
f 1819 1647 1740
f 1852 1643 1781
f 2725 2793 2862
f 1671 1781 1643
f 1563 1640 1611
f 2655 2769 2793
f 2793 2670 2655
f 2171 2298 2202
f 1835 1740 1736
f 1980 1820 1852
f 1740 1611 1640
f 2240 2291 2177
f 1740 1640 1736
f 1852 1820 1643
f 1820 1633 1643
f 1519 1561 1647
f 1521 1519 1647
f 1419 1560 1518
f 1432 1512 1643
f 2615 2534 2422
f 2637 2655 2515
f 1642 1781 1671
f 1561 1611 1647
f 2202 2298 2329
f 1642 1671 1512
f 2223 2366 2240
f 1643 1512 1671
f 1419 1562 1560
f 1560 1562 1610
f 2298 2534 2560
f 1528 1643 1633
f 1460 1639 1562
f 1419 1460 1562
f 2496 2689 2637
f 2560 2453 2329
f 2470 2496 2366
f 1643 1528 1432
f 2329 2298 2560
f 2298 2422 2534
f 2171 2285 2422
f 2422 2298 2171
f 1781 1967 1915
f 2366 2401 2240
f 2291 2240 2401
f 2401 2366 2496
f 2637 2515 2496
f 1781 1915 1852
f 2401 2496 2515
f 1736 1707 1741
f 1742 1665 1787
f 1617 1742 1708
f 1665 1742 1617
f 1617 1708 1639
f 1736 1640 1707
f 2425 2285 2300
f 2300 2170 2345
f 1524 1665 1617
f 2345 2181 2374
f 2170 2181 2345
f 1745 1623 1633
f 2163 2271 2357
f 1741 1901 1736
f 2300 2345 2497
f 2425 2300 2497
f 1745 1820 1871
f 2357 2445 2506
f 1820 1745 1633
f 2357 2271 2445
f 1728 1779 1665
f 2271 2396 2445
f 1632 1728 1665
f 1889 1745 1871
f 1756 1745 1889
f 1649 1745 1756
f 2170 2300 2285
f 1745 1649 1623
f 2170 2285 2065
f 2171 2065 2285
f 1514 1623 1649
f 2020 2170 2065
f 1460 1617 1639
f 1456 1617 1460
f 2105 2291 2271
f 1623 1514 1633
f 1357 1350 1518
f 1357 1518 1520
f 2396 2271 2291
f 1419 1518 1350
f 2105 2177 2291
f 1432 1372 1512
f 2020 2076 2170
f 1372 1432 1295
f 2076 2181 2170
f 1389 1432 1528
f 1304 1325 1429
f 1272 1340 1324
f 1249 1272 1324
f 1324 1297 1249
f 2105 2271 2163
f 1993 2105 2163
f 1304 1296 1325
f 1297 1303 1157
f 2425 2574 2422
f 1157 1249 1297
f 1367 1468 1294
f 2425 2422 2285
f 2401 2545 2396
f 1106 1272 1249
f 2515 2545 2401
f 1106 1249 1157
f 1040 1202 1106
f 1040 1067 1202
f 1106 1202 1272
f 2547 2396 2545
f 1198 1359 1265
f 2422 2574 2615
f 2515 2655 2545
f 1339 1417 1325
f 1359 1294 1468
f 2545 2655 2547
f 1272 1354 1361
f 1202 1354 1272
f 1265 1359 1376
f 1198 1294 1359
f 2445 2396 2547
f 2670 2547 2655
f 2291 2401 2396
f 1303 1223 1157
f 2272 2346 2213
f 1269 1410 1367
f 2411 2272 2297
f 1294 1134 1269
f 1294 1269 1367
f 2186 2297 2272
f 1223 1043 1157
f 1269 1134 1118
f 2392 2311 2236
f 2071 2220 2186
f 2307 2112 2214
f 2112 2307 2164
f 1041 1198 1114
f 2353 2411 2297
f 2297 2186 2220
f 2220 2353 2297
f 1157 992 1106
f 2486 2411 2353
f 1041 1134 1198
f 2214 2311 2307
f 1134 1294 1198
f 1569 1451 1429
f 2410 2307 2311
f 1410 1530 1468
f 1912 1740 1835
f 1410 1468 1367
f 2073 2213 2181
f 2096 1994 2102
f 1114 1265 1182
f 1182 1265 1264
f 2272 2096 2102
f 1067 1135 1202
f 1114 1198 1265
f 2272 2213 2096
f 1068 1114 1182
f 2096 2213 2073
f 2136 2206 2257
f 2236 2136 2257
f 1157 1043 992
f 2236 2113 2136
f 1015 1118 1026
f 1898 1819 1957
f 1898 1957 2007
f 1043 916 911
f 1084 1118 1015
f 1819 1912 1957
f 916 1043 1069
f 1043 911 992
f 1915 2055 2009
f 1015 1026 909
f 909 1026 926
f 2073 2007 1957
f 1212 1269 1118
f 2073 2181 2007
f 2055 2163 2206
f 1118 1084 1212
f 1912 2073 1957
f 1118 1134 1026
f 1026 1134 1041
f 2055 2136 2009
f 926 1026 1041
f 2136 2055 2206
f 2055 1915 1967
f 2163 2055 1967
f 1835 1994 1912
f 1994 2096 1912
f 1912 2096 2073
f 888 1015 909
f 981 1015 888
f 1994 1835 1901
f 1980 2009 2113
f 1915 2009 1852
f 1667 1756 1812
f 2009 1980 1852
f 1667 1649 1756
f 2019 2037 2121
f 2009 2136 2113
f 1901 1988 2053
f 1868 1996 1988
f 2168 2019 2121
f 1980 2008 1871
f 1736 1901 1835
f 1992 2019 2168
f 1901 1786 1868
f 1992 2168 2132
f 1901 1741 1786
f 2168 2121 2268
f 1980 1871 1820
f 1665 1779 1787
f 1778 1826 1868
f 2268 2308 2168
f 1779 1728 1825
f 2046 2064 2178
f 2178 2064 2252
f 1901 1868 1988
f 1871 2008 1889
f 2132 2168 2308
f 1778 1868 1786
f 2252 2319 2178
f 2102 2053 2186
f 2113 2214 2079
f 2053 2102 1994
f 2319 2252 2442
f 2281 2132 2308
f 2476 2281 2308
f 1980 2113 2079
f 2308 2268 2420
f 2420 2476 2308
f 2272 2102 2186
f 2311 2214 2113
f 3260 3215 3143
f 3143 3006 3138
f 3048 3138 3006
f 3143 3138 3260
f 2623 2587 2523
f 2623 2745 2587
f 2894 2847 2757
f 2745 2757 2847
f 2623 2523 2471
f 2489 2623 2471
f 2551 2489 2376
f 2551 2623 2489
f 2757 2745 2623
f 2683 2757 2623
f 2894 2936 2847
f 3615 3469 3520
f 3048 3098 3138
f 3678 3756 3690
f 3689 3615 3677
f 3691 3677 3615
f 3692 3862 3756
f 2894 3048 2936
f 3048 2894 3098
f 3692 3756 3678
f 2894 2757 2810
f 2586 2626 2528
f 2734 2494 2645
f 2745 2686 2587
f 3020 2840 2942
f 2686 2745 2772
f 2734 2743 2542
f 3006 2936 3048
f 2645 2876 2734
f 2116 2242 2243
f 2876 2942 2734
f 2243 2242 2407
f 2407 2242 2340
f 2108 2242 2116
f 2108 2219 2242
f 1904 1932 1827
f 1827 1932 1788
f 1894 2025 1965
f 1582 1767 1761
f 1666 1809 1767
f 1418 1285 1311
f 1418 1360 1462
f 1117 1311 1285
f 1904 1763 1887
f 1577 1558 1706
f 1935 1923 2030
f 2158 2116 2243
f 1923 1935 1815
f 1923 1815 1773
f 2108 2116 1965
f 1923 1965 2116
f 1965 2025 2108
f 1677 1595 1717
f 1763 1904 1827
f 1614 1558 1462
f 1418 1462 1558
f 1614 1706 1558
f 1360 1414 1462
f 1894 1965 1773
f 2677 2554 2672
f 3239 3368 3206
f 3155 3240 3207
f 3456 3368 3239
f 3301 3239 3140
f 3139 3155 3047
f 3154 3140 3239
f 3139 3047 3054
f 3140 3053 3176
f 3176 3301 3140
f 3068 3176 3053
f 3301 3456 3239
f 3370 3344 3460
f 3460 3563 3370
f 3344 3283 3460
f 3206 3368 3283
f 3368 3460 3283
f 2443 2407 2340
f 2242 2219 2340
f 2192 2219 2108
f 2192 2108 2025
f 2340 2219 2330
f 2407 2443 2554
f 2443 2570 2554
f 2337 2440 2330
f 2626 2570 2528
f 2440 2570 2443
f 2440 2443 2330
f 2355 2260 2302
f 2356 2376 2489
f 2226 2337 2192
f 2025 2049 2192
f 2049 2025 1917
f 2192 2049 2226
f 2049 1916 2051
f 2049 2051 2162
f 2435 2440 2337
f 2337 2330 2192
f 2337 2321 2435
f 2586 2528 2524
f 2435 2472 2524
f 2162 2321 2226
f 2260 2321 2162
f 2321 2260 2355
f 2321 2472 2435
f 2355 2472 2321
f 2967 2812 2961
f 2892 2961 2812
f 2726 2812 2836
f 2967 2836 2812
f 2710 2570 2626
f 2710 2626 2687
f 2710 2687 2771
f 2710 2841 2812
f 2812 2841 2892
f 2710 2771 2841
f 2842 2989 2893
f 2847 2842 2772
f 2745 2847 2772
f 2962 3068 2966
f 3301 3176 3346
f 3346 3176 3215
f 2967 3067 3054
f 3215 3176 3068
f 3006 2989 2847
f 2847 2989 2842
f 2989 2962 2893
f 2936 3006 2847
f 2989 3006 3143
f 2989 3068 2962
f 3068 2989 3215
f 2989 3143 3215
f 4954 4824 4942
f 6039 5863 5904
f 4006 3847 4053
f 4932 4797 5030
f 5054 5062 4873
f 4873 5062 4865
f 6039 5954 5863
f 5933 6066 6076
f 3843 3847 4006
f 3985 3862 4031
f 4917 4954 5076
f 4865 5062 5014
f 4797 4893 5030
f 4093 4006 4172
f 5238 5141 5076
f 4165 4190 4031
f 4447 4659 4571
f 4998 5030 4893
f 4093 4172 4295
f 4662 4571 4659
f 5954 6039 6088
f 4805 4662 4837
f 4893 5012 4998
f 4359 4295 4418
f 5150 5171 5049
f 3783 3592 3828
f 5030 4998 5159
f 6265 6245 6066
f 5280 5171 5326
f 5062 5188 5014
f 3783 3828 4029
f 5171 5138 4990
f 5188 5062 5215
f 6088 6039 6217
f 6076 6066 6245
f 5338 5188 5215
f 4144 4248 4375
f 5138 5171 5280
f 4029 3911 3783
f 6216 6076 6245
f 5138 5291 5139
f 3930 4137 3936
f 5280 5291 5138
f 4194 4101 4029
f 6216 6245 6373
f 5915 5907 6076
f 3843 3854 3702
f 5250 5218 5094
f 6076 6097 5915
f 3680 3702 3854
f 5369 5218 5250
f 5369 5250 5406
f 4896 4757 4798
f 3854 3828 3680
f 4951 4896 4798
f 4988 5094 5074
f 5157 5135 5075
f 5158 5074 5094
f 6020 5915 6097
f 3858 3885 3710
f 5158 5094 5218
f 5279 5158 5218
f 4006 3999 3854
f 4514 4503 4366
f 3999 4006 4093
f 5255 5135 5157
f 5278 5255 5157
f 3828 3854 3999
f 4698 4615 4503
f 5369 5279 5218
f 3885 3858 4013
f 5449 5291 5280
f 4615 4698 4789
f 5255 5278 5409
f 6227 6097 6216
f 5430 5449 5280
f 4006 3854 3843
f 5409 5278 5368
f 3862 3885 4031
f 3862 3692 3710
f 3710 3885 3862
f 4357 4505 4375
f 6224 6039 6038
f 6097 6076 6216
f 4013 4031 3885
f 5272 5406 5250
f 4031 4013 4131
f 4131 4165 4031
f 6217 6039 6224
f 4403 4304 4371
f 4505 4540 4375
f 3680 3828 3592
f 4490 4372 4551
f 5491 5559 5642
f 4304 4403 4491
f 5608 5491 5642
f 4462 4304 4491
f 5605 5591 5445
f 3638 3858 3619
f 3710 3619 3858
f 5491 5396 5559
f 3858 3638 3810
f 5516 5406 5541
f 4490 4402 4372
f 5605 5726 5591
f 5675 5556 5704
f 3999 4029 3828
f 5449 5396 5291
f 3936 4036 3858
f 5559 5396 5449
f 4540 4505 4716
f 3858 4036 4013
f 4375 4540 4497
f 3858 3810 3936
f 5675 5704 5788
f 4168 4093 4191
f 5409 5368 5436
f 3999 4168 4029
f 4497 4540 4638
f 5369 5406 5516
f 5437 5369 5516
f 4093 4168 3999
f 5726 5857 5797
f 5484 5437 5516
f 5516 5550 5484
f 4168 4191 4359
f 5449 5603 5559
f 4716 4638 4540
f 4359 4353 4168
f 4551 4658 4490
f 4503 4505 4357
f 5673 5516 5541
f 4445 4337 4304
f 4304 4462 4445
f 4191 4093 4295
f 5636 5550 5516
f 5516 5680 5636
f 4131 4322 4165
f 4615 4505 4503
f 5516 5673 5680
f 5913 5764 5791
f 4462 4520 4445
f 4131 4013 4036
f 4520 4542 4445
f 5927 5841 5766
f 4541 4519 4625
f 4241 4131 4036
f 5326 5150 5223
f 4191 4295 4359
f 4542 4624 4608
f 5252 5135 5255
f 5326 5171 5150
f 4519 4461 4490
f 4131 4241 4322
f 4421 4322 4241
f 4615 4716 4505
f 4625 4519 4490
f 5913 5919 6027
f 5360 5252 5255
f 4789 4716 4615
f 5430 5280 5326
f 4168 4194 4029
f 5927 6089 6087
f 5430 5326 5475
f 4658 4773 4625
f 4137 4241 4036
f 4833 4773 4658
f 6099 6097 6227
f 6099 6020 6097
f 4658 4625 4490
f 4036 3936 4137
f 4194 4168 4353
f 5326 5223 5407
f 4250 4241 4137
f 5388 5252 5360
f 6217 6195 6088
f 4250 4437 4241
f 4798 4757 4638
f 5238 5252 5388
f 5371 5238 5388
f 4641 4769 4551
f 5407 5475 5326
f 4284 4250 4137
f 4641 4813 4769
f 6348 6245 6265
f 4546 4418 4537
f 5602 5475 5407
f 4668 4546 4537
f 4798 4638 4716
f 5388 5360 5522
f 4551 4769 4658
f 6348 6265 6435
f 4386 4310 4468
f 5388 5522 5509
f 4468 4353 4546
f 5409 5360 5255
f 6373 6245 6348
f 4418 4546 4359
f 5360 5409 5522
f 5522 5409 5548
f 5475 5610 5430
f 5449 5430 5610
f 4904 4769 4813
f 4421 4241 4437
f 4353 4359 4546
f 4798 4953 4951
f 4569 4421 4437
f 5610 5475 5602
f 5731 5610 5602
f 5602 5734 5731
f 6217 6224 6343
f 4867 4798 4716
f 5485 5409 5436
f 5548 5409 5485
f 4867 4953 4798
f 4601 4569 4437
f 4716 4789 4867
f 5603 5449 5610
f 4569 4601 4723
f 5927 5916 6016
f 4194 4353 4310
f 4468 4310 4353
f 5485 5551 5548
f 4833 4658 4769
f 5927 6016 6089
f 4437 4250 4422
f 5559 5603 5724
f 5610 5796 5603
f 5796 5724 5603
f 6547 6557 6435
f 4422 4250 4284
f 6587 6641 6790
f 5635 5548 5551
f 5548 5635 5697
f 5679 5697 5635
f 5697 5679 5747
f 5548 5697 5634
f 5634 5697 5760
f 4990 4953 4867
f 4546 4578 4468
f 4734 4578 4546
f 5522 5548 5656
f 5548 5634 5656
f 6595 6602 6461
f 4578 4386 4468
f 4833 4769 4904
f 4393 4579 4422
f 4904 4976 4833
f 5610 5731 5796
f 4579 4601 4422
f 6797 6654 6587
f 5656 5634 5714
f 5801 5714 5760
f 5714 5634 5760
f 4330 4231 4103
f 5697 5825 5760
f 4734 4668 4842
f 6790 6797 6587
f 4144 4330 4103
f 4546 4668 4734
f 5406 5472 5541
f 4723 4601 4755
f 6742 6602 6595
f 5541 5472 5612
f 4219 4212 4098
f 5541 5612 5673
f 4228 4098 4212
f 4755 4839 4913
f 4227 4211 4312
f 4634 4533 4725
f 4218 4312 4211
f 4957 4846 5060
f 4312 4218 4299
f 6742 6744 6602
f 4780 4725 4880
f 4578 4734 4687
f 4958 4891 4780
f 4312 4264 4227
f 4917 4983 4837
f 6938 6856 6782
f 6782 6820 6938
f 4733 4705 4579
f 4880 4958 4780
f 4846 4874 4687
f 6820 6980 6938
f 4837 4983 4805
f 4619 4484 4451
f 4330 4355 4231
f 4451 4355 4330
f 4705 4755 4601
f 4299 4406 4312
f 6980 7069 7091
f 4705 4601 4579
f 4962 5091 4880
f 5037 5131 5187
f 4355 4451 4484
f 4687 4734 4846
f 5187 5407 5223
f 4406 4299 4404
f 4406 4404 4482
f 4755 4705 4839
f 5237 5141 5238
f 6641 6677 6811
f 4733 4857 4705
f 4406 4423 4312
f 4857 4839 4705
f 5187 5131 5284
f 5131 5220 5284
f 5284 5220 5385
f 4523 4406 4482
f 6790 6641 6811
f 4523 4423 4406
f 5037 4891 4958
f 4375 4330 4144
f 6811 6677 6856
f 4334 4264 4312
f 4271 4156 4263
f 5076 5141 4983
f 4271 4263 4333
f 4995 4839 4857
f 4983 5141 5090
f 4874 4846 4957
f 4958 5131 5037
f 4983 4917 5076
f 4312 4423 4334
f 4371 4271 4378
f 4378 4271 4333
f 4551 4379 4423
f 4379 4334 4423
f 4375 4497 4330
f 4330 4497 4451
f 6952 6811 6856
f 5090 5141 5237
f 6952 6856 6998
f 4957 5104 4874
f 4857 5063 4995
f 4497 4619 4451
f 5091 5131 4958
f 5220 5131 5091
f 4977 5063 4857
f 5104 4957 5060
f 6653 6602 6744
f 4880 5091 4958
f 5090 4975 4983
f 4638 4619 4497
f 5246 5104 5060
f 4523 4641 4551
f 4551 4423 4523
f 6780 6653 6744
f 5133 4975 5090
f 5204 5133 5090
f 3159 3020 3216
f 6744 6909 6780
f 5317 5204 5237
f 3270 3298 3179
f 3270 3385 3298
f 2948 3020 3159
f 6742 6909 6744
f 5390 5204 5317
f 5204 5390 5310
f 5237 5204 5090
f 6811 6954 6790
f 4622 4482 4557
f 4619 4666 4484
f 4962 5069 5091
f 6797 6790 6954
f 2948 3159 3029
f 5220 5091 5193
f 5091 5069 5193
f 4523 4482 4622
f 3029 3159 3193
f 5206 5193 5069
f 5220 5193 5303
f 4622 4557 4714
f 5385 5220 5303
f 4666 4619 4794
f 6952 6954 6811
f 3333 3159 3216
f 3159 3333 3442
f 6780 6909 6963
f 5133 5204 5310
f 3319 3159 3442
f 3159 3319 3193
f 4714 4557 4741
f 5206 5303 5193
f 5214 5133 5310
f 3333 3455 3442
f 5303 5206 5313
f 4714 4872 4802
f 3455 3635 3586
f 3635 3746 3586
f 4872 4714 4741
f 5313 5414 5303
f 5214 5310 5379
f 3442 3455 3586
f 5422 5414 5313
f 4725 4533 4706
f 6909 7049 6963
f 7066 6952 7117
f 6952 7066 6954
f 4657 4662 4805
f 3635 3853 3746
f 4641 4523 4622
f 3853 3913 3746
f 4757 4619 4638
f 4706 4880 4725
f 7067 7118 7147
f 4802 4641 4622
f 3913 3853 4033
f 4809 4657 4805
f 4813 4641 4802
f 4794 4619 4757
f 6998 6856 6938
f 4975 4805 4983
f 3547 3477 3340
f 3477 3547 3661
f 4896 4794 4757
f 3536 3661 3758
f 4880 4706 4831
f 4703 4831 4706
f 6834 6780 6976
f 4643 4657 4809
f 3774 3758 3962
f 6963 6976 6780
f 4790 4651 4643
f 3477 3536 3340
f 4802 4622 4714
f 4809 4790 4643
f 6998 6938 7096
f 7071 6998 7096
f 4805 4975 4809
f 3661 3536 3477
f 3456 3648 3562
f 3331 3340 3536
f 4880 4831 4962
f 7071 7119 6998
f 4907 4790 4809
f 4907 4809 4975
f 6978 6877 6834
f 4372 4379 4551
f 3758 3774 3536
f 3548 3536 3774
f 6938 7110 7096
f 7110 6938 6980
f 6877 6978 7022
f 3331 3536 3548
f 3331 3548 3341
f 4831 4703 4729
f 7110 6980 7091
f 7109 7090 7179
f 4729 4879 4831
f 6976 6978 6834
f 6978 6976 7078
f 4855 4790 4907
f 3548 3534 3341
f 4831 4879 4962
f 4896 4951 5025
f 6978 7078 7022
f 4975 5023 4907
f 7216 7022 7078
f 3301 3346 3454
f 4879 5069 4962
f 4979 5069 4879
f 7072 7095 7213
f 4951 4953 5139
f 5025 4951 5139
f 4855 4907 4997
f 4997 4907 5023
f 7095 7109 7213
f 5025 5139 5177
f 4820 4879 4729
f 3962 3967 3774
f 3967 3962 4066
f 6952 6998 7117
f 5139 4953 5138
f 4820 4979 4879
f 6998 7119 7117
f 4990 5138 4953
f 4979 5136 5069
f 3534 3548 3719
f 4976 4904 5045
f 6963 7078 6976
f 5045 5095 4976
f 7152 7078 6963
f 4855 4997 4945
f 4947 4979 4820
f 7072 7213 7120
f 4997 5149 5111
f 7213 7228 7120
f 4945 4997 5111
f 3548 3774 3719
f 4790 4631 4651
f 3967 3719 3774
f 4855 4631 4790
f 5094 4976 5095
f 4855 4759 4631
f 6963 7049 7152
f 3967 3893 3719
f 7228 7118 7120
f 5094 5095 5250
f 4729 4676 4820
f 4066 4184 4180
f 3967 4066 4180
f 4855 4945 4759
f 5177 5139 5322
f 4328 4188 4180
f 5023 4975 5133
f 7078 7152 7216
f 5140 5250 5095
f 7265 7216 7152
f 7228 7213 7336
f 5023 5133 5214
f 5291 5322 5139
f 5149 5023 5214
f 5272 5250 5140
f 7336 7213 7329
f 4188 3967 4180
f 5149 4997 5023
f 5322 5370 5177
f 3893 3967 4106
f 4106 3967 4188
f 5069 5136 5206
f 5322 5291 5396
f 7266 7147 7118
f 4293 4188 4410
f 4188 4293 4106
f 7266 7118 7228
f 4453 4188 4328
f 5111 5265 5259
f 5396 5491 5322
f 5265 5111 5149
f 5370 5322 5491
f 4453 4410 4188
f 5265 5149 5214
f 5379 5265 5214
f 7266 7228 7336
f 5265 5379 5356
f 4410 4604 4600
f 4873 4794 4952
f 4794 4896 4952
f 5407 5187 5284
f 5371 5237 5238
f 3743 3547 3600
f 5388 5509 5371
f 5407 5284 5450
f 7070 7179 7090
f 5237 5371 5317
f 5284 5385 5450
f 3904 3743 3911
f 7028 7126 7069
f 3592 3600 3468
f 3600 3592 3783
f 5317 5371 5471
f 3783 3743 3600
f 4952 5022 5054
f 7179 7070 7127
f 7179 7127 7237
f 3810 3638 3721
f 5407 5450 5602
f 7126 7028 7084
f 5450 5589 5602
f 7208 7085 7082
f 7127 7085 7208
f 3721 3930 3810
f 5601 5509 5522
f 3783 3911 3743
f 3869 3930 3721
f 5025 5022 4896
f 3930 3936 3810
f 7202 7128 7005
f 4802 4872 4981
f 3600 3547 3468
f 7208 7262 7127
f 5471 5371 5509
f 5317 5471 5390
f 3563 3562 3721
f 3460 3368 3562
f 5450 5385 5589
f 5022 4952 4896
f 7208 7082 7189
f 3563 3460 3562
f 4981 4872 5002
f 3547 3743 3661
f 4932 5002 4872
f 3661 3743 3904
f 5471 5509 5587
f 7208 7189 7306
f 5385 5535 5589
f 7220 7128 7202
f 3911 4101 3904
f 7173 7128 7220
f 5390 5471 5587
f 5203 5022 5025
f 7332 7262 7208
f 3904 4101 4083
f 4101 4252 4083
f 7174 7221 7279
f 7332 7208 7306
f 3911 4029 4101
f 5022 5160 5054
f 5203 5160 5022
f 4137 3930 4069
f 5116 5002 5125
f 5589 5770 5602
f 7271 7306 7189
f 3930 3869 4069
f 5002 5116 4981
f 5601 5522 5656
f 7306 7271 7368
f 7197 7174 7279
f 7197 7279 7284
f 5734 5602 5770
f 4741 4797 4932
f 4137 4069 4284
f 5656 5733 5601
f 7306 7396 7332
f 4872 4741 4932
f 7279 7342 7284
f 5770 5899 5734
f 4873 4952 5054
f 7368 7440 7306
f 7396 7306 7440
f 5589 5759 5770
f 3874 4075 4069
f 3904 3758 3661
f 3758 3904 3962
f 5601 5587 5509
f 5733 5587 5601
f 3904 4083 3962
f 5685 5587 5733
f 7163 7005 7022
f 5125 4932 5030
f 5685 5733 5827
f 7202 7005 7163
f 3962 4083 4184
f 5002 4932 5125
f 4066 3962 4184
f 4075 4202 4069
f 7022 7216 7163
f 5770 5759 5882
f 4252 4386 4457
f 4252 4101 4310
f 5899 5770 5882
f 5991 5899 5882
f 4386 4252 4310
f 4101 4194 4310
f 5714 5801 5656
f 7213 7109 7179
f 4202 4393 4284
f 5899 5731 5734
f 5733 5656 5801
f 7213 7179 7329
f 5273 5160 5203
f 5801 5827 5733
f 5116 5125 5254
f 7237 7355 7179
f 5827 5801 5896
f 7329 7179 7355
f 5976 5827 6004
f 7127 7262 7237
f 4578 4611 4386
f 4611 4457 4386
f 5414 5535 5385
f 5273 5370 5401
f 5729 5759 5589
f 5729 5589 5535
f 4356 4495 4393
f 4252 4184 4083
f 5535 5701 5729
f 5701 5535 5529
f 5215 5062 5054
f 5783 5615 5685
f 5701 5529 5653
f 7355 7237 7262
f 7300 7202 7163
f 5160 5215 5054
f 5385 5303 5414
f 4153 4202 4075
f 4019 4153 4075
f 5160 5273 5215
f 4153 4321 4202
f 5217 5125 5030
f 5390 5453 5310
f 5390 5587 5453
f 4328 4184 4457
f 4184 4252 4457
f 7350 7202 7300
f 5030 5159 5217
f 7262 7428 7355
f 5529 5535 5414
f 4328 4457 4504
f 5310 5453 5500
f 4356 4202 4321
f 5685 5615 5587
f 5615 5453 5587
f 5500 5453 5615
f 4611 4578 4687
f 7163 7216 7300
f 5215 5273 5338
f 5401 5338 5273
f 7422 7329 7355
f 5414 5422 5529
f 7346 7300 7216
f 7216 7265 7346
f 5379 5310 5500
f 5356 5379 5518
f 5518 5379 5500
f 7350 7300 7397
f 7397 7300 7416
f 5217 5347 5357
f 5159 5347 5217
f 5615 5803 5676
f 4604 4504 4684
f 4504 4457 4611
f 5518 5500 5676
f 5676 5500 5615
f 5217 5254 5125
f 4673 4629 4496
f 4673 4722 4629
f 7329 7475 7336
f 4594 4673 4496
f 4611 4756 4684
f 5254 5217 5357
f 4504 4611 4684
f 5759 5729 5910
f 7422 7475 7329
f 5685 5827 5865
f 4859 4684 4756
f 5865 5783 5685
f 4859 4828 4684
f 5254 5357 5348
f 5759 5910 5882
f 5464 5348 5357
f 7355 7428 7422
f 4284 4393 4422
f 4802 4981 4813
f 7346 7416 7300
f 4981 4904 4813
f 4393 4495 4579
f 5865 5951 5783
f 5910 5991 5882
f 4687 4756 4611
f 7422 7517 7475
f 5729 5873 5910
f 4874 4756 4687
f 4981 5045 4904
f 5729 5701 5873
f 5783 5803 5615
f 4981 5140 5045
f 5783 5951 5803
f 5701 5837 5873
f 5140 4981 5116
f 4722 4858 4733
f 7202 7280 7220
f 4733 4629 4722
f 4756 4874 4859
f 6018 5910 5873
f 4807 4858 4722
f 7279 7221 7281
f 5177 5203 5025
f 5116 5257 5140
f 6067 5910 6018
f 7326 7279 7281
f 4180 4184 4328
f 5995 5803 5951
f 7332 7421 7262
f 5995 5951 6055
f 5976 5865 5827
f 4453 4328 4504
f 7280 7202 7350
f 5865 5976 5951
f 7262 7421 7428
f 4453 4504 4604
f 5045 5140 5095
f 5272 5140 5257
f 4442 4518 4411
f 5642 5559 5724
f 7350 7327 7280
f 7395 7327 7350
f 5724 5754 5642
f 4604 4684 4828
f 5724 5866 5754
f 7420 7395 7350
f 4604 4828 4774
f 5273 5203 5370
f 5673 5746 5680
f 4453 4604 4410
f 7428 7421 7505
f 5203 5177 5370
f 5888 5866 5724
f 4594 4765 4673
f 5796 5888 5724
f 7382 7279 7326
f 7382 7342 7279
f 5257 5116 5254
f 5747 5825 5697
f 5989 5888 5796
f 5348 5257 5254
f 7396 7421 7332
f 5348 5403 5257
f 5825 5747 5817
f 5934 5825 5817
f 5257 5403 5340
f 3343 3115 3221
f 3115 3343 3121
f 6050 5888 5989
f 7327 7395 7383
f 5931 5731 5899
f 5731 5931 5796
f 7461 7382 7394
f 3364 3343 3557
f 5370 5496 5401
f 5931 5989 5796
f 3557 3487 3364
f 3557 3646 3487
f 5985 5760 5825
f 7421 7396 7514
f 7461 7449 7382
f 5934 5985 5825
f 5464 5403 5348
f 7421 7514 7505
f 3646 3779 3767
f 7397 7420 7350
f 5472 5403 5547
f 6173 5989 6127
f 3221 3341 3343
f 5272 5257 5340
f 7462 7395 7420
f 7449 7461 7491
f 3343 3341 3534
f 5754 5700 5608
f 5612 5735 5673
f 3534 3557 3343
f 5608 5642 5754
f 5272 5340 5406
f 5406 5340 5472
f 5673 5735 5830
f 7535 7428 7505
f 3557 3534 3719
f 5612 5708 5735
f 3719 3769 3557
f 5472 5340 5403
f 5700 5754 5870
f 3719 3893 3769
f 7502 7397 7416
f 5870 5866 5977
f 3976 3769 3893
f 7416 7532 7502
f 7535 7422 7428
f 5370 5491 5496
f 7517 7422 7535
f 5894 5735 5708
f 7397 7502 7420
f 5496 5491 5608
f 7519 7420 7502
f 5830 5735 5894
f 7517 7535 7652
f 7652 7535 7647
f 3270 3364 3487
f 5673 5830 5746
f 3487 3385 3270
f 3181 3121 3343
f 3181 3343 3364
f 7519 7462 7420
f 7629 7505 7514
f 5866 5870 5754
f 7519 7490 7462
f 7602 7505 7629
f 5926 5830 5960
f 5866 5888 5977
f 7505 7602 7535
f 7647 7535 7602
f 3181 3364 3270
f 5960 5830 6000
f 3367 3305 3211
f 3270 3179 3044
f 5870 5977 6026
f 7644 7571 7519
f 3946 4135 3954
f 7624 7571 7644
f 3044 3121 3181
f 5957 5870 6026
f 7647 7602 7629
f 3044 3181 3270
f 3238 3211 3088
f 4135 4053 3954
f 6000 5830 5894
f 3088 2945 3029
f 3193 3088 3029
f 6216 6373 6310
f 3193 3238 3088
f 3193 3319 3238
f 6408 6310 6373
f 6026 5977 6152
f 3829 3946 3954
f 6103 6026 6152
f 3238 3319 3422
f 3238 3422 3367
f 6027 6068 5913
f 3098 3088 3211
f 6027 6234 6068
f 3367 3211 3238
f 3994 3978 3908
f 5978 5894 5828
f 3978 3994 4166
f 3512 3475 3385
f 3657 3512 3487
f 4053 4135 4298
f 5978 6098 5894
f 4053 4298 4187
f 3487 3512 3385
f 6026 6103 5957
f 6061 5957 6103
f 3612 3577 3422
f 3657 3671 3512
f 6211 6061 6103
f 6196 6027 6104
f 6027 6196 6234
f 4121 4166 3994
f 5978 6034 6098
f 3612 3442 3586
f 6034 6174 6098
f 4166 4121 4305
f 6162 6087 6089
f 6098 6000 5894
f 3577 3612 3761
f 6120 6000 6098
f 3838 3792 3985
f 3847 3954 4053
f 6207 6120 6098
f 6416 6430 6234
f 3577 3653 3508
f 6152 6211 6103
f 3367 3422 3577
f 6152 6292 6211
f 6364 6416 6234
f 6239 6098 6174
f 3508 3367 3577
f 6098 6239 6207
f 3994 3838 3985
f 3767 3657 3646
f 3657 3487 3646
f 5926 5818 5746
f 5926 5746 5830
f 3985 3792 3756
f 3653 3577 3761
f 6050 5977 5888
f 4187 4006 4053
f 5929 5818 5926
f 5930 5934 5817
f 3422 3319 3442
f 5934 5930 6011
f 4187 4172 4006
f 3422 3442 3612
f 5929 5926 6010
f 5934 6011 5985
f 3994 3985 4121
f 5985 6011 6074
f 6565 6527 6417
f 6152 5977 6050
f 4121 3985 4190
f 3913 4033 4078
f 3856 3795 4011
f 6010 5926 6064
f 4190 3985 4031
f 5926 5960 6064
f 6064 5960 6120
f 3767 3935 3795
f 6152 6050 6199
f 6120 5960 6000
f 3767 3779 3935
f 6227 6216 6310
f 6187 6064 6120
f 4335 4187 4412
f 6227 6310 6408
f 3795 3935 4011
f 4146 4011 4100
f 4553 4537 4412
f 3935 4100 4011
f 6292 6152 6199
f 4412 4187 4298
f 5989 6173 6050
f 6468 6284 6408
f 6073 6010 6064
f 4260 4176 4033
f 6073 6064 6136
f 4146 4142 4011
f 6050 6173 6199
f 4078 4033 4176
f 4412 4298 4474
f 6074 6137 6192
f 6125 6074 6192
f 4078 4176 4292
f 6187 6136 6064
f 6278 6162 6214
f 6193 6136 6187
f 4176 4260 4292
f 4121 4190 4305
f 4292 4260 4428
f 6234 6196 6364
f 6199 6173 6289
f 6196 6386 6364
f 4305 4388 4429
f 4146 4269 4142
f 6389 6292 6199
f 6249 6193 6187
f 6282 6192 6250
f 4269 4146 4100
f 6389 6199 6289
f 4474 4553 4412
f 6308 6249 6187
f 6187 6312 6308
f 4230 4078 4292
f 4113 4078 4230
f 6187 6120 6312
f 6312 6120 6207
f 6312 6207 6298
f 4382 4415 4269
f 4388 4560 4429
f 6308 6312 6394
f 6329 6278 6487
f 6247 6061 6211
f 6529 6364 6386
f 6247 6118 6061
f 4380 4292 4428
f 6468 6529 6386
f 4230 4292 4380
f 4283 4230 4380
f 4429 4560 4580
f 6416 6529 6559
f 6679 6559 6529
f 3976 3893 4106
f 6292 6334 6211
f 4172 4187 4335
f 6529 6416 6364
f 6334 6247 6211
f 4172 4335 4295
f 6529 6674 6679
f 4293 4181 4106
f 6298 6207 6239
f 6734 6729 6565
f 3976 3935 3779
f 6729 6734 6887
f 6334 6434 6247
f 4190 4322 4388
f 6729 6527 6565
f 3976 4181 4100
f 3976 4100 3935
f 4190 4165 4322
f 6527 6729 6650
f 4192 4001 4113
f 4418 4295 4335
f 6650 6729 6871
f 6334 6292 6475
f 4418 4335 4537
f 4181 4293 4401
f 4382 4181 4401
f 6475 6292 6463
f 6464 6312 6298
f 6298 6406 6464
f 4412 4537 4335
f 6529 6615 6674
f 6434 6334 6475
f 4516 4560 4388
f 6468 6615 6529
f 4293 4410 4401
f 6434 6475 6546
f 6546 6475 6607
f 6389 6463 6292
f 6758 6674 6615
f 4322 4516 4388
f 4322 4421 4516
f 4401 4600 4606
f 6464 6394 6312
f 4382 4401 4606
f 4606 4574 4382
f 6871 6729 6887
f 3957 4130 3987
f 6555 6463 6389
f 4181 4269 4100
f 4382 4269 4181
f 6758 6878 6674
f 4166 4130 3978
f 4166 4288 4130
f 6607 6475 6463
f 6521 6464 6406
f 4288 4166 4305
f 6463 6640 6607
f 4305 4399 4288
f 4283 4113 4230
f 4305 4429 4399
f 6463 6555 6640
f 4192 4113 4283
f 6601 6464 6521
f 6983 6871 6887
f 4399 4429 4524
f 6983 7055 6871
f 4382 4574 4415
f 5760 5924 5801
f 7114 6871 7055
f 5801 5924 5896
f 6871 7114 7029
f 4429 4580 4524
f 4630 4553 4474
f 4640 4524 4580
f 6435 6454 6348
f 5931 5899 6035
f 6373 6348 6454
f 4416 4283 4380
f 4380 4539 4416
f 5760 5985 5924
f 4416 4449 4338
f 4416 4338 4283
f 4449 4416 4555
f 4630 4732 4553
f 3767 3795 3657
f 5989 5931 6127
f 5931 6035 6127
f 3612 3586 3746
f 6454 6435 6557
f 3746 3846 3612
f 3612 3846 3761
f 6075 5924 5985
f 4537 4553 4695
f 6075 5985 6125
f 3846 3746 3913
f 3913 3975 3846
f 3913 4078 3975
f 5899 6065 6035
f 4695 4553 4732
f 6507 6595 6393
f 4800 4560 4760
f 5896 6004 5827
f 6065 5899 5991
f 5896 5924 6004
f 6004 5924 6075
f 4671 4695 4770
f 3846 4001 3761
f 3975 4001 3846
f 4732 4887 4695
f 4770 4695 4887
f 6065 6127 6035
f 6065 6161 6127
f 6004 6075 6155
f 4001 3975 4113
f 6161 6254 6127
f 6155 6075 6171
f 6431 6507 6343
f 6096 6004 6155
f 3975 4078 4113
f 6224 6431 6343
f 3892 3761 4001
f 6254 6173 6127
f 6327 6173 6254
f 5349 5271 5376
f 6533 6373 6454
f 4560 4516 4667
f 6313 6254 6161
f 4828 4859 4980
f 4695 4671 4537
f 6408 6373 6533
f 5991 5910 6067
f 6507 6393 6343
f 4621 4516 4421
f 4828 4980 5055
f 6018 6146 6067
f 5013 4828 5055
f 4859 4874 4980
f 5976 6004 6096
f 6588 6614 6507
f 4667 4516 4621
f 4980 4874 5104
f 6065 5991 6165
f 6431 6588 6507
f 6067 6165 5991
f 6454 6557 6629
f 5976 6096 6147
f 6629 6557 6709
f 6065 6165 6161
f 6709 6557 6658
f 4939 4977 4858
f 4770 4842 4671
f 6768 6629 6709
f 4671 4668 4537
f 6629 6533 6454
f 6313 6161 6165
f 4980 5104 5173
f 5055 4980 5173
f 4857 4858 4977
f 4671 4842 4668
f 6313 6165 6285
f 6155 6232 6096
f 4977 5154 5063
f 6055 5951 5976
f 5056 4977 4939
f 6147 6055 5976
f 4843 4667 4723
f 6760 6629 6768
f 5180 5154 4977
f 6165 6067 6146
f 4667 4621 4723
f 6595 6461 6393
f 6557 6547 6658
f 4560 4667 4760
f 5241 5173 5104
f 6658 6547 6654
f 4760 4667 4843
f 6146 6290 6165
f 6290 6285 6165
f 4939 4858 4807
f 6147 6096 6232
f 6595 6507 6614
f 6743 6595 6614
f 6658 6654 6806
f 6232 6293 6147
f 4760 4843 4925
f 6709 6658 6806
f 5032 4940 4887
f 6313 6381 6466
f 6381 6313 6285
f 5152 5013 5055
f 4842 4770 4940
f 5092 5174 5056
f 5092 5056 4971
f 5174 5180 5056
f 6377 6293 6232
f 6452 6381 6285
f 6806 6654 6797
f 6125 5985 6074
f 5421 5287 5241
f 6125 6171 6075
f 6806 6797 6896
f 5395 5287 5421
f 4850 4843 4723
f 5173 5241 5287
f 4843 4850 4969
f 5180 5174 5288
f 6173 6327 6289
f 6125 6192 6171
f 6192 6282 6171
f 4770 4887 4940
f 6275 6171 6282
f 5055 5173 5152
f 6289 6327 6439
f 5173 5287 5395
f 5395 5264 5173
f 6307 6282 6250
f 6282 6307 6383
f 5152 5173 5264
f 6768 6709 6893
f 6893 6709 6806
f 6383 6374 6282
f 5021 4843 4969
f 5021 4925 4843
f 5332 5288 5174
f 6678 6740 6614
f 6155 6171 6275
f 6275 6374 6346
f 6740 6854 6743
f 6374 6275 6282
f 5155 4940 5032
f 6327 6254 6450
f 5429 5395 5609
f 6950 6806 6896
f 6439 6327 6450
f 5395 5429 5264
f 6896 6969 6950
f 5281 5445 5332
f 5103 4940 5155
f 5155 5306 5103
f 6374 6383 6493
f 4959 4842 4940
f 5103 4959 4940
f 6481 6346 6374
f 6929 6768 6893
f 6534 6481 6374
f 6382 6308 6394
f 6957 6806 6950
f 6346 6232 6155
f 6155 6275 6346
f 4969 5115 5021
f 6313 6450 6254
f 7124 6958 6951
f 6806 6957 6893
f 4774 4828 4910
f 4765 4807 4673
f 5115 5175 5021
f 4910 4828 5013
f 6930 6894 6958
f 6854 6915 7000
f 4640 4580 4800
f 6450 6313 6466
f 6930 6958 7121
f 6466 6550 6450
f 6346 6481 6422
f 5092 4897 4961
f 4600 4604 4774
f 4778 4640 4800
f 6422 6481 6599
f 4580 4560 4800
f 6346 6377 6232
f 6377 6346 6422
f 4788 4600 4774
f 6488 6588 6431
f 6609 6533 6629
f 4732 4865 4887
f 4887 4865 5014
f 6760 6609 6629
f 6578 6466 6381
f 5013 5264 5117
f 4778 4800 4893
f 6556 6377 6422
f 6550 6466 6578
f 6452 6578 6381
f 6556 6520 6377
f 5119 5350 5247
f 6468 6609 6615
f 5092 4971 4897
f 6556 6422 6599
f 6513 6626 6476
f 4800 4760 4925
f 5013 5152 5264
f 6439 6389 6289
f 6698 6615 6609
f 4893 4800 5012
f 6450 6543 6439
f 6727 6698 6609
f 5359 5264 5429
f 6534 6374 6493
f 6428 6382 6394
f 4800 4925 5012
f 6394 6464 6428
f 5411 5445 5281
f 6758 6615 6698
f 6439 6543 6389
f 6555 6389 6543
f 5014 5032 4887
f 6531 6428 6464
f 6429 6493 6383
f 6429 6532 6493
f 5556 5429 5609
f 6513 6711 6626
f 6823 6758 6698
f 5546 5349 5376
f 6543 6688 6555
f 6758 6974 6878
f 6555 6688 6640
f 5021 5107 4925
f 6464 6601 6531
f 6675 6613 6601
f 5554 5546 5712
f 5107 5012 4925
f 6933 6974 6758
f 5702 5554 5712
f 5630 5713 5441
f 6613 6531 6601
f 5032 5014 5188
f 6675 6670 6613
f 5702 5712 5831
f 6884 6933 6758
f 6823 6884 6758
f 6532 6585 6493
f 5536 5359 5429
f 6493 6585 6534
f 6663 6668 6543
f 5411 5605 5445
f 5429 5556 5536
f 6698 6727 6859
f 6695 6647 6585
f 6585 6532 6612
f 6668 6688 6543
f 6727 6851 6876
f 5032 5188 5155
f 5286 5155 5188
f 6859 6727 6876
f 5494 5605 5411
f 6688 6668 6762
f 4998 5012 5159
f 6766 6612 6669
f 6585 6612 6695
f 6766 6695 6612
f 6762 6835 6688
f 6698 6828 6823
f 5012 5107 5159
f 6698 6859 6828
f 6829 6858 7016
f 6829 7016 6822
f 6640 6731 6607
f 6640 6688 6835
f 6731 6640 6835
f 6883 6822 7016
f 7016 6932 6883
f 7107 6932 7016
f 6835 6762 6918
f 6543 6450 6550
f 5785 5713 5630
f 6543 6550 6663
f 6812 6737 6981
f 5630 5545 5654
f 5630 5654 5764
f 6656 6663 6550
f 5851 5831 6001
f 6481 6534 6599
f 5159 5107 5268
f 6656 6550 6578
f 5159 5268 5347
f 6760 6768 6889
f 6921 6760 6889
f 6922 6888 6997
f 6929 6889 6768
f 6930 6997 6888
f 6746 6663 6656
f 5654 5791 5764
f 5239 5268 5107
f 6930 7121 6997
f 5764 5911 5785
f 5913 5911 5764
f 6647 6534 6585
f 6997 7121 7159
f 6599 6534 6647
f 6068 5911 5913
f 6663 6762 6668
f 5107 5021 5175
f 4428 4526 4572
f 6922 7058 6875
f 4572 4526 4701
f 5107 5175 5239
f 7016 6858 6875
f 4710 4701 4856
f 4569 4621 4421
f 4710 4572 4701
f 6695 6771 6647
f 6981 6948 6812
f 4569 4723 4621
f 6762 6866 6918
f 6875 7058 7016
f 6867 6695 6766
f 6867 6771 6695
f 6720 6599 6647
f 4428 4572 4380
f 6647 6771 6720
f 6720 6556 6599
f 4755 4850 4723
f 4850 4755 4913
f 4734 4842 4959
f 6663 6746 6762
f 7191 7058 7159
f 6746 6832 6762
f 6762 6832 6866
f 4574 4745 4508
f 6832 6935 6970
f 6948 7106 7098
f 6866 6832 6970
f 7165 7098 7106
f 6925 6771 6867
f 4606 4788 4783
f 6847 6720 6925
f 6940 6970 6935
f 4959 4846 4734
f 6925 6720 6771
f 7115 7251 7137
f 7029 7114 7136
f 6918 6866 7020
f 4606 4783 4574
f 6993 7020 6866
f 4969 4850 4913
f 6993 6866 6970
f 4783 4745 4574
f 5103 5145 4959
f 7029 7136 7185
f 7029 7185 7077
f 6140 6174 6034
f 4959 5145 5060
f 4688 4841 4810
f 7186 7137 7251
f 4574 4508 4415
f 4846 4959 5060
f 7107 7193 6973
f 4913 4839 4995
f 7107 6973 6932
f 6239 6174 6319
f 4555 4416 4539
f 4913 5118 5115
f 4913 4995 5118
f 6262 6174 6140
f 4720 4555 4539
f 6319 6174 6262
f 4539 4380 4572
f 7206 7107 7016
f 6247 6376 6264
f 6376 6247 6434
f 4539 4572 4710
f 4720 4539 4710
f 5338 5399 5188
f 6376 6404 6264
f 6319 6262 6378
f 7268 7251 7372
f 4720 4710 4848
f 7077 7185 7267
f 7186 7251 7268
f 5458 5399 5338
f 6404 6376 6506
f 4688 4555 4720
f 6406 6298 6239
f 6406 6239 6319
f 5481 5458 5338
f 4720 4908 4841
f 6434 6506 6376
f 4841 4688 4720
f 6469 6406 6319
f 7016 7058 7191
f 7191 7206 7016
f 4985 4856 4978
f 6546 6506 6434
f 7191 7314 7206
f 6469 6319 6378
f 4985 4848 4856
f 7372 7466 7452
f 5401 5481 5338
f 4978 5097 4985
f 5097 4978 5129
f 7328 7268 7452
f 7268 7372 7452
f 6501 6469 6378
f 5520 5596 5464
f 4745 4783 4919
f 7375 7314 7191
f 4918 4919 4783
f 6571 6469 6501
f 5520 5357 5347
f 6506 6546 6659
f 6627 6506 6659
f 7159 7354 7191
f 5481 5561 5458
f 5520 5347 5474
f 7354 7375 7191
f 6516 6501 6338
f 6501 6378 6338
f 6404 6506 6524
f 5357 5520 5464
f 4985 5097 5067
f 6627 6677 6524
f 7375 7476 7314
f 6515 6516 6342
f 5570 5707 5481
f 4848 4710 4856
f 5699 5707 5570
f 5561 5481 5707
f 6667 6516 6673
f 4985 4908 4848
f 4908 4720 4848
f 7452 7592 7465
f 7465 7592 7586
f 6506 6627 6524
f 5067 4908 4985
f 6016 5916 6063
f 5129 5245 5097
f 6667 6571 6501
f 6516 6667 6501
f 6089 6016 6063
f 5245 5067 5097
f 6089 6063 6188
f 5067 5245 5197
f 5197 5245 5349
f 5570 5481 5401
f 5271 5349 5245
f 5401 5496 5570
f 4688 4679 4555
f 6677 6627 6782
f 5570 5496 5700
f 6188 6295 6345
f 4788 4918 4783
f 4918 4788 4989
f 4810 4679 4688
f 5700 5699 5570
f 6406 6606 6521
f 5700 5496 5608
f 6406 6469 6606
f 6089 6214 6162
f 6214 6089 6188
f 6188 6345 6214
f 5119 5051 4989
f 5051 4918 4989
f 6601 6521 6606
f 4968 4841 4908
f 5051 5093 4919
f 6351 6214 6345
f 5051 4919 4918
f 4968 4908 5027
f 6659 6546 6607
f 6295 6417 6345
f 5086 4968 5027
f 5708 5547 5596
f 6345 6417 6527
f 6469 6571 6606
f 5612 5472 5547
f 6500 6345 6527
f 5247 5093 5051
f 5093 5247 5275
f 5547 5708 5612
f 5027 4908 5067
f 5027 5067 5197
f 6820 6659 6800
f 6659 6607 6731
f 6278 6214 6351
f 5197 5169 5027
f 5086 5027 5169
f 5699 5700 5826
f 6278 6351 6487
f 5051 5119 5247
f 6731 6800 6659
f 5169 5211 5086
f 6351 6345 6500
f 6738 6601 6606
f 5870 5826 5700
f 6738 6756 6601
f 5596 5547 5464
f 6500 6487 6351
f 6869 6800 6731
f 6500 6527 6650
f 5275 5271 5093
f 6651 6487 6500
f 6724 6606 6571
f 6667 6724 6571
f 5403 5464 5547
f 6606 6724 6786
f 6782 6627 6659
f 6782 6659 6820
f 6651 6500 6650
f 5197 5349 5404
f 5197 5404 5337
f 6487 6651 6655
f 5349 5546 5554
f 6871 6651 6650
f 5349 5554 5404
f 6877 6724 6834
f 6606 6786 6738
f 6655 6651 6865
f 5816 5699 5826
f 6651 6871 6865
f 5674 5596 5520
f 5247 5441 5275
f 5674 5720 5596
f 5350 5433 5247
f 5707 5699 5816
f 6980 6820 6800
f 5321 5169 5337
f 6513 6487 6655
f 5441 5247 5433
f 6869 6980 6800
f 5169 5197 5337
f 6513 6655 6711
f 6877 6786 6724
f 6711 6655 6865
f 5708 5596 5720
f 6641 6524 6677
f 5441 5433 5630
f 6897 6711 6865
f 6516 6515 6653
f 5404 5554 5558
f 5828 5708 5720
f 5404 5465 5337
f 6711 6897 6737
f 5404 5558 5465
f 5708 5828 5894
f 5465 5558 5599
f 6516 6653 6673
f 6981 6737 6897
f 5558 5554 5702
f 5720 5674 5800
f 5707 5816 5897
f 6981 7076 6948
f 5702 5831 5851
f 6782 6856 6677
f 5720 5800 5880
f 5828 5720 5880
f 6780 6667 6673
f 6667 6780 6834
f 7076 7106 6948
f 6780 6673 6653
f 5321 5465 5400
f 6871 7029 6865
f 5337 5465 5321
f 5575 5400 5465
f 5433 5545 5630
f 7077 6865 7029
f 5816 6002 5897
f 6897 6865 7077
f 6751 6670 6675
f 6669 6750 6766
f 5575 5465 5599
f 6756 6675 6601
f 5816 5826 5957
f 6897 7077 6981
f 6869 6731 6901
f 6731 6835 6901
f 5870 5957 5826
f 6675 6756 6817
f 7267 7181 7077
f 5558 5694 5599
f 6751 6675 6817
f 6981 7077 7181
f 5694 5558 5702
f 5694 5702 5832
f 5764 5785 5630
f 5766 5694 5832
f 6981 7187 7076
f 5832 5702 5851
f 7187 6981 7181
f 6919 6817 6756
f 7076 7187 7194
f 5880 5800 5902
f 7188 7182 7328
f 7195 7188 7328
f 7183 7076 7194
f 5980 5832 5851
f 6869 6901 7084
f 5978 5828 5880
f 6034 5978 5880
f 5766 5575 5599
f 7328 7184 7195
f 6750 6816 6890
f 6890 6766 6750
f 5766 5599 5694
f 7328 7182 7268
f 5669 5575 5766
f 5816 5957 6002
f 6061 6002 5957
f 5766 5832 5916
f 6061 6118 6002
f 7328 7452 7465
f 6919 6891 6817
f 6766 6890 6867
f 5916 5927 5766
f 6901 6835 7039
f 7106 7076 7183
f 7183 7224 7106
f 7225 7184 7343
f 6919 6945 6891
f 6901 7081 7084
f 5980 5851 6001
f 6901 7039 7081
f 6890 6944 6959
f 7224 7165 7106
f 5306 5225 5103
f 6167 6001 6078
f 7254 7165 7224
f 6756 6738 6919
f 5980 6001 6167
f 6919 6738 6786
f 7005 6919 6786
f 6869 7069 6980
f 7069 6869 7028
f 7225 7343 7255
f 6786 6877 7005
f 7184 7328 7343
f 6869 7084 7028
f 7465 7343 7328
f 5293 5175 5115
f 6188 6063 6167
f 6188 6167 6295
f 7022 7005 6877
f 5832 5980 5916
f 6063 5916 5980
f 5391 5225 5306
f 7477 7465 7586
f 7005 7128 6919
f 5980 6167 6063
f 6919 7128 7011
f 7011 6945 6919
f 7010 6959 6944
f 6959 7010 7059
f 5306 5155 5286
f 7060 7011 7128
f 5423 5306 5286
f 4017 4135 3946
f 4329 4298 4135
f 5188 5399 5286
f 4103 4231 3974
f 7039 6835 6918
f 6742 6927 6909
f 6896 6797 6954
f 6969 6896 7025
f 7025 6896 7026
f 6867 6890 6959
f 6954 7026 6896
f 6959 7092 6867
f 6918 7079 7039
f 7079 6918 7020
f 5268 5239 5380
f 7080 7021 7166
f 4017 4164 4135
f 7039 7079 7093
f 4130 4024 3987
f 6927 6742 6743
f 5399 5423 5286
f 7040 7189 7082
f 7094 7189 7040
f 4251 4024 4130
f 7080 7189 7094
f 4135 4164 4329
f 5408 5347 5268
f 7042 7020 6993
f 5408 5268 5380
f 4355 4329 4164
f 7026 6954 7066
f 6925 7065 6995
f 6971 7149 6992
f 7041 6992 7149
f 6909 7074 7049
f 6867 7092 6925
f 6925 7092 7065
f 5423 5399 5504
f 6909 6927 7074
f 4251 4130 4288
f 7041 7166 7021
f 7166 7041 7149
f 6854 6927 6743
f 4251 4288 4399
f 4231 4164 3974
f 5504 5597 5423
f 4159 4139 4299
f 7080 7166 7189
f 4355 4164 4231
f 4251 4299 4139
f 7065 7092 7205
f 7024 7124 6968
f 4160 4219 4098
f 7149 7271 7166
f 4218 4159 4299
f 7059 7092 6959
f 4024 4251 4067
f 4067 4251 4139
f 7130 7092 7059
f 7131 7060 7128
f 7027 7067 7147
f 7024 7027 7147
f 7174 7092 7130
f 7174 7197 7092
f 4484 4329 4355
f 7173 7131 7128
f 4299 4251 4404
f 7197 7205 7092
f 7166 7271 7189
f 5380 5239 5301
f 7124 7024 7147
f 7129 7074 6927
f 4399 4404 4251
f 5239 5175 5301
f 7197 7284 7205
f 4666 4618 4484
f 5293 5301 5175
f 5180 5373 5154
f 5180 5288 5381
f 5381 5373 5180
f 4794 4618 4666
f 7129 7201 7074
f 7256 7124 7147
f 7256 7147 7266
f 4474 4298 4329
f 7124 6951 6968
f 5562 5395 5421
f 6854 7000 6927
f 6958 7124 7121
f 4530 4399 4524
f 7000 7129 6927
f 5332 5381 5288
f 5391 5306 5510
f 4630 4474 4648
f 4640 4530 4524
f 5301 5470 5380
f 5490 5503 5381
f 5577 5503 5490
f 5306 5423 5510
f 5577 5564 5503
f 4484 4474 4329
f 4474 4484 4618
f 5490 5381 5332
f 5301 5293 5470
f 4530 4404 4399
f 5445 5490 5332
f 4530 4557 4404
f 7121 7124 7249
f 4557 4482 4404
f 5738 5609 5562
f 7199 7000 7073
f 4656 4741 4557
f 4557 4530 4656
f 5592 5738 5562
f 4618 4648 4474
f 5798 5738 5592
f 4656 4530 4640
f 5578 5408 5380
f 5578 5511 5408
f 7249 7124 7256
f 5577 5683 5732
f 4797 4741 4656
f 5772 5732 5683
f 4794 4873 4618
f 7000 7199 7129
f 7260 7129 7199
f 4630 4865 4732
f 4630 4648 4865
f 5510 5423 5597
f 5738 5798 5907
f 5609 5395 5562
f 5703 5510 5597
f 7258 7121 7249
f 4873 4648 4618
f 4648 4873 4865
f 5591 5577 5490
f 7244 7152 7049
f 5556 5609 5704
f 4656 4640 4778
f 4656 4778 4797
f 5704 5609 5738
f 7049 7074 7244
f 5510 5703 5616
f 4893 4797 4778
f 5788 5704 5915
f 5593 5719 5578
f 5719 5593 5718
f 5915 5704 5738
f 5797 5904 5772
f 7074 7201 7244
f 5738 5907 5915
f 7373 7256 7266
f 6020 5945 5915
f 5788 5915 5945
f 5889 5794 5703
f 7265 7152 7244
f 5907 5798 5933
f 5907 5933 6076
f 7336 7402 7266
f 5060 5145 5246
f 5145 5282 5246
f 7265 7244 7384
f 7266 7402 7373
f 5145 5103 5225
f 5145 5225 5282
f 5118 5293 5115
f 7260 7201 7129
f 7201 7260 7331
f 7331 7244 7201
f 7373 7249 7256
f 7345 7249 7373
f 5282 5225 5391
f 5329 5293 5118
f 7331 7260 7353
f 7353 7418 7331
f 5329 5118 5184
f 7455 7345 7373
f 7384 7244 7331
f 5293 5329 5468
f 7417 7384 7331
f 7537 7373 7402
f 4995 5063 5184
f 7418 7417 7331
f 4995 5184 5118
f 7537 7455 7373
f 5307 5329 5184
f 5154 5184 5063
f 7199 7073 7177
f 5241 5104 5246
f 5184 5154 5307
f 7287 7260 7199
f 5391 5557 5454
f 7345 7258 7249
f 5454 5282 5391
f 5329 5444 5568
f 7290 7258 7345
f 5282 5454 5246
f 5421 5246 5454
f 7048 7098 7177
f 7241 7177 7098
f 5241 5246 5421
f 5154 5373 5307
f 7241 7098 7165
f 7165 7239 7241
f 7285 7177 7241
f 7177 7287 7199
f 7285 7287 7177
f 7334 7287 7285
f 5444 5307 5373
f 7353 7260 7287
f 5562 5421 5592
f 7418 7353 7427
f 5329 5307 5444
f 7353 7287 7386
f 7427 7353 7431
f 7386 7431 7353
f 5444 5373 5564
f 5421 5454 5592
f 7290 7345 7406
f 5454 5557 5592
f 5557 5658 5592
f 7290 7406 7391
f 5444 5564 5611
f 7354 7159 7290
f 7354 7290 7391
f 7242 7238 7340
f 7242 7340 7286
f 7391 7480 7354
f 5470 5293 5468
f 7363 7287 7334
f 7333 7286 7340
f 5391 5510 5557
f 5557 5510 5616
f 5557 5616 5672
f 7410 7362 7333
f 5470 5468 5593
f 5568 5593 5468
f 7480 7391 7513
f 5468 5329 5568
f 7768 7690 7717
f 7690 7768 7888
f 5672 5616 5794
f 7455 7406 7345
f 5672 5658 5557
f 7567 7455 7537
f 7431 7479 7427
f 7513 7455 7567
f 7496 7427 7479
f 5593 5568 5718
f 7418 7427 7496
f 5616 5703 5794
f 7567 7537 7628
f 7287 7363 7386
f 7430 7385 7362
f 5692 5718 5568
f 7410 7430 7362
f 5843 5718 5692
f 7525 7430 7410
f 5756 5843 5692
f 5568 5444 5611
f 7585 7497 7478
f 7585 7478 7525
f 5611 5756 5692
f 7632 7585 7525
f 7513 7567 7635
f 5592 5658 5798
f 7981 7888 7967
f 7384 7346 7265
f 5658 5672 5808
f 7475 7402 7336
f 7450 7346 7384
f 5889 5932 5794
f 5808 5672 5794
f 7402 7475 7506
f 5808 5794 5932
f 5843 5756 5918
f 7450 7416 7346
f 7534 7532 7416
f 7450 7534 7416
f 5798 5658 5808
f 7594 7475 7517
f 7506 7475 7594
f 5933 5798 5808
f 5732 5840 5756
f 7402 7506 7537
f 7510 7450 7384
f 7384 7417 7510
f 7506 7605 7537
f 7510 7534 7450
f 5918 5756 5840
f 5932 5933 5808
f 5933 5932 6053
f 7605 7506 7594
f 7605 7594 7711
f 5933 6053 6066
f 5954 5918 5840
f 5954 6036 5918
f 7591 7656 7534
f 7591 7534 7510
f 7581 7591 7510
f 7591 7646 7656
f 6180 6066 6053
f 7532 7598 7502
f 6088 6036 5954
f 7652 7594 7517
f 7598 7532 7534
f 7594 7652 7711
f 5474 5347 5408
f 7519 7502 7644
f 5399 5458 5504
f 7598 7644 7502
f 5504 5458 5671
f 7647 7629 7739
f 5597 5504 5671
f 5613 5474 5511
f 5458 5561 5671
f 5511 5474 5408
f 7704 7644 7598
f 7598 7684 7704
f 7652 7647 7757
f 7718 7644 7704
f 7757 7647 7739
f 5613 5520 5474
f 5671 5561 5707
f 7656 7598 7534
f 5520 5613 5674
f 7684 7598 7656
f 7656 7646 7670
f 7744 7683 7655
f 5779 5597 5671
f 7750 7703 7683
f 5511 5696 5613
f 7683 7744 7750
f 7418 7510 7417
f 5671 5707 5806
f 5725 5674 5613
f 7677 7537 7605
f 7730 7605 7711
f 5806 5707 5897
f 5800 5725 5859
f 7677 7605 7730
f 5613 5696 5725
f 7652 7757 7711
f 5809 5859 5696
f 5696 5859 5725
f 7671 7744 7655
f 7801 7730 7711
f 5897 5959 5806
f 5806 5779 5671
f 7757 7847 7711
f 5959 5779 5806
f 7801 7711 7847
f 7757 7831 7847
f 7528 7510 7418
f 7510 7528 7552
f 5578 5696 5511
f 7537 7677 7628
f 5703 5597 5779
f 7510 7552 7581
f 7628 7677 7715
f 5578 5719 5696
f 7418 7496 7528
f 7609 7553 7529
f 7585 7529 7497
f 7529 7585 7609
f 7609 7580 7553
f 5809 5696 5719
f 7580 7664 7590
f 7580 7609 7664
f 7590 7664 7645
f 5809 5719 5877
f 5889 5703 5779
f 5903 5889 5779
f 7677 7782 7715
f 5859 5809 5917
f 5959 5903 5779
f 7782 7677 7730
f 5809 5877 5917
f 5800 5674 5725
f 7692 7609 7585
f 5800 5859 5902
f 7632 7692 7585
f 7609 7692 7664
f 5897 6002 5959
f 5902 5859 5975
f 7765 7664 7692
f 5902 5975 6054
f 7692 7786 7765
f 7671 7645 7664
f 7671 7664 7744
f 5859 5917 5975
f 6034 5880 5902
f 5902 6054 6034
f 7765 7744 7664
f 7782 7730 7801
f 6034 6054 6140
f 7822 7782 7801
f 5877 5718 5843
f 7765 7797 7744
f 7813 7797 7765
f 7797 7750 7744
f 6006 5889 5903
f 7847 7882 7801
f 6006 5903 5959
f 5959 6117 6124
f 7847 7927 7882
f 7853 7842 7797
f 5959 6124 6006
f 7801 7882 7822
f 6024 5877 5987
f 5917 5877 6024
f 7882 7893 7822
f 6200 6006 6124
f 7786 7852 7765
f 7852 7813 7765
f 7797 7813 7853
f 5959 6002 6118
f 6118 6117 5959
f 7931 7882 7927
f 7853 7813 7852
f 7928 7853 7852
f 6213 6117 6118
f 7239 7165 7254
f 7340 7238 7255
f 7340 7255 7343
f 6247 6264 6118
f 7503 7375 7354
f 7477 7343 7465
f 7343 7477 7340
f 6204 6140 6054
f 7447 7340 7477
f 7480 7503 7354
f 6213 6118 6264
f 6264 6404 6213
f 7333 7340 7410
f 7447 7410 7340
f 6054 6079 6204
f 7410 7447 7498
f 7480 7613 7503
f 6124 6117 6273
f 6273 6117 6213
f 6124 6273 6326
f 6200 6124 6326
f 7613 7480 7714
f 7714 7480 7659
f 7477 7641 7447
f 7498 7447 7641
f 7707 7498 7641
f 6273 6213 6404
f 7477 7586 7690
f 7586 7717 7690
f 6342 6204 6212
f 7641 7477 7690
f 6379 6326 6273
f 6273 6404 6379
f 7690 7888 7774
f 7774 7641 7690
f 6379 6404 6524
f 7613 7714 7756
f 6524 6470 6379
f 5932 5889 6006
f 7410 7498 7525
f 7525 7498 7578
f 7659 7480 7513
f 5987 5877 5843
f 5843 5956 5987
f 5918 5956 5843
f 6006 6116 5932
f 7513 7635 7659
f 7498 7707 7578
f 5932 6116 6053
f 7525 7578 7634
f 5987 5956 6132
f 6069 6132 5956
f 7635 7764 7659
f 7525 7634 7632
f 6116 6006 6200
f 6024 5987 6113
f 5987 6132 6113
f 7634 7578 7707
f 7634 7849 7737
f 7714 7659 7838
f 7838 7967 7714
f 6270 6113 6132
f 5956 5918 6069
f 7707 7641 7828
f 7828 7774 7888
f 6036 6069 5918
f 7828 7641 7774
f 6116 6256 6053
f 7888 7981 7828
f 6200 6256 6116
f 7838 7659 7764
f 6246 6270 6132
f 7838 7764 7919
f 6256 6326 6396
f 7849 7707 7828
f 7707 7849 7634
f 6053 6256 6180
f 6256 6265 6180
f 6036 6195 6069
f 6036 6088 6195
f 7849 7828 7981
f 6066 6180 6265
f 7849 7981 8073
f 7981 8080 8073
f 7635 7736 7764
f 7728 7692 7632
f 6246 6132 6069
f 6069 6195 6246
f 7632 7737 7728
f 7632 7634 7737
f 6246 6321 6360
f 6195 6321 6246
f 7728 7737 7834
f 6265 6256 6396
f 7736 7814 7906
f 7728 7786 7692
f 6393 6321 6195
f 7728 7834 7786
f 6435 6265 6396
f 7786 7834 7861
f 6547 6435 6396
f 7906 7764 7736
f 6461 6321 6393
f 6113 6270 6212
f 7906 7919 7764
f 7918 7737 7849
f 6256 6200 6326
f 7834 7737 7918
f 8080 8078 8073
f 8073 8078 8145
f 6270 6342 6212
f 7906 8118 8168
f 6470 6326 6379
f 6432 6342 6270
f 6270 6246 6360
f 7906 7814 7884
f 6270 6360 6432
f 7884 7955 7906
f 6470 6484 6326
f 6326 6484 6396
f 7955 7987 8096
f 7955 8118 7906
f 6360 6517 6432
f 8118 7955 8096
f 6342 6432 6515
f 8073 7918 7849
f 8073 8145 7918
f 6470 6641 6587
f 6470 6524 6641
f 7918 8038 7834
f 6470 6587 6484
f 7925 7834 8038
f 8038 7918 8145
f 8145 8191 8038
f 6517 6515 6432
f 6653 6515 6517
f 7884 7814 7893
f 6321 6461 6360
f 7786 7861 7852
f 6547 6396 6484
f 6517 6360 6461
f 7893 7968 7884
f 6547 6484 6654
f 7930 7852 7861
f 6517 6461 6602
f 7930 7928 7852
f 6654 6484 6587
f 6602 6653 6517
f 4503 4514 4698
f 7884 7987 7955
f 4698 4514 4628
f 7987 7884 7968
f 4670 4608 4689
f 4811 4789 4698
f 4670 4689 4763
f 4670 4763 4799
f 4763 4815 4799
f 8086 7968 8004
f 7861 7834 7925
f 7861 7925 7988
f 4811 4698 4628
f 4628 4764 4811
f 8038 7988 7925
f 7861 7988 7930
f 7987 8169 8096
f 4924 4811 4764
f 4707 4799 4824
f 4445 4542 4608
f 8038 8191 8216
f 4608 4506 4445
f 4608 4670 4506
f 8038 8216 7988
f 4690 4607 4625
f 4773 4690 4625
f 4762 4690 4773
f 7930 7988 8045
f 7968 8169 7987
f 8169 7968 8086
f 4514 4454 4628
f 4573 4628 4454
f 4436 4506 4583
f 8045 8024 7930
f 4583 4506 4670
f 4707 4583 4670
f 4628 4573 4764
f 8154 8024 8045
f 8190 8154 8045
f 4652 4583 4707
f 4583 4470 4436
f 4470 4583 4652
f 7988 8216 8190
f 8045 7988 8190
f 4799 4707 4670
f 8145 8078 8168
f 8145 8168 8227
f 8227 8191 8145
f 4816 4762 4773
f 4906 4799 4815
f 4906 4942 4799
f 4789 4955 4867
f 4789 4811 4955
f 4906 5006 4942
f 8250 8191 8227
f 8216 8191 8250
f 4955 5049 4990
f 8216 8250 8276
f 4990 5049 5171
f 4924 5049 4811
f 4955 4811 5049
f 8190 8276 8257
f 4824 4799 4942
f 8276 8190 8216
f 5150 5049 4924
f 4942 5006 5122
f 5006 5135 5122
f 4988 4773 4833
f 4816 4773 4905
f 4905 4773 4988
f 4955 4990 4867
f 4833 4976 4988
f 4976 5094 4988
f 4988 5005 4905
f 5005 4988 5074
f 5006 5075 5135
f 4764 4891 4924
f 4573 4464 4708
f 4708 4764 4573
f 4464 4634 4708
f 4447 4470 4652
f 4652 4659 4447
f 4652 4804 4659
f 4652 4707 4824
f 4764 4708 4891
f 4824 4804 4652
f 4780 4708 4634
f 4659 4837 4662
f 4780 4634 4725
f 4780 4891 4708
f 4954 4804 4824
f 4804 4954 4917
f 4837 4659 4804
f 4804 4917 4837
f 5031 4924 4891
f 4954 4942 5026
f 5150 4924 5031
f 5150 5031 5223
f 5026 4942 5122
f 5252 5122 5135
f 4891 5037 5031
f 5076 4954 5026
f 5031 5037 5187
f 5031 5187 5223
f 5122 5076 5026
f 5238 5122 5252
f 5122 5238 5076
f 3985 3756 3862
f 4745 4978 4856
f 4919 4978 4745
f 4919 5093 4978
f 4788 4606 4600
f 4961 4810 4968
f 4810 4841 4968
f 4437 4422 4601
f 5211 5169 5321
f 3635 3475 3671
f 3475 3635 3455
f 3475 3512 3671
f 3117 3216 3020
f 3020 2942 3117
f 3044 3117 2942
f 3044 3179 3117
f 3298 3216 3117
f 3298 3333 3216
f 3298 3117 3179
f 2876 3044 2942
f 3333 3298 3455
f 3455 3298 3475
f 3475 3298 3385
f 3853 3635 3856
f 3856 3635 3671
f 6001 5937 6078
f 3856 4033 3853
f 6078 5937 5911
f 6078 5911 6068
f 6068 6163 6078
f 6430 6417 6288
f 6163 6167 6078
f 6167 6163 6295
f 6234 6163 6068
f 3456 3562 3368
f 6234 6288 6163
f 6295 6163 6288
f 6288 6417 6295
f 3580 3648 3456
f 3648 3580 3707
f 6288 6234 6430
f 3454 3456 3301
f 3456 3454 3580
f 6430 6565 6417
f 6430 6559 6565
f 3580 3454 3652
f 6565 6559 6734
f 3857 3707 3863
f 4040 3857 3863
f 4040 4019 3857
f 6416 6559 6430
f 3652 3788 3580
f 3707 3580 3788
f 3863 3707 3788
f 3928 4040 3863
f 3863 3788 3928
f 3871 3928 3788
f 6104 6099 6284
f 6104 6284 6196
f 6099 6227 6284
f 6219 6356 6224
f 3928 4155 4040
f 6408 6284 6227
f 6329 6356 6219
f 4155 3928 4048
f 4048 4278 4155
f 4193 4278 4048
f 6162 6238 6087
f 4300 4278 4193
f 4278 4300 4442
f 4442 4300 4449
f 4449 4534 4442
f 6196 6284 6386
f 6278 6238 6162
f 3638 3563 3721
f 6238 6329 6219
f 6329 6238 6278
f 6386 6284 6468
f 6476 6356 6329
f 3721 3562 3754
f 6513 6476 6329
f 3754 3869 3721
f 6329 6487 6513
f 3648 3754 3562
f 3754 3648 3874
f 6679 6734 6559
f 4202 4284 4069
f 3874 3869 3754
f 4069 3869 3874
f 6734 6679 6848
f 6848 6887 6734
f 6848 6878 6955
f 3874 4019 4075
f 6674 6848 6679
f 3707 3874 3648
f 6848 6674 6878
f 3874 3707 3857
f 3857 4019 3874
f 6887 6848 6989
f 6887 6989 6983
f 6983 6989 7050
f 6955 6989 6848
f 7051 6990 6956
f 4202 4356 4393
f 6983 7050 7055
f 7051 7115 7056
f 4411 4496 4321
f 4496 4356 4321
f 4495 4356 4496
f 6356 6431 6224
f 4496 4629 4495
f 6678 6614 6588
f 6262 6338 6378
f 4722 4673 4807
f 4579 4629 4733
f 4495 4629 4579
f 6338 6342 6516
f 6743 6742 6595
f 4857 4733 4858
f 4040 4266 4153
f 4266 4321 4153
f 4040 4153 4019
f 4266 4040 4155
f 4266 4411 4321
f 6743 6614 6740
f 4266 4278 4411
f 4266 4155 4278
f 6667 6834 6724
f 4518 4594 4411
f 4594 4518 4642
f 4411 4594 4496
f 4642 4765 4594
f 4442 4411 4278
f 6740 6915 6854
f 4534 4518 4442
f 4642 4518 4534
f 4534 4679 4642
f 6431 6356 6488
f 6476 6488 6356
f 6468 6408 6533
f 6488 6476 6588
f 6468 6533 6609
f 5373 5381 5503
f 3769 3779 3557
f 3646 3557 3779
f 6626 6588 6476
f 5564 5373 5503
f 3215 3354 3346
f 6588 6733 6678
f 6626 6733 6588
f 3552 3454 3346
f 3454 3552 3652
f 5577 5732 5564
f 3552 3346 3354
f 3406 3552 3354
f 5772 5863 5732
f 5683 5577 5591
f 3406 3354 3260
f 3260 3354 3215
f 5490 5445 5591
f 3305 3406 3260
f 5591 5726 5683
f 3484 3552 3406
f 3406 3305 3484
f 6727 6609 6760
f 5772 5683 5797
f 3552 3706 3652
f 5726 5797 5683
f 4305 4190 4388
f 3653 3706 3552
f 6727 6760 6851
f 5797 5857 5904
f 3706 3788 3652
f 3788 3706 3871
f 3484 3653 3552
f 6812 6733 6626
f 6812 6626 6737
f 3508 3653 3484
f 3706 3653 3809
f 6711 6737 6626
f 5772 5904 5863
f 3871 3706 3809
f 3761 3809 3653
f 3761 3892 3809
f 6678 6781 6740
f 3138 3098 3305
f 3305 3260 3138
f 6733 6781 6678
f 5904 6038 6039
f 3211 3305 3098
f 3305 3508 3484
f 3508 3305 3367
f 6038 5904 5857
f 6760 6921 6851
f 6868 6781 6733
f 6781 6915 6740
f 6224 6038 6071
f 3671 3657 3795
f 6219 6224 6071
f 6868 6915 6781
f 6868 7048 6915
f 7048 7073 6915
f 5669 5758 5605
f 5605 5758 5726
f 5726 5758 5857
f 7058 6922 6997
f 3671 3795 3856
f 7159 7058 6997
f 4011 4033 3856
f 6922 6875 6850
f 6868 6733 6812
f 6948 6868 6812
f 4011 4142 4033
f 4142 4260 4033
f 5952 6071 5857
f 5841 5952 5857
f 4342 4260 4142
f 5788 5945 5919
f 6948 7048 6868
f 4428 4260 4342
f 6099 5945 6020
f 4508 4526 4342
f 4142 4269 4342
f 5919 5945 6099
f 7098 7048 6948
f 6104 5919 6099
f 5791 5675 5788
f 4508 4342 4269
f 4269 4415 4508
f 5758 5841 5857
f 5791 5788 5919
f 7193 7051 6956
f 6973 6956 6879
f 6956 6973 7193
f 7115 7051 7193
f 5758 5669 5841
f 5841 5669 5766
f 5919 5913 5791
f 3769 3976 3779
f 4032 4048 3871
f 4032 3871 3809
f 5927 5952 5841
f 6104 6027 5919
f 5927 6087 5952
f 4181 3976 4106
f 7115 7193 7251
f 3871 4048 3928
f 6038 5857 6071
f 4969 4913 5115
f 4032 4193 4048
f 7193 7206 7308
f 7107 7206 7193
f 4193 4032 4192
f 4192 4300 4193
f 6087 6071 5952
f 7251 7193 7308
f 7251 7308 7372
f 3892 4032 3809
f 6071 6087 6219
f 3892 4001 4032
f 6238 6219 6087
f 4032 4001 4192
f 6393 6195 6343
f 6343 6195 6217
f 4300 4338 4449
f 7466 7308 7314
f 7308 7206 7314
f 4300 4192 4338
f 7372 7308 7466
f 4401 4410 4600
f 7476 7466 7314
f 4449 4679 4534
f 4555 4679 4449
f 4192 4283 4338
f 7375 7503 7476
f 7503 7611 7476
f 7592 7452 7466
f 7466 7476 7592
f 7476 7611 7592
f 7592 7611 7717
f 7592 7717 7586
f 5093 5129 4978
f 5093 5271 5129
f 5129 5271 5245
f 5056 5180 4977
f 4807 4971 4939
f 5056 4939 4971
f 5380 5470 5578
f 5195 5174 5092
f 5470 5593 5578
f 5332 5174 5195
f 4765 4971 4807
f 4897 4971 4765
f 4787 4897 4765
f 4787 4765 4642
f 4787 4642 4679
f 4788 4774 4910
f 4679 4810 4787
f 4788 4910 4989
f 4787 4961 4897
f 4810 4961 4787
f 4961 5099 5092
f 4910 5013 4989
f 5117 4989 5013
f 5568 5611 5692
f 4968 5099 4961
f 4989 5117 5119
f 5086 5099 4968
f 5119 5117 5350
f 5099 5086 5211
f 7000 6915 7073
f 7177 7073 7048
f 5099 5281 5092
f 5281 5195 5092
f 7258 7159 7121
f 7159 7258 7290
f 5117 5264 5359
f 5281 5332 5195
f 5281 5400 5411
f 5211 5281 5099
f 5359 5350 5117
f 5400 5281 5211
f 5756 5611 5732
f 5564 5732 5611
f 5211 5321 5400
f 5732 5863 5840
f 5275 5376 5271
f 5376 5275 5487
f 5275 5441 5487
f 5954 5840 5863
f 5376 5487 5546
f 5487 5441 5713
f 5546 5487 5712
f 5712 5487 5713
f 5712 5713 5831
f 7768 7717 7611
f 7611 7756 7768
f 5536 5350 5359
f 5400 5494 5411
f 7756 7611 7503
f 5718 5877 5719
f 5536 5556 5675
f 7613 7756 7503
f 7768 7756 7888
f 7756 7864 7888
f 5433 5350 5545
f 5545 5350 5536
f 7406 7455 7513
f 5545 5536 5654
f 5494 5669 5605
f 5575 5669 5494
f 5654 5536 5675
f 5575 5494 5400
f 7391 7406 7513
f 5785 5937 5713
f 5831 5713 5937
f 5937 6001 5831
f 5911 5937 5785
f 5654 5675 5791
f 7430 7525 7478
f 4526 4428 4342
f 4526 4508 4683
f 6204 6262 6140
f 4526 4683 4701
f 7714 7864 7756
f 4701 4683 4856
f 6079 5975 5917
f 7714 7967 7864
f 6079 5917 6024
f 6054 5975 6079
f 7888 7864 7967
f 6024 6113 6079
f 6212 6079 6113
f 6212 6204 6079
f 8078 7967 7838
f 4683 4745 4856
f 8078 8080 7967
f 7967 8080 7981
f 4508 4745 4683
f 6338 6262 6204
f 6342 6338 6204
f 7628 7736 7567
f 7635 7567 7736
f 7715 7736 7628
f 7814 7715 7782
f 8227 8168 8118
f 7893 7782 7822
f 7782 7893 7814
f 7882 7931 7893
f 7919 8078 7838
f 7814 7736 7715
f 7919 8168 8078
f 8168 7919 7906
f 8204 8227 8118
f 7968 7893 7931
f 7968 7931 8004
f 8096 8204 8118
f 8241 8204 8096
f 8096 8169 8241
f 8264 8241 8169
f 8250 8227 8204
f 8241 8250 8204
f 8264 8276 8241
f 8241 8276 8250
f 4085 4022 4026
f 4136 4216 4317
f 2621 2656 2739
f 1663 1795 1823
f 3031 2935 2858
f 4046 3870 4000
f 4458 4240 4324
f 1663 1471 1636
f 2858 3012 3031
f 1855 1594 1738
f 1636 1795 1663
f 1743 1591 1594
f 3784 3870 4061
f 1743 1594 1855
f 4148 4136 4311
f 2656 2590 2791
f 2827 2656 2791
f 4010 4026 3898
f 2858 2697 2820
f 4124 4125 4324
f 4125 4143 4324
f 4341 4148 4311
f 4000 4244 4046
f 4244 4147 4046
f 4471 4458 4324
f 4222 4085 4220
f 1655 1795 1636
f 1737 1743 1918
f 4026 4220 4085
f 1795 1655 1780
f 4026 4167 4220
f 4317 4408 4311
f 4311 4408 4552
f 3870 4046 4061
f 2924 2791 2938
f 4046 4147 4061
f 2064 1982 2081
f 4552 4486 4311
f 4407 4471 4324
f 2827 2791 2924
f 1855 1738 1851
f 1823 1982 1883
f 2820 2697 2629
f 4486 4341 4311
f 2678 2820 2629
f 1970 1982 1823
f 2820 2678 2845
f 1823 1795 1970
f 4010 4167 4026
f 1918 1743 1855
f 2656 2827 2739
f 1855 1851 2004
f 4458 4471 4626
f 2109 2004 1995
f 2109 1995 2132
f 4458 4704 4693
f 2858 2820 3012
f 2081 1982 1970
f 4704 4854 4693
f 4147 4268 4061
f 2827 2924 3016
f 4637 4517 4472
f 4167 4010 4229
f 4637 4609 4750
f 2820 2983 3012
f 1987 1970 1795
f 4626 4704 4458
f 2739 2827 2931
f 4761 4637 4750
f 1918 1855 2004
f 3363 3420 3480
f 3480 3420 3642
f 2678 2552 2724
f 4559 4626 4471
f 3640 3435 3492
f 2724 2845 2678
f 2081 1970 1987
f 2795 2739 2931
f 2081 2143 2258
f 4761 4709 4637
f 2004 2109 2179
f 3357 3435 3598
f 3598 3435 3640
f 2081 1987 2143
f 4626 4832 4704
f 2004 2092 1918
f 2820 2845 2983
f 2179 2092 2004
f 4709 4761 4838
f 2931 2827 3016
f 3870 3640 3797
f 4472 4317 4318
f 4317 4472 4408
f 4408 4472 4517
f 3420 3553 3642
f 1795 1780 1909
f 1987 1795 1909
f 4552 4408 4517
f 3441 3357 3598
f 4517 4709 4552
f 3598 3568 3441
f 3100 3023 2931
f 2724 2879 2845
f 2143 1987 2148
f 2879 2983 2845
f 1987 1909 2148
f 2931 2826 2795
f 4709 4517 4637
f 3730 3568 3598
f 2092 2091 1918
f 3784 3598 3640
f 3640 3870 3784
f 2983 2879 3055
f 2092 2235 2091
f 2931 3023 2826
f 3752 3772 3642
f 4686 4581 4719
f 4686 4719 4785
f 3784 3730 3598
f 3553 3752 3642
f 3900 3730 3784
f 3836 3730 3900
f 4686 4785 4844
f 4750 4609 4686
f 4929 4844 4785
f 4750 4686 4844
f 3784 4061 3900
f 1503 1636 1471
f 2413 2278 2417
f 2350 2367 2241
f 1459 1594 1591
f 4761 4750 4870
f 4844 4870 4750
f 2367 2350 2474
f 3488 3768 3553
f 4973 4870 4844
f 3553 3768 3752
f 1591 1573 1459
f 3568 3836 3655
f 4844 4929 5008
f 4844 5008 4973
f 2460 2367 2474
f 4973 5008 5120
f 3752 3901 3898
f 1503 1655 1636
f 2460 2474 2621
f 3901 3752 3768
f 1497 1655 1503
f 4832 4854 4704
f 4854 4832 4991
f 3730 3836 3568
f 4838 4761 4870
f 1498 1573 1622
f 2552 2417 2395
f 1591 1743 1737
f 3488 3560 3768
f 1591 1737 1573
f 3560 3718 3768
f 1737 1622 1573
f 2344 2460 2520
f 4854 4991 5048
f 3851 3901 3768
f 4973 4967 4870
f 1310 1459 1391
f 4973 5120 5073
f 3836 3815 3655
f 1369 1503 1371
f 5216 5073 5120
f 3815 3836 3986
f 5048 4991 5156
f 1391 1459 1573
f 1573 1498 1391
f 2724 2552 2588
f 3768 3718 3851
f 5156 4991 5143
f 2621 2520 2460
f 3986 3970 3815
f 5402 5262 5156
f 2588 2552 2395
f 3532 3568 3655
f 1497 1503 1369
f 5143 5402 5156
f 2447 2344 2520
f 2520 2573 2447
f 2588 2395 2456
f 1450 1498 1622
f 3585 3532 3655
f 1332 1391 1498
f 5402 5425 5262
f 3655 3712 3585
f 1329 1497 1369
f 1332 1498 1450
f 3712 3655 3815
f 2673 2520 2621
f 1329 1526 1497
f 5442 5305 5362
f 2732 2724 2588
f 3901 4010 3898
f 3981 3836 3900
f 3981 3900 4061
f 5462 5305 5442
f 1526 1655 1497
f 2766 2673 2826
f 5402 5143 5335
f 2673 2573 2520
f 5314 5192 5305
f 5233 5335 5143
f 1622 1737 1796
f 4061 4117 3981
f 2621 2739 2795
f 5457 5402 5335
f 1956 1796 1737
f 5305 5462 5314
f 1655 1702 1780
f 2795 2826 2621
f 4229 4010 3901
f 2621 2826 2673
f 3986 3981 4117
f 2724 2732 2879
f 3851 4105 4229
f 1622 1796 1716
f 3901 3851 4229
f 3981 3986 3836
f 1622 1716 1637
f 2826 3023 2940
f 3849 3695 3625
f 1716 1796 1886
f 3458 3625 3546
f 4061 4268 4117
f 2938 3069 3051
f 3546 3625 3695
f 1886 1796 1973
f 1780 1702 1942
f 3182 3051 3069
f 4237 3986 4117
f 4117 4268 4237
f 3458 3579 3625
f 1886 1637 1716
f 3603 3496 3495
f 3496 3603 3696
f 3496 3696 3555
f 4316 4270 4158
f 3579 3745 3625
f 3256 3252 3069
f 4222 4158 4085
f 3696 3603 3737
f 1622 1554 1450
f 4316 4158 4222
f 3149 3031 3225
f 3316 3149 3225
f 3745 3849 3625
f 1655 1526 1702
f 4316 4448 4270
f 3182 3069 3252
f 3995 3849 3745
f 3696 3737 3848
f 1450 1554 1488
f 3182 3252 3366
f 1472 1631 1526
f 4439 4448 4316
f 3031 3012 3225
f 3696 3848 3912
f 1631 1702 1526
f 1554 1622 1637
f 4444 4287 4405
f 1631 1472 1612
f 1488 1554 1637
f 4439 4620 4448
f 3848 3737 3796
f 3943 3848 3796
f 3366 3350 3182
f 1540 1637 1700
f 1637 1886 1759
f 4030 3943 3944
f 4444 4244 4287
f 1956 1737 1918
f 4414 4244 4444
f 1956 1918 2091
f 3350 3205 3182
f 4222 4439 4316
f 2938 3051 2924
f 3998 3849 3995
f 3998 4143 3891
f 2924 3051 3016
f 1956 1973 1796
f 1942 1909 1780
f 4030 3944 4045
f 1909 1942 2148
f 4203 4045 4123
f 1973 1956 2091
f 3205 3051 3182
f 4244 4000 4177
f 3016 3051 3205
f 4287 4244 4177
f 3252 3256 3411
f 3411 3256 3430
f 4157 4143 3998
f 4203 4170 4045
f 4030 4045 4170
f 3252 3411 3366
f 4244 4290 4147
f 2091 2235 2233
f 2091 2233 2144
f 4414 4290 4244
f 2144 1973 2091
f 3225 3462 3316
f 3411 3545 3366
f 1631 1828 1702
f 3457 3366 3545
f 4577 4433 4588
f 3225 3464 3462
f 4162 4157 3995
f 4433 4577 4405
f 4081 4030 4154
f 1828 2063 1942
f 3998 3995 4157
f 3350 3366 3457
f 4081 3943 4030
f 1828 1942 1702
f 4620 4562 4448
f 4030 4170 4154
f 1759 1886 1928
f 3608 3545 3411
f 4717 4678 4577
f 4577 4444 4405
f 3545 3608 3688
f 1853 1828 1746
f 3012 3111 3225
f 3111 3233 3286
f 1990 2063 1828
f 1853 1990 1828
f 3286 3464 3225
f 3111 3286 3225
f 3984 3995 3745
f 3947 3848 3943
f 4568 4620 4439
f 1990 1853 1951
f 3350 3369 3205
f 4620 4568 4712
f 1828 1631 1746
f 3848 3947 3912
f 1612 1746 1631
f 4444 4577 4678
f 4561 4444 4678
f 1637 1759 1700
f 4414 4444 4561
f 3407 3498 3286
f 1700 1759 1849
f 4561 4678 4663
f 3233 3407 3286
f 3373 3407 3233
f 3947 3943 4081
f 4620 4712 4782
f 3012 2983 3111
f 1688 1746 1612
f 4663 4678 4822
f 4149 4162 3995
f 4717 4822 4678
f 4901 4822 4717
f 4149 3995 3984
f 2931 3016 3164
f 1928 1849 1759
f 3205 3164 3016
f 1849 1928 1937
f 4361 4439 4222
f 4361 4460 4439
f 4128 4081 4186
f 4439 4460 4568
f 3947 4081 3912
f 3912 4081 4043
f 1700 1849 1822
f 1746 1688 1853
f 1831 1853 1688
f 4460 4590 4568
f 3164 3100 2931
f 4043 4081 4128
f 3369 3164 3205
f 4222 4220 4361
f 3233 3111 2983
f 1849 1937 2005
f 3432 3458 3282
f 3263 3100 3164
f 3233 2983 3055
f 3432 3282 3200
f 3055 3226 3233
f 4290 4414 4473
f 4268 4147 4290
f 1942 2155 2148
f 1886 1973 2144
f 4473 4268 4290
f 3100 3108 3023
f 2063 2155 1942
f 3200 3315 3432
f 3315 3200 3099
f 3448 3300 3396
f 3387 3263 3164
f 4473 4414 4561
f 3164 3369 3387
f 2144 2097 1886
f 2097 1928 1886
f 3233 3226 3373
f 3506 3432 3315
f 2234 2148 2155
f 4167 4361 4220
f 4229 4361 4167
f 2234 2155 2278
f 4229 4467 4361
f 3498 3464 3286
f 2233 2350 2144
f 2241 2144 2350
f 2097 2144 2241
f 4473 4390 4268
f 4237 4268 4390
f 2972 3013 2867
f 3457 3369 3350
f 4460 4361 4467
f 4467 4590 4460
f 1928 2097 2086
f 1937 1928 2086
f 4473 4715 4527
f 2139 1937 2086
f 3464 3498 3665
f 4610 4590 4467
f 3545 3583 3457
f 3099 3308 3315
f 3732 3583 3545
f 3545 3688 3732
f 3290 3094 3142
f 4390 4473 4527
f 3160 3013 2972
f 2155 2205 2278
f 3094 3136 2987
f 3160 3099 3013
f 3136 3094 3290
f 3407 3572 3498
f 2417 2278 2205
f 3387 3369 3583
f 3099 3160 3308
f 2222 2086 2097
f 2097 2241 2222
f 3457 3583 3369
f 2155 2063 2205
f 3290 3142 3300
f 3373 3572 3407
f 2222 2241 2367
f 2344 2222 2367
f 2139 2005 1937
f 4568 4590 4712
f 3387 3583 3581
f 1990 1951 2098
f 3290 3300 3412
f 3802 3665 3736
f 1983 1849 2005
f 3736 3665 3498
f 3498 3572 3736
f 4663 4822 4898
f 4825 4782 4712
f 3759 3583 3732
f 3308 3506 3315
f 3554 3506 3308
f 2005 2139 1983
f 4782 4825 4909
f 1831 1951 1853
f 3231 3308 3160
f 1983 1822 1849
f 3231 3365 3308
f 4889 4740 4663
f 3581 3561 3387
f 4889 4663 4898
f 3348 3290 3479
f 2970 2987 3136
f 3732 3688 3820
f 3732 3820 3882
f 2098 1951 2035
f 4758 4712 4590
f 3086 3160 2972
f 2035 1951 1831
f 4610 4758 4590
f 1911 2035 1831
f 4712 4758 4825
f 3759 3732 3882
f 4946 4909 4825
f 3156 2970 3136
f 4039 3882 3993
f 3055 2879 2881
f 4825 4888 4946
f 4758 4888 4825
f 1911 2140 2035
f 3005 2970 3156
f 2205 2063 1990
f 1990 2098 2205
f 3156 3136 3290
f 2086 2222 2139
f 3086 3231 3160
f 4931 4740 4889
f 3055 3071 3226
f 2205 2098 2247
f 4931 4715 4740
f 4561 4663 4473
f 3104 3257 3071
f 4715 4473 4663
f 4715 4663 4740
f 3348 3156 3290
f 2417 2205 2395
f 2456 2405 2675
f 2588 2456 2675
f 4527 4715 4680
f 2652 2447 2573
f 2139 2222 2344
f 2367 2460 2344
f 2405 2610 2675
f 2274 2139 2344
f 3223 3156 3348
f 2588 2675 2732
f 2732 2675 2881
f 2573 2673 2766
f 3413 3365 3231
f 2652 2573 2766
f 4005 3834 3970
f 2205 2247 2395
f 2274 2344 2447
f 3579 3458 3432
f 2405 2247 2251
f 2652 2766 2805
f 2395 2247 2456
f 2405 2456 2247
f 3697 3718 3541
f 2154 1983 2139
f 2154 2139 2274
f 3396 3496 3555
f 2610 2811 2675
f 3851 3718 3697
f 3697 3929 3851
f 3929 3697 3830
f 2805 2583 2652
f 1983 2154 2028
f 2811 2881 2675
f 3564 3555 3668
f 2247 2098 2035
f 2035 2251 2247
f 3741 3585 3712
f 3608 3585 3741
f 2583 2805 2718
f 2028 2154 2183
f 3712 3834 3741
f 2154 2274 2183
f 3668 3555 3696
f 3712 3815 3834
f 2718 2805 2889
f 3834 3815 3970
f 2583 2447 2652
f 2447 2349 2274
f 3750 3830 3697
f 3744 3745 3579
f 3819 3696 3912
f 1369 1217 1329
f 3744 3984 3745
f 1391 1205 1310
f 3668 3696 3819
f 1220 1329 1217
f 2511 2583 2718
f 3830 3750 4012
f 1113 1220 1217
f 3741 3834 3917
f 2881 2879 2732
f 3800 3668 3819
f 2826 2940 2766
f 3741 3688 3608
f 1151 1205 1332
f 3741 3917 3945
f 3396 3555 3448
f 3564 3448 3555
f 2805 2766 2940
f 3506 3579 3432
f 3055 2881 3071
f 4005 3917 3834
f 2940 2993 2805
f 3830 4012 3929
f 1349 1332 1450
f 3412 3300 3448
f 1239 1332 1349
f 2940 3023 3108
f 3579 3506 3744
f 1073 975 1054
f 2940 3108 3119
f 3709 3506 3554
f 1050 1108 1205
f 3412 3448 3527
f 1050 1205 1151
f 1073 1220 1113
f 3564 3527 3448
f 1188 1220 1073
f 3527 3564 3618
f 3851 3929 4105
f 2993 2940 3119
f 2811 2953 2881
f 1239 1151 1332
f 2881 2953 3071
f 3970 3986 4145
f 3506 3709 3744
f 2993 2889 2805
f 3564 3668 3694
f 4005 3970 4145
f 1188 1329 1220
f 4229 4105 4320
f 3010 2889 2993
f 3986 4237 4145
f 3694 3668 3824
f 3824 3668 3800
f 1329 1188 1307
f 1177 1307 1188
f 3694 3618 3564
f 1054 1188 1073
f 4291 4145 4237
f 1151 1239 1137
f 2993 3119 3114
f 1054 1177 1188
f 1137 1239 1194
f 1329 1472 1526
f 3924 3984 3744
f 2610 2800 2811
f 2610 2598 2800
f 1329 1307 1472
f 3819 3912 3951
f 3951 3912 4003
f 4005 4145 4089
f 2822 2718 2889
f 1455 1472 1307
f 2811 2800 2954
f 1333 1455 1307
f 1387 1349 1488
f 3929 4012 4105
f 2800 2991 2954
f 3819 3951 3890
f 3912 4043 4003
f 2718 2663 2511
f 3800 3819 3890
f 4343 4320 4105
f 2598 2631 2800
f 1177 1333 1307
f 4291 4089 4145
f 1194 1239 1349
f 3824 3748 3694
f 1194 1349 1387
f 4089 4291 4272
f 2822 2663 2718
f 4272 4291 4385
f 1190 1333 1177
f 4004 3889 3950
f 3917 4005 4089
f 4064 3984 3924
f 4064 4149 3984
f 4082 4004 4042
f 4082 4042 4127
f 1455 1333 1546
f 1481 1546 1333
f 3888 4012 3750
f 4213 4082 4127
f 1317 1481 1333
f 2785 2649 2663
f 4149 4064 4249
f 1387 1364 1194
f 2797 2631 2585
f 2631 2797 2796
f 3945 3688 3741
f 3888 3750 3665
f 1190 1317 1333
f 3820 3688 3945
f 2561 2649 2735
f 2617 2561 2735
f 913 1054 975
f 4249 4064 4120
f 3709 3924 3744
f 3899 3924 3709
f 2796 2800 2631
f 934 1054 913
f 3824 3800 3890
f 2785 2663 2822
f 995 962 1050
f 3945 3917 4110
f 2800 2796 2991
f 3889 4004 3960
f 3924 3899 4064
f 4056 4012 3888
f 2916 2785 2822
f 2915 2785 2916
f 3748 3824 3818
f 3823 3889 3960
f 995 1050 1151
f 3665 3802 3888
f 2811 2954 2953
f 2889 3010 2958
f 3114 3010 2993
f 3817 3823 3960
f 1177 1054 996
f 3802 3927 3888
f 2822 2889 2958
f 996 1054 934
f 1009 995 1137
f 3104 2953 2954
f 3960 4004 4082
f 3960 4082 4133
f 965 995 1009
f 4120 4064 3899
f 2953 3104 3071
f 1009 1137 1194
f 3993 3820 3945
f 3882 3820 3993
f 995 1151 1137
f 4133 4096 3960
f 3945 4132 3993
f 4056 3888 3927
f 812 913 842
f 863 962 995
f 3169 3114 3262
f 4132 4039 3993
f 812 934 913
f 4007 4120 3899
f 4197 4120 4007
f 3169 3010 3114
f 4105 4207 4343
f 4207 4105 4012
f 863 995 965
f 3135 3104 2954
f 805 934 812
f 934 805 882
f 2958 3010 3120
f 3479 3412 3527
f 873 863 965
f 2954 2991 3135
f 4207 4314 4343
f 3104 3135 3281
f 882 1003 934
f 996 934 1003
f 3479 3290 3412
f 4376 4253 4272
f 3365 3554 3308
f 3365 3601 3554
f 3169 3120 3010
f 3413 3601 3365
f 4343 4314 4485
f 873 965 1009
f 4532 4485 4314
f 3618 3479 3527
f 4207 4363 4314
f 3748 3618 3694
f 4363 4532 4314
f 3267 3120 3169
f 3267 3169 3335
f 3917 4089 4110
f 1003 1190 996
f 2916 2822 2958
f 1190 1177 996
f 3478 3348 3479
f 4110 4089 4272
f 1009 1194 1090
f 3339 3348 3478
f 3017 2916 2958
f 3017 2958 3120
f 3709 3554 3601
f 4110 4272 4253
f 4207 4012 4056
f 1090 1194 1248
f 3738 3749 3817
f 4056 4210 4207
f 3618 3748 3739
f 3100 3263 3108
f 3816 3709 3601
f 3899 3709 3816
f 3108 3263 3247
f 1090 1248 1167
f 4110 4253 4254
f 1190 1191 1317
f 3479 3618 3633
f 3633 3618 3739
f 3108 3247 3119
f 1248 1194 1364
f 3588 3479 3633
f 4207 4210 4363
f 3731 3632 3738
f 3419 3373 3226
f 4132 3945 4110
f 4132 4110 4254
f 3517 3373 3419
f 3263 3387 3405
f 3405 3387 3561
f 1167 1248 1364
f 4254 4253 4376
f 1364 1328 1167
f 3478 3479 3588
f 3601 3413 3602
f 3247 3263 3405
f 4455 4229 4320
f 3538 3478 3596
f 3226 3071 3257
f 4467 4229 4455
f 3478 3538 3486
f 3119 3247 3299
f 3427 3602 3413
f 4501 4455 4320
f 3257 3104 3281
f 1007 1009 1090
f 3597 3632 3731
f 3589 3632 3597
f 3281 3408 3257
f 3596 3478 3588
f 4398 4390 4556
f 1003 1191 1190
f 3602 3816 3601
f 3257 3419 3226
f 3408 3419 3257
f 1003 1023 1191
f 4455 4610 4467
f 3734 3597 3731
f 3526 3405 3531
f 4610 4501 4660
f 3597 3607 3537
f 4390 4527 4556
f 3607 3597 3734
f 3611 3419 3408
f 1007 1090 1167
f 3405 3299 3247
f 4556 4527 4680
f 3299 3405 3403
f 1085 1191 1023
f 3816 3602 3762
f 4610 4455 4501
f 3403 3405 3526
f 3403 3526 3578
f 3572 3373 3517
f 1332 1205 1391
f 3960 3865 3817
f 3738 3817 3865
f 4398 4556 4550
f 3972 3865 3960
f 3517 3679 3572
f 1349 1450 1488
f 3865 3731 3738
f 4735 4550 4556
f 4660 4501 4547
f 3816 4007 3899
f 3581 3583 3759
f 3816 3959 4007
f 3561 3581 3759
f 1540 1488 1637
f 4758 4742 4881
f 3679 3736 3572
f 3855 3736 3679
f 4888 4993 4946
f 3720 3561 3759
f 1472 1455 1612
f 4715 4931 4847
f 1546 1612 1455
f 4758 4881 4888
f 3972 3960 4096
f 3679 3517 3611
f 1488 1540 1387
f 3855 3927 3736
f 4102 4007 3959
f 4923 4847 4931
f 4007 4102 4197
f 3841 3720 3759
f 4888 4881 4993
f 1387 1540 1364
f 4086 3972 4096
f 5077 4993 4881
f 4883 5077 4881
f 3841 3883 3720
f 4097 4102 3959
f 1481 1317 1412
f 1555 1487 1364
f 3531 3405 3561
f 3734 3731 3865
f 4610 4742 4758
f 3762 3959 3816
f 4610 4660 4742
f 1481 1412 1596
f 3517 3419 3611
f 4847 4735 4680
f 1473 1596 1412
f 3531 3561 3720
f 4680 4715 4847
f 3865 3840 3734
f 1191 1412 1317
f 3526 3531 3630
f 3630 3531 3720
f 1364 1487 1328
f 3840 3865 3973
f 3948 3959 3762
f 4923 4735 4847
f 1328 1487 1453
f 4883 4881 4742
f 3720 3883 3804
f 4883 4742 4660
f 3865 3972 3973
f 3973 3972 4086
f 4660 4792 4883
f 4680 4735 4556
f 1309 1412 1191
f 3973 4086 4129
f 1453 1243 1328
f 4681 4550 4735
f 3528 3281 3513
f 1309 1473 1412
f 3528 3611 3408
f 4735 4869 4681
f 4097 3959 3948
f 3990 3840 3973
f 3408 3281 3528
f 3630 3578 3526
f 4097 4234 4102
f 1399 1473 1309
f 4869 4735 4923
f 4869 4923 4996
f 3990 3973 4129
f 3403 3578 3452
f 4097 3948 4063
f 1440 1453 1535
f 4697 4792 4660
f 4660 4547 4697
f 4143 4370 4407
f 3452 3578 3627
f 4370 4143 4157
f 1085 1309 1191
f 4319 4203 4341
f 3679 3814 3855
f 4890 4883 4792
f 4370 4559 4407
f 4143 4407 4324
f 1243 1167 1328
f 4781 4869 4922
f 4869 4781 4681
f 1230 1243 1301
f 1309 1290 1399
f 1290 1309 1085
f 4512 4341 4486
f 1243 1453 1301
f 3728 3814 3611
f 1301 1453 1440
f 3611 3528 3728
f 5077 4883 5071
f 4996 4922 4869
f 5058 4922 4996
f 4883 4890 5071
f 4370 4479 4559
f 4512 4450 4341
f 3679 3611 3814
f 3804 3630 3720
f 4479 4370 4313
f 1557 1596 1473
f 3578 3630 3804
f 3578 3804 3827
f 4890 4792 4697
f 4737 4832 4626
f 1399 1557 1473
f 3711 3728 3528
f 4866 4781 4922
f 4709 4838 4699
f 1552 1557 1399
f 4890 4817 4927
f 1552 1722 1557
f 4737 4882 4832
f 3513 3711 3528
f 3627 3578 3827
f 4890 5068 5071
f 1625 1440 1535
f 4471 4407 4559
f 3584 3627 3740
f 3627 3827 3842
f 3740 3627 3842
f 5058 5050 4922
f 1437 1552 1399
f 4486 4552 4699
f 3814 3728 3926
f 4927 5068 4890
f 1440 1384 1301
f 3827 3804 3965
f 4626 4559 4737
f 3827 3965 3971
f 5050 4866 4922
f 4895 4866 5050
f 1290 1437 1399
f 4486 4699 4617
f 1300 1437 1290
f 1440 1523 1384
f 3728 3711 3914
f 3926 3728 3914
f 4237 4390 4398
f 4617 4512 4486
f 3842 3827 3971
f 4552 4709 4699
f 4237 4398 4291
f 1523 1440 1625
f 4398 4385 4291
f 4771 4699 4838
f 3114 3119 3262
f 3262 3119 3299
f 4385 4398 4550
f 1603 1552 1437
f 4737 4559 4632
f 4343 4501 4320
f 4501 4343 4547
f 1523 1657 1621
f 3299 3403 3262
f 4550 4513 4385
f 1540 1700 1634
f 3169 3262 3323
f 3323 3335 3169
f 3452 3262 3403
f 3452 3323 3262
f 4479 4632 4559
f 4617 4654 4512
f 1546 1688 1612
f 4575 4512 4654
f 4485 4547 4343
f 4654 4617 4771
f 1540 1634 1555
f 1546 1481 1688
f 4617 4699 4771
f 3335 3323 3463
f 3382 3281 3135
f 4697 4547 4485
f 4836 4737 4632
f 3382 3135 3265
f 3281 3382 3513
f 3522 3513 3382
f 4385 4513 4272
f 4492 4272 4513
f 4737 4836 4882
f 4376 4272 4492
f 1735 1700 1822
f 3463 3323 3452
f 4875 4771 4892
f 4513 4550 4681
f 1700 1735 1634
f 3463 3452 3584
f 1555 1634 1735
f 1555 1735 1613
f 3627 3584 3452
f 4492 4513 4711
f 4681 4711 4513
f 4743 4836 4632
f 1540 1555 1364
f 4746 4654 4771
f 4746 4771 4875
f 2618 2797 2585
f 4485 4532 4697
f 2735 2649 2785
f 1688 1481 1596
f 4376 4492 4595
f 4916 4836 4743
f 4341 4203 4123
f 4148 4341 4123
f 2618 2814 2797
f 4554 4376 4595
f 1487 1555 1613
f 2991 2796 2797
f 4319 4170 4203
f 1487 1613 1453
f 4313 4157 4162
f 4157 4313 4370
f 4273 4303 4170
f 2952 2991 2797
f 4319 4273 4170
f 4306 4319 4301
f 4319 4450 4301
f 4273 4319 4306
f 4303 4273 4307
f 1596 1758 1688
f 2854 2785 2915
f 1688 1758 1831
f 2854 2735 2785
f 4697 4817 4890
f 4697 4532 4817
f 4595 4711 4749
f 4170 4303 4154
f 2797 2814 2952
f 4595 4492 4711
f 4239 4154 4303
f 1822 1983 1810
f 1822 1810 1735
f 1758 1911 1831
f 4554 4595 4749
f 4282 4313 4162
f 4282 4162 4149
f 1810 1983 1930
f 4238 4302 4368
f 4711 4681 4781
f 2952 2956 3080
f 4341 4450 4319
f 4711 4781 4866
f 4301 4450 4367
f 1897 1911 1718
f 2912 2854 2915
f 4866 4749 4711
f 4895 4749 4866
f 4465 4367 4450
f 2814 2956 2952
f 1930 1983 2028
f 4450 4512 4575
f 4465 4450 4575
f 4081 4154 4186
f 4186 4154 4239
f 4185 4238 4296
f 1930 2028 2072
f 4084 4056 3927
f 4296 4238 4368
f 1792 1810 1930
f 4084 4210 4056
f 2991 3202 3265
f 2060 1911 1897
f 3135 2991 3265
f 1792 1930 1905
f 3927 4091 4084
f 1905 1930 2072
f 4435 4313 4282
f 3318 3120 3267
f 3130 3120 3318
f 1718 1758 1596
f 1613 1735 1810
f 1684 1613 1810
f 4247 4084 4091
f 4313 4435 4479
f 4566 4479 4435
f 4440 4368 4466
f 1718 1911 1758
f 4440 4466 4544
f 4465 4575 4543
f 4532 4363 4576
f 4576 4363 4430
f 3265 3202 3392
f 4132 4254 4297
f 4296 4368 4440
f 1718 1596 1557
f 4210 4247 4363
f 2916 3017 2915
f 4185 4296 4127
f 4084 4247 4210
f 3017 3120 3130
f 1792 1684 1810
f 4249 4282 4149
f 2952 3202 2991
f 4039 4132 4297
f 4208 4039 4297
f 4249 4417 4282
f 3130 3318 3253
f 1722 1897 1718
f 2952 3080 3202
f 3078 2915 3017
f 4459 4254 4376
f 3078 3017 3130
f 3078 3130 3253
f 4297 4254 4459
f 4587 4566 4435
f 4435 4417 4587
f 1453 1613 1535
f 3218 3202 3080
f 1535 1613 1684
f 4345 4296 4440
f 3253 3185 3078
f 4417 4435 4282
f 3078 2912 2915
f 1625 1535 1684
f 3033 2912 3078
f 3185 3033 3078
f 1792 1625 1684
f 1557 1722 1718
f 4636 4587 4417
f 4208 4297 4373
f 4566 4632 4479
f 4566 4743 4632
f 4091 4331 4247
f 4598 4575 4654
f 4331 4394 4247
f 1625 1792 1811
f 1811 1792 1905
f 3202 3218 3401
f 4247 4430 4363
f 3392 3202 3401
f 4247 4394 4430
f 4543 4575 4598
f 4597 4544 4599
f 4598 4650 4596
f 4650 4598 4746
f 4598 4654 4746
f 3201 3218 3080
f 4394 4584 4430
f 1657 1625 1811
f 4475 4297 4459
f 4726 4743 4566
f 4475 4373 4297
f 1523 1625 1657
f 4536 4373 4475
f 3157 3033 3185
f 4875 4779 4746
f 3080 2956 3201
f 4331 4091 4242
f 4915 4916 4743
f 2060 2140 1911
f 4779 4650 4746
f 4915 4743 4726
f 3372 3185 3253
f 3372 3253 3451
f 4499 4394 4331
f 4394 4499 4584
f 3324 3185 3372
f 4597 4440 4544
f 2251 2035 2140
f 3201 3360 3218
f 4510 4440 4597
f 4597 4649 4510
f 3157 3185 3324
f 4373 4536 4494
f 4674 4650 4779
f 4566 4587 4726
f 2230 2183 2349
f 4675 4510 4649
f 4494 4536 4646
f 3360 3401 3218
f 2310 2251 2140
f 4675 4627 4510
f 4331 4242 4478
f 4752 4627 4675
f 2400 2230 2349
f 2028 2183 2072
f 2072 2183 2230
f 4669 4584 4499
f 4478 4499 4331
f 4779 4753 4674
f 4779 4900 4753
f 4478 4669 4499
f 3157 3324 3352
f 3201 3282 3360
f 2183 2274 2349
f 4636 4726 4587
f 2310 2405 2251
f 3282 3458 3360
f 4999 4927 4817
f 3522 3711 3513
f 2447 2400 2349
f 2447 2583 2400
f 3522 3669 3711
f 4818 4753 4900
f 4915 4726 4830
f 5050 5088 4895
f 4726 4636 4830
f 4627 4752 4775
f 2216 2310 2140
f 4775 4752 4819
f 4927 4999 5068
f 4775 4819 4864
f 2230 2400 2343
f 5164 5068 4999
f 2216 2404 2310
f 2237 2230 2343
f 4991 4832 5035
f 3842 3971 4072
f 2405 2310 2404
f 2404 2610 2405
f 4870 4967 4838
f 4838 4967 4982
f 3914 3711 3877
f 3812 3740 3842
f 3992 3812 3842
f 2511 2400 2583
f 3842 4072 3992
f 4967 4973 5073
f 4766 4532 4576
f 3669 3685 3877
f 4766 4817 4532
f 3711 3669 3877
f 2216 2412 2404
f 4991 5035 5143
f 3896 3877 3685
f 3877 4038 3914
f 2598 2610 2404
f 5109 5073 5192
f 5073 5109 4967
f 2631 2598 2404
f 4038 3877 4124
f 2412 2631 2404
f 4653 4554 4749
f 4982 4967 5109
f 2467 2343 2400
f 4653 4749 4793
f 4749 4849 4793
f 4956 4838 4982
f 2467 2400 2511
f 5035 4832 4882
f 4430 4685 4576
f 3966 3992 4136
f 4576 4685 4751
f 2663 2467 2511
f 2649 2467 2663
f 4882 5047 5035
f 2631 2412 2585
f 3877 3896 4124
f 4970 4766 4751
f 4751 4766 4576
f 2649 2561 2467
f 4124 3896 4125
f 4796 4653 4793
f 4148 3983 3966
f 5035 5233 5143
f 3891 4125 3896
f 4751 4685 4840
f 4970 4751 4840
f 3891 4143 4125
f 4376 4554 4459
f 4956 4982 5109
f 3318 3335 3463
f 4653 4459 4554
f 3392 3382 3265
f 5109 5219 5121
f 4653 4475 4459
f 4956 4771 4838
f 4536 4475 4653
f 4771 4956 4892
f 3382 3392 3522
f 3318 3267 3335
f 4685 4430 4584
f 5109 5121 4956
f 5216 5192 5073
f 5305 5192 5216
f 4653 4727 4536
f 1905 2072 2094
f 2060 2216 2140
f 3463 3493 3318
f 4653 4796 4727
f 3463 3584 3493
f 5192 5314 5109
f 2069 2267 2060
f 3493 3584 3621
f 4749 4895 4849
f 1955 1897 1722
f 1837 1955 1722
f 3584 3676 3621
f 1897 1955 2060
f 4965 4849 4895
f 5219 5109 5314
f 3383 3253 3318
f 2094 1954 1905
f 3493 3383 3318
f 4895 5088 4965
f 4965 5088 5079
f 1811 1905 1954
f 3529 3392 3401
f 3253 3383 3451
f 4817 4766 4999
f 3451 3383 3493
f 4766 4970 4999
f 4849 4965 4944
f 3392 3529 3522
f 5079 4944 4965
f 5397 5314 5462
f 3522 3685 3669
f 1955 2069 2060
f 1954 2094 2038
f 5397 5462 5571
f 3621 3651 3493
f 2038 2094 2188
f 3522 3529 3685
f 4849 4944 4793
f 4944 4796 4793
f 5047 5283 5035
f 4836 5047 4882
f 5047 4836 4916
f 3451 3493 3651
f 1984 2069 1955
f 4956 4994 4892
f 5079 5088 5253
f 3676 3584 3740
f 5164 4999 4970
f 4994 4875 4892
f 3812 3676 3740
f 2230 2237 2072
f 3621 3676 3781
f 2094 2072 2237
f 5078 5047 4916
f 3781 3676 3812
f 2060 2267 2216
f 3651 3621 3781
f 4994 4956 5121
f 4840 4685 4669
f 2094 2237 2188
f 3781 3812 3966
f 3992 3966 3812
f 4862 5017 4840
f 5047 5078 5209
f 5209 5283 5047
f 3645 3529 3401
f 5100 4994 5121
f 4727 4646 4536
f 2225 2069 2175
f 1984 2175 2069
f 4669 4685 4584
f 5335 5233 5283
f 5283 5233 5035
f 2216 2267 2412
f 3685 3529 3645
f 3685 3645 3891
f 5258 5219 5314
f 5258 5314 5397
f 3451 3651 3687
f 2237 2343 2362
f 2267 2408 2412
f 5457 5335 5283
f 5377 5457 5283
f 3535 3451 3687
f 4727 4914 4835
f 3687 3663 3535
f 5560 5457 5377
f 2188 2237 2362
f 5219 5258 5121
f 4727 4796 4914
f 2225 2408 2267
f 3401 3546 3645
f 4700 4862 4669
f 2362 2343 2467
f 4494 4646 4661
f 5375 5258 5397
f 3645 3546 3695
f 4700 4669 4478
f 5121 5258 5100
f 2469 2362 2467
f 3796 3663 3687
f 5283 5209 5377
f 3737 3603 3663
f 2469 2467 2561
f 4669 4862 4840
f 4727 4835 4646
f 2408 2585 2412
f 3663 3796 3737
f 5498 5560 5377
f 5521 5397 5543
f 2618 2585 2408
f 3535 3372 3451
f 4700 4821 4862
f 4835 4912 4827
f 3495 3372 3535
f 4661 4646 4835
f 4661 4835 4827
f 3495 3324 3372
f 5375 5397 5521
f 2469 2561 2617
f 3495 3535 3603
f 2069 2225 2267
f 5017 4970 4840
f 3360 3546 3401
f 4914 4796 4944
f 4994 4900 4875
f 4900 4779 4875
f 5110 5009 4944
f 3360 3458 3546
f 4915 5078 4916
f 4994 5100 4900
f 5009 4914 4944
f 2362 2246 2188
f 3352 3324 3495
f 2246 2107 2188
f 2188 2107 2038
f 3496 3352 3495
f 3603 3535 3663
f 5164 4970 5186
f 5198 5110 5079
f 5017 5186 4970
f 3687 3651 3781
f 3852 3781 3966
f 2306 2225 2175
f 2306 2408 2225
f 3896 3685 3891
f 5080 4900 5100
f 2446 2408 2306
f 5110 4944 5079
f 3687 3781 3852
f 2189 2306 2175
f 5019 4914 5009
f 3983 3852 3966
f 5144 5078 4915
f 4984 5017 4862
f 4900 5080 4941
f 2469 2473 2362
f 4987 5144 4915
f 5080 5100 5226
f 5017 4984 5163
f 2246 2362 2473
f 2331 2246 2473
f 3645 3695 3891
f 3695 3849 3891
f 3998 3891 3849
f 4818 4900 4941
f 4863 4818 4941
f 4863 4941 4920
f 4987 4915 4830
f 5186 5017 5163
f 5295 5186 5163
f 3796 3687 3852
f 5009 5110 5176
f 5285 5176 5110
f 1837 1722 1762
f 1722 1552 1603
f 3944 3796 3852
f 1762 1722 1603
f 3796 3944 3943
f 5019 5009 5176
f 4920 4941 5024
f 4964 4920 5024
f 1657 1811 1774
f 3944 3852 3983
f 4045 3944 3983
f 4963 4864 4921
f 3983 4148 4123
f 3983 4123 4045
f 4835 4914 5019
f 5019 4912 4835
f 1811 1954 2038
f 4941 5080 5024
f 4434 4614 4478
f 5024 5080 5181
f 4614 4700 4478
f 5080 5226 5181
f 5185 5144 4987
f 1774 1811 1981
f 1762 1984 1837
f 1890 1984 1762
f 4614 4570 4693
f 1837 1984 1955
f 1981 1811 2038
f 5185 4987 5089
f 5041 5024 5181
f 4827 4719 4661
f 1981 2038 2107
f 5181 5170 5041
f 2699 2617 2735
f 2473 2617 2699
f 4700 4614 4821
f 4614 4786 4821
f 5100 5258 5226
f 1774 1981 1959
f 2681 2814 2618
f 5375 5226 5258
f 4719 4827 4785
f 2823 2814 2681
f 4984 4862 4821
f 5209 5300 5377
f 5078 5300 5209
f 4827 4912 4966
f 5078 5144 5300
f 2735 2829 2699
f 4821 5028 4984
f 2735 2854 2912
f 2829 2735 2912
f 1774 1621 1657
f 2814 2823 2956
f 1762 1603 1697
f 1621 1774 1690
f 4614 4693 4786
f 1690 1774 1813
f 5455 5377 5300
f 1762 1697 1890
f 5455 5498 5377
f 4693 4854 4786
f 5375 5354 5226
f 1959 1813 1774
f 2473 2699 2571
f 5514 5354 5375
f 4821 4949 5028
f 5505 5354 5514
f 4929 4827 4966
f 4929 4785 4827
f 1839 1890 1697
f 5226 5354 5181
f 4949 4821 4786
f 2787 2823 2681
f 5300 5144 5185
f 1907 1813 1959
f 5342 5300 5185
f 2175 1984 2050
f 2571 2699 2761
f 5163 4984 5179
f 5181 5244 5170
f 5354 5244 5181
f 2761 2699 2829
f 2050 2189 2175
f 5179 4984 5028
f 2050 1984 1890
f 5342 5455 5300
f 5179 5295 5163
f 1959 1981 2107
f 5176 5085 5019
f 5389 5354 5505
f 1959 2107 2130
f 5244 5354 5389
f 5267 5176 5367
f 5267 5085 5176
f 2912 2960 2829
f 2956 2823 2981
f 5315 5244 5389
f 2960 2912 3033
f 2032 2189 2050
f 2960 3033 3073
f 5028 5221 5179
f 5296 5185 5089
f 5185 5296 5342
f 5221 5355 5179
f 5552 5455 5342
f 5499 5552 5342
f 2823 2787 2981
f 5200 5267 5374
f 1890 2032 2050
f 5315 5389 5417
f 5328 5221 5127
f 5355 5221 5328
f 2960 2886 2829
f 5085 4912 5019
f 4966 4912 5085
f 4213 4127 4296
f 4345 4213 4296
f 2981 2787 3035
f 1890 1839 2032
f 2761 2829 2886
f 2130 1907 1959
f 2135 1907 2130
f 2197 2189 2032
f 2905 2787 2776
f 2984 2886 2960
f 5085 5267 5200
f 2905 3035 2787
f 4082 4213 4133
f 5085 5200 5105
f 4213 4345 4262
f 4966 5085 5105
f 4345 4440 4510
f 3099 3035 2905
f 5127 5028 4949
f 2032 2088 2197
f 3073 3033 3157
f 5221 5028 5127
f 2981 3201 2956
f 3201 2981 3127
f 4929 4966 5105
f 2246 2130 2107
f 5008 4929 5105
f 3073 3157 3232
f 4510 4627 4426
f 4426 4627 4565
f 5302 5200 5374
f 4469 4636 4417
f 4469 4417 4249
f 4949 4786 4854
f 4262 4345 4426
f 4426 4345 4510
f 3200 3282 3127
f 3127 3282 3201
f 2130 2254 2135
f 4309 4469 4249
f 2130 2246 2254
f 3232 3157 3352
f 2254 2246 2331
f 4262 4133 4213
f 4309 4249 4120
f 3352 3396 3232
f 5048 4949 4854
f 3396 3352 3496
f 4096 4133 4262
f 4120 4197 4309
f 3232 3396 3300
f 2984 2960 3073
f 2446 2618 2408
f 3035 3127 2981
f 3035 3200 3127
f 2469 2617 2473
f 3142 2984 3073
f 5161 5127 4949
f 3142 3073 3232
f 2529 2681 2618
f 3200 3035 3099
f 2529 2618 2446
f 4426 4515 4352
f 5008 5105 5120
f 5048 5161 4949
f 4352 4262 4426
f 2363 2446 2306
f 4309 4431 4469
f 2462 2331 2473
f 5248 5120 5105
f 2462 2473 2571
f 5161 5328 5127
f 2363 2529 2446
f 5105 5200 5248
f 5248 5200 5302
f 3300 3142 3232
f 2787 2681 2628
f 2761 2579 2571
f 2507 2571 2579
f 5328 5161 5425
f 5248 5302 5415
f 2189 2363 2306
f 4602 4730 4636
f 4602 4636 4469
f 5161 5048 5262
f 2776 2787 2628
f 4515 4426 4565
f 2254 2331 2378
f 2363 2189 2197
f 4565 4627 4664
f 2280 2363 2197
f 2363 2280 2448
f 5156 5262 5048
f 2761 2846 2708
f 2378 2331 2462
f 4730 4830 4636
f 4664 4627 4775
f 2761 2708 2579
f 2448 2529 2363
f 5262 5425 5161
f 2462 2571 2378
f 2507 2378 2571
f 4775 4934 4776
f 5248 5415 5362
f 2708 2846 2848
f 2628 2684 2776
f 4776 4664 4775
f 2761 2886 2846
f 5442 5362 5415
f 2529 2628 2681
f 2846 2886 2984
f 5120 5248 5216
f 2529 2448 2628
f 5216 5248 5362
f 4565 4664 4515
f 5216 5362 5305
f 2867 2776 2684
f 2081 2301 2064
f 2301 2252 2064
f 2281 2249 2132
f 3094 2987 2984
f 4224 4096 4262
f 2905 3013 3099
f 2628 2448 2514
f 4224 4262 4352
f 2081 2258 2301
f 2867 2905 2776
f 2846 2984 2987
f 2301 2442 2252
f 4096 4224 4086
f 2987 2848 2846
f 4102 4234 4197
f 2352 2254 2378
f 2867 3013 2905
f 2301 2478 2442
f 4289 4224 4352
f 2254 2194 2135
f 2254 2352 2194
f 2280 2197 2088
f 4515 4397 4352
f 2281 2393 2249
f 4129 4086 4224
f 2281 2540 2393
f 2609 2579 2708
f 4934 4775 4864
f 2514 2684 2628
f 4864 4963 4934
f 4871 4987 4830
f 4934 4963 5040
f 2802 2708 2848
f 2493 2579 2609
f 2352 2378 2507
f 4902 4776 4934
f 5024 5041 4964
f 2301 2258 2458
f 2609 2708 2802
f 2301 2458 2478
f 2352 2507 2579
f 4431 4592 4469
f 2280 2383 2448
f 2458 2258 2477
f 2493 2352 2579
f 2383 2514 2448
f 2658 2609 2802
f 2109 2132 2249
f 4871 4830 4730
f 2867 2684 2714
f 2179 2109 2249
f 4469 4592 4602
f 2352 2493 2359
f 4592 4730 4602
f 2848 2987 2970
f 2328 2179 2249
f 4431 4677 4592
f 2143 2313 2258
f 4535 4515 4664
f 2802 2848 2970
f 4721 4535 4664
f 2328 2317 2179
f 2179 2317 2092
f 2501 2684 2514
f 3094 2984 3142
f 2328 2249 2393
f 2393 2437 2328
f 4592 4677 4730
f 2693 2582 2599
f 4876 4871 4730
f 4730 4677 4876
f 4721 4664 4776
f 2582 2442 2478
f 2540 2281 2476
f 2668 2759 2608
f 4721 4776 4936
f 2582 2478 2599
f 2599 2788 2693
f 2540 2476 2608
f 3927 3802 3736
f 3759 3882 3876
f 4039 3876 3882
f 2986 3141 3131
f 2852 2873 2693
f 2951 2873 2852
f 2873 2951 2986
f 2540 2539 2393
f 4374 4431 4197
f 4234 4374 4197
f 4015 3876 4039
f 4197 4431 4309
f 2608 2759 2540
f 2759 2668 2832
f 3876 3841 3759
f 2665 2540 2759
f 2941 2832 2982
f 2693 2788 2852
f 4397 4515 4535
f 2951 2852 2788
f 4289 4352 4397
f 2759 2832 2941
f 2636 2599 2478
f 3927 3855 4091
f 2636 2478 2458
f 4502 4397 4535
f 2539 2437 2393
f 3060 2982 3146
f 3855 4037 4091
f 4374 4488 4431
f 3141 2986 2951
f 2665 2539 2540
f 3141 2951 3177
f 4015 3841 3876
f 2722 2539 2665
f 4129 4224 4289
f 4015 4023 3841
f 2941 2982 3060
f 2722 2572 2539
f 4023 3883 3841
f 2941 3060 3118
f 2599 2636 2788
f 4015 4039 4208
f 2788 2904 2951
f 2813 2665 2759
f 4129 4289 4286
f 4163 4015 4208
f 2788 2636 2754
f 4097 4233 4234
f 4023 4015 4163
f 2813 2759 2941
f 2788 2754 2904
f 2722 2665 2813
f 4400 4289 4397
f 3039 2951 2904
f 4400 4397 4502
f 4488 4374 4392
f 4392 4374 4234
f 3039 3177 2951
f 4373 4163 4208
f 3177 3039 3236
f 4289 4400 4286
f 3855 3814 4037
f 3965 3883 4023
f 3007 2941 3118
f 3926 4037 3814
f 3804 3883 3965
f 4585 4488 4392
f 3007 3118 3235
f 3926 4051 4037
f 3965 4023 4099
f 2092 2317 2235
f 2148 2313 2143
f 3292 3131 3141
f 3363 3292 3141
f 3357 3146 3249
f 2235 2317 2433
f 4037 4242 4091
f 2313 2477 2258
f 4431 4488 4677
f 2317 2328 2437
f 2317 2437 2433
f 4665 4535 4721
f 4051 4209 4037
f 2433 2437 2572
f 4242 4037 4209
f 4647 4677 4488
f 2492 2477 2313
f 4502 4535 4665
f 4163 4217 4023
f 4023 4217 4099
f 3435 3357 3249
f 3420 3363 3141
f 2313 2370 2492
f 3965 4099 4107
f 4826 4876 4677
f 3926 4071 4051
f 2313 2148 2370
f 4051 4071 4209
f 3141 3177 3420
f 2235 2433 2427
f 4665 4721 4803
f 4647 4826 4677
f 2148 2234 2370
f 3177 3381 3420
f 2233 2235 2427
f 2427 2350 2233
f 4665 4803 4899
f 2492 2647 2477
f 4217 4265 4099
f 3420 3381 3553
f 4665 4612 4502
f 4099 4265 4107
f 4612 4400 4502
f 3060 3146 3261
f 4612 4586 4400
f 4265 4285 4107
f 2427 2433 2590
f 3261 3146 3357
f 2350 2427 2527
f 3971 3965 4107
f 3060 3261 3118
f 2427 2590 2527
f 4585 4647 4488
f 2458 2477 2636
f 2754 2636 2647
f 2647 2636 2477
f 4373 4349 4163
f 3235 3118 3261
f 3386 3235 3261
f 4349 4217 4163
f 4772 4665 4899
f 2700 2572 2722
f 4494 4349 4373
f 3261 3357 3441
f 4772 4612 4665
f 4478 4242 4209
f 3441 3386 3261
f 4586 4612 4772
f 4217 4349 4265
f 3568 3386 3441
f 4845 4826 4647
f 4845 4647 4724
f 4478 4209 4434
f 2784 2754 2647
f 4265 4349 4420
f 2700 2722 2849
f 5089 4987 4871
f 3039 3132 3236
f 4871 4876 5004
f 3250 3007 3235
f 4934 5052 4902
f 4349 4494 4420
f 5004 5089 4871
f 3132 3039 3096
f 4420 4494 4581
f 5052 4936 4902
f 2697 2784 2647
f 4581 4494 4661
f 4071 3926 3914
f 4934 5040 5052
f 2849 2791 2700
f 5123 5053 5041
f 5123 5041 5170
f 4209 4196 4365
f 3149 3353 3096
f 3149 3316 3353
f 4209 4071 4196
f 3381 3488 3553
f 2697 2858 2784
f 2784 2858 2935
f 2791 2849 2938
f 5081 5052 5124
f 5168 5081 5124
f 3236 3381 3177
f 2437 2539 2572
f 3386 3384 3235
f 5128 5276 5089
f 4902 4936 4776
f 3321 3236 3132
f 2590 2433 2572
f 3321 3381 3236
f 3381 3321 3488
f 2590 2572 2700
f 4365 4196 4369
f 4240 4369 4196
f 2791 2590 2700
f 3235 3384 3250
f 2492 2697 2647
f 4803 4721 4936
f 3971 4107 4072
f 4071 3914 4038
f 4876 4935 5004
f 5052 5081 4936
f 3386 3568 3532
f 3532 3384 3386
f 5128 5089 5004
f 4072 4107 4285
f 4072 4285 4318
f 2813 2941 3007
f 4936 5081 4960
f 3132 3096 3321
f 5081 5108 4960
f 4071 4038 4196
f 3353 3321 3096
f 5108 5081 5213
f 3992 4072 4216
f 2784 2904 2754
f 4038 4124 4240
f 2849 2813 3007
f 3250 3384 3430
f 4038 4240 4196
f 3250 3430 3256
f 2784 2935 2904
f 2935 3039 2904
f 3039 2935 3096
f 4136 3992 4216
f 3488 3321 3560
f 3063 2849 3007
f 2722 2813 2849
f 4318 4216 4072
f 5123 5170 5244
f 3321 3353 3560
f 5167 5123 5244
f 5232 5244 5315
f 5276 5296 5089
f 3063 3007 3250
f 5232 5167 5244
f 4209 4365 4434
f 3384 3532 3430
f 3532 3585 3430
f 5342 5296 5499
f 3031 3096 2935
f 3096 3031 3149
f 4434 4365 4570
f 3063 2938 2849
f 4420 4285 4265
f 3316 3462 3353
f 5296 5565 5499
f 2938 3063 3069
f 5417 5456 5315
f 5299 5315 5456
f 3541 3560 3353
f 3560 3541 3718
f 5296 5276 5426
f 5565 5296 5426
f 5456 5417 5531
f 3063 3250 3256
f 3541 3353 3462
f 5213 5168 5231
f 4581 4661 4719
f 3430 3585 3411
f 5081 5168 5213
f 4570 4614 4434
f 3063 3256 3069
f 5232 5315 5299
f 5213 5231 5298
f 3541 3462 3590
f 3585 3608 3411
f 4500 4420 4581
f 3541 3590 3697
f 4570 4365 4369
f 5299 5456 5365
f 2413 2370 2234
f 4285 4500 4318
f 4500 4285 4420
f 5413 5365 5456
f 5213 5298 5327
f 5364 5327 5298
f 3697 3590 3750
f 5327 5364 5412
f 2413 2234 2278
f 5456 5467 5413
f 3590 3462 3464
f 4500 4472 4318
f 4570 4369 4458
f 4472 4500 4609
f 2492 2629 2697
f 5098 5276 5128
f 2629 2370 2413
f 2492 2370 2629
f 3665 3590 3464
f 3750 3590 3665
f 2590 2656 2527
f 4581 4686 4500
f 5480 5426 5276
f 4609 4500 4686
f 5319 5480 5276
f 2474 2350 2527
f 4458 4693 4570
f 5327 5412 5466
f 2527 2656 2474
f 4936 4960 4803
f 4820 4676 4768
f 4899 4803 4960
f 4472 4609 4637
f 2678 2629 2413
f 2678 2413 2417
f 4562 4768 4676
f 4577 4588 4717
f 2621 2474 2656
f 4852 4717 4759
f 4369 4240 4458
f 4717 4588 4759
f 2552 2678 2417
f 4876 4826 4935
f 4935 5098 5004
f 4324 4240 4124
f 4620 4768 4562
f 3966 4136 4148
f 4782 4768 4620
f 4782 4886 4768
f 4852 4901 4717
f 5128 5004 5098
f 4136 4317 4311
f 4909 4886 4782
f 3642 3650 3480
f 4960 5061 4899
f 5061 4960 5108
f 4318 4317 4216
f 5015 5098 4935
f 3642 3832 3650
f 5061 5108 5222
f 3797 3640 3634
f 5015 5224 5098
f 3642 3772 3832
f 4899 4894 4772
f 3752 3898 3772
f 4935 4826 5015
f 4158 4022 4085
f 3832 4026 4022
f 4826 4845 5015
f 4894 4899 4986
f 3832 3898 4026
f 3870 3797 4000
f 3832 3772 3898
f 4986 4899 5061
f 4177 4000 4052
f 5142 5224 5015
f 4986 5061 5137
f 5276 5098 5319
f 5222 5213 5327
f 5222 5108 5213
f 5224 5319 5098
f 5466 5427 5327
f 5480 5319 5555
f 5319 5405 5555
f 5427 5222 5327
f 5061 5222 5137
f 5137 5222 5263
f 5319 5224 5405
f 5263 5222 5384
f 5427 5384 5222
f 5312 5263 5384
f 5312 5384 5461
f 5001 5142 5015
f 5224 5142 5260
f 5387 5405 5224
f 5260 5387 5224
f 7740 7610 7648
f 7648 7610 7566
f 6231 6077 6084
f 7978 7939 8016
f 8064 7997 8018
f 5113 4979 4947
f 5136 4979 5113
f 7564 7584 7708
f 8018 7997 7937
f 4947 5016 5113
f 6297 6455 6311
f 5016 5235 5113
f 4820 4768 4947
f 7649 7564 7708
f 6502 6357 6448
f 7564 7649 7588
f 6528 6357 6502
f 4852 4759 4945
f 7836 7771 7783
f 6062 5994 6156
f 7835 7841 7937
f 7741 7740 7648
f 6231 6222 6077
f 7878 7836 7913
f 7601 7648 7512
f 6366 6156 6153
f 4852 4945 5039
f 4945 5111 5039
f 7896 7970 7937
f 7708 7783 7771
f 7896 7937 7841
f 4947 4886 5016
f 4947 4768 4886
f 7563 7460 7588
f 6156 6297 6181
f 7563 7425 7460
f 5016 4886 5065
f 4901 4852 5039
f 7682 7588 7649
f 6297 6156 6366
f 7649 7708 7771
f 7978 7913 7939
f 7835 7740 7741
f 7841 7835 7741
f 6231 6367 6222
f 7649 7771 7682
f 6352 6222 6367
f 5235 5016 5065
f 5039 5190 5070
f 5190 5236 5070
f 7841 7741 7792
f 6297 6473 6455
f 5070 4901 5039
f 6297 6366 6473
f 6367 6231 6357
f 5136 5313 5206
f 6455 6473 6598
f 7741 7648 7601
f 7563 7588 7682
f 7978 7878 7913
f 7563 7682 7665
f 7709 7741 7601
f 8018 7937 7970
f 6367 6357 6528
f 5136 5113 5290
f 5111 5259 5190
f 5313 5136 5290
f 7978 7917 7878
f 5259 5265 5356
f 6459 6352 6367
f 7709 7792 7741
f 8018 7970 8017
f 6473 6366 6572
f 6459 6367 6528
f 5290 5422 5313
f 5356 5420 5259
f 7682 7779 7665
f 7799 7779 7771
f 7771 7779 7682
f 5356 5493 5420
f 7952 7970 7896
f 5420 5331 5259
f 7549 7563 7665
f 5259 5331 5190
f 7579 7549 7665
f 5113 5235 5290
f 8026 7978 8016
f 6363 6366 6153
f 6153 6243 6363
f 8093 8064 8018
f 5398 5290 5235
f 6366 6363 6505
f 5398 5422 5290
f 6572 6366 6505
f 5506 5422 5398
f 6460 6505 6363
f 5420 5614 5513
f 8093 8018 8017
f 7829 7792 7709
f 7700 7665 7779
f 7836 7799 7771
f 7788 7700 7779
f 7878 7799 7836
f 5331 5420 5513
f 5190 5039 5111
f 5331 5236 5190
f 5363 5495 5353
f 4886 4909 5065
f 7857 7799 7878
f 7678 7700 7788
f 7788 7742 7678
f 5070 5044 4901
f 7820 7742 7788
f 5242 5199 5333
f 5064 5065 4909
f 7792 7896 7841
f 7368 7271 7269
f 5178 5068 5269
f 7917 7857 7878
f 5235 5065 5249
f 5050 5242 5088
f 5249 5065 5064
f 7358 7313 7284
f 7779 7799 7857
f 5269 5068 5164
f 5229 5070 5236
f 5229 5044 5070
f 7896 7792 7829
f 7368 7344 7474
f 7344 7415 7474
f 7368 7474 7440
f 5269 5353 5178
f 7376 7282 7313
f 5266 5249 5064
f 7917 7978 7985
f 5066 5044 5182
f 5182 5044 5229
f 7415 7516 7474
f 5242 5333 5476
f 5165 5266 5064
f 5353 5269 5363
f 8017 7970 7952
f 5508 5476 5333
f 5165 5324 5266
f 5249 5398 5235
f 7415 7501 7516
f 5416 5398 5249
f 5269 5164 5363
f 5506 5398 5579
f 7899 7917 7985
f 7501 7536 7599
f 7358 7284 7342
f 7449 7358 7342
f 5331 5431 5236
f 5088 5242 5253
f 5431 5331 5513
f 7358 7459 7313
f 7358 7449 7459
f 7944 7985 8002
f 7440 7514 7396
f 7899 7985 7944
f 5416 5579 5398
f 7531 7514 7440
f 7449 7342 7382
f 7944 8002 8010
f 7944 8010 7991
f 7960 7944 7991
f 5638 5416 5443
f 5662 5638 5443
f 5242 5476 5378
f 7631 7514 7597
f 7376 7313 7459
f 8151 8093 8108
f 7531 7440 7474
f 7985 7978 8026
f 5236 5431 5323
f 8050 7985 8026
f 5249 5266 5416
f 5323 5229 5236
f 8050 8026 8053
f 8053 8026 8072
f 8052 8071 8098
f 7531 7474 7587
f 8052 8098 8049
f 7543 7459 7449
f 5378 5253 5242
f 7449 7524 7543
f 7531 7597 7514
f 8050 8031 7985
f 5443 5416 5266
f 7459 7543 7550
f 8137 8151 8108
f 7597 7531 7587
f 7687 7597 7587
f 7491 7524 7449
f 5443 5266 5324
f 7491 7518 7524
f 5563 5469 5353
f 5382 5229 5323
f 8108 8093 8017
f 7625 7543 7524
f 5228 5182 5229
f 8020 8108 8017
f 5382 5228 5229
f 5323 5431 5501
f 8002 7985 8031
f 5323 5501 5382
f 5618 5508 5383
f 7587 7685 7687
f 7657 7550 7543
f 5563 5353 5495
f 7631 7629 7514
f 5382 5501 5488
f 5633 5488 5501
f 8099 8049 8098
f 5701 5653 5837
f 5585 5529 5422
f 7570 7524 7518
f 5529 5585 5653
f 8028 8030 8049
f 7570 7625 7524
f 7623 7625 7570
f 5768 5623 5563
f 8068 8137 8108
f 7739 7629 7729
f 8028 8049 8099
f 7631 7729 7629
f 5422 5549 5585
f 5618 5595 5748
f 8009 8028 8099
f 8136 8137 8068
f 7687 7631 7597
f 7543 7625 7657
f 5768 5563 5736
f 7631 7687 7729
f 5795 5653 5585
f 5795 5837 5653
f 8172 8137 8136
f 5518 5676 5677
f 7376 7459 7443
f 5792 5618 5748
f 7516 7587 7474
f 8020 8068 8108
f 8029 8002 8031
f 5563 5495 5736
f 5736 5495 5686
f 5506 5549 5422
f 5476 5508 5640
f 7558 7443 7550
f 5640 5508 5618
f 5706 5585 5549
f 5549 5646 5706
f 8028 8009 8001
f 5627 5686 5495
f 5585 5706 5795
f 5518 5677 5688
f 7587 7642 7685
f 5688 5677 5836
f 5686 5869 5736
f 7520 7435 7443
f 5706 5745 5849
f 7516 7501 7599
f 7443 7558 7520
f 7516 7599 7642
f 5618 5792 5640
f 5792 5778 5640
f 5873 5837 6056
f 7520 7558 7596
f 7829 7952 7896
f 7926 7952 7829
f 7516 7642 7587
f 6056 6018 5873
f 5333 5383 5508
f 5995 5853 5803
f 7857 7788 7779
f 7599 7722 7642
f 6056 5837 5986
f 7899 7788 7857
f 7879 7788 7899
f 7637 7558 7550
f 5837 5795 5986
f 7637 7550 7657
f 7857 7917 7899
f 6159 6056 5986
f 7637 7638 7558
f 5586 5476 5640
f 5986 6112 6159
f 6112 5986 5925
f 7952 7926 8020
f 7642 7759 7685
f 7596 7558 7638
f 5853 5676 5803
f 8020 8017 7952
f 5330 5164 5186
f 7596 7638 7669
f 5677 5676 5853
f 7722 7759 7642
f 7725 7638 7637
f 5363 5164 5330
f 5853 5836 5677
f 5853 5995 5979
f 7725 7669 7638
f 7685 7763 7687
f 5795 5706 5849
f 5795 5849 5925
f 5836 5853 5979
f 5795 5925 5986
f 7798 7687 7763
f 7926 7829 7827
f 7763 7685 7759
f 5363 5473 5495
f 5979 6003 5836
f 5807 5688 5836
f 7867 7763 7759
f 5253 5479 5351
f 5378 5479 5253
f 5363 5330 5473
f 6107 5979 5995
f 5995 6145 6107
f 7759 7833 7867
f 5479 5378 5476
f 7879 7899 7944
f 7640 7536 7509
f 5506 5646 5549
f 5646 5745 5706
f 5854 5849 5745
f 7520 7593 7457
f 7539 7457 7593
f 7898 7879 7944
f 7520 7596 7593
f 5854 5745 5811
f 8068 8020 7976
f 7712 7599 7640
f 5330 5295 5478
f 7960 7898 7944
f 6013 6112 5925
f 7722 7599 7712
f 6112 6013 6251
f 7820 7879 7898
f 5463 5351 5479
f 5330 5478 5473
f 7599 7536 7640
f 7976 8020 7926
f 6013 5925 5849
f 5463 5479 5588
f 7820 7788 7879
f 5836 6003 5807
f 7593 7660 7539
f 5632 5473 5478
f 6003 5936 5807
f 7640 7603 7689
f 7827 7837 7907
f 6107 6003 5979
f 7907 7926 7827
f 6110 6003 6107
f 7669 7593 7596
f 6139 6251 6013
f 7660 7593 7669
f 7759 7722 7833
f 6013 5970 6139
f 5686 5627 5789
f 5849 5854 6013
f 7762 7669 7725
f 7669 7762 7749
f 5789 5869 5686
f 7926 7907 7976
f 6110 5936 6003
f 6052 5936 6110
f 7833 7722 7817
f 5970 6013 5854
f 5854 5811 5970
f 7976 8011 8068
f 7539 7660 7612
f 7689 7712 7640
f 5920 5936 6052
f 7612 7660 7724
f 7722 7712 7772
f 7689 7772 7712
f 5684 5751 5576
f 7660 7669 7749
f 6139 5970 6175
f 7749 7724 7660
f 5495 5473 5627
f 6272 6139 6175
f 7772 7817 7722
f 5479 5476 5586
f 6197 6052 6110
f 5640 5711 5586
f 5493 5356 5518
f 5684 5805 5751
f 5479 5586 5588
f 5402 5576 5425
f 7603 7573 7689
f 5688 5493 5518
f 5711 5588 5586
f 5614 5420 5493
f 5532 5442 5667
f 5614 5493 5688
f 5711 5640 5778
f 5402 5572 5576
f 7679 7619 7612
f 5802 5711 5778
f 5802 5778 5891
f 5684 5576 5572
f 5646 5506 5579
f 5628 5532 5691
f 7658 7778 7689
f 5632 5627 5473
f 5579 5745 5646
f 5442 5532 5462
f 7679 7612 7724
f 5628 5462 5532
f 5644 5513 5614
f 5691 5532 5667
f 5501 5431 5513
f 7772 7689 7778
f 5627 5632 5789
f 5807 5614 5688
f 5812 5691 5667
f 7817 7772 7843
f 7772 7778 7843
f 5807 5784 5614
f 7843 7778 7863
f 5784 5644 5614
f 5784 5807 5936
f 7778 7658 7713
f 5638 5745 5579
f 5670 5463 5588
f 5711 5670 5588
f 5638 5579 5416
f 5572 5402 5457
f 5644 5501 5513
f 5457 5606 5572
f 7778 7713 7800
f 5633 5501 5644
f 5799 5633 5644
f 5670 5711 5802
f 7800 7713 7710
f 5784 5799 5644
f 5606 5684 5572
f 5638 5811 5745
f 5253 5198 5079
f 5920 5799 5784
f 7654 7624 7693
f 7625 7623 7653
f 5684 5606 5782
f 5351 5198 5253
f 5812 5810 5691
f 5351 5285 5198
f 5782 5805 5684
f 5285 5110 5198
f 5936 5920 5784
f 5628 5691 5810
f 5810 5722 5628
f 7739 7729 7815
f 7731 7624 7644
f 7731 7693 7624
f 7718 7731 7644
f 7739 7831 7757
f 7693 7731 7748
f 5324 5165 5343
f 7739 7815 7865
f 5285 5351 5463
f 5624 5662 5443
f 7625 7727 7657
f 7798 7729 7687
f 7727 7625 7653
f 7653 7694 7727
f 5295 5330 5186
f 5667 5861 5812
f 5942 5895 5751
f 7733 7657 7727
f 5452 5304 5228
f 7798 7815 7729
f 5463 5367 5285
f 5382 5452 5228
f 5942 5751 5805
f 5176 5285 5367
f 7747 7727 7694
f 7747 7785 7727
f 7823 7784 7746
f 6045 5895 5942
f 7811 7733 7727
f 7785 7811 7727
f 7750 7719 7703
f 7739 7865 7831
f 5813 5884 5748
f 7750 7821 7719
f 5443 5448 5624
f 7732 7821 7746
f 5448 5443 5324
f 7821 7732 7719
f 5792 5748 5884
f 5452 5488 5633
f 5452 5633 5650
f 5792 5884 5950
f 5382 5488 5452
f 7746 7821 7823
f 5812 5861 5914
f 7823 7810 7784
f 5324 5343 5448
f 7865 7815 7891
f 5452 5492 5304
f 5994 5947 5736
f 5942 5805 5908
f 5343 5540 5448
f 5994 5736 5869
f 7810 7823 7875
f 5810 5812 5914
f 5624 5448 5540
f 5914 5861 5969
f 5792 5950 5886
f 5914 5969 6101
f 5492 5452 5665
f 5886 5778 5792
f 7763 7891 7798
f 7891 7763 7867
f 6101 6093 5914
f 5665 5452 5650
f 7733 7811 7812
f 6044 5950 6077
f 7815 7798 7891
f 5492 5665 5637
f 6057 6045 5942
f 6093 5962 5914
f 5343 5372 5540
f 5528 5540 5372
f 5540 5761 5624
f 5761 5540 5693
f 5942 5908 6057
f 7725 7733 7812
f 6044 5886 5950
f 6044 5971 5886
f 7812 7818 7725
f 5994 5869 5961
f 5540 5528 5693
f 5637 5763 5581
f 5778 5886 5971
f 5623 5693 5528
f 5971 5891 5778
f 5693 5623 5834
f 5805 5782 5908
f 5810 5914 5962
f 5970 6007 6205
f 6057 5908 5983
f 6205 6175 5970
f 7875 7855 7810
f 7891 7950 7865
f 6156 5994 6153
f 7950 7891 7990
f 7856 7812 7811
f 6044 6115 5971
f 7877 7812 7856
f 6044 6077 6222
f 6176 6052 6197
f 6045 6206 6194
f 7875 7876 7855
f 6128 6205 6007
f 5994 5961 6153
f 5967 6153 5961
f 6176 6197 6296
f 7886 7818 7812
f 7958 7891 7867
f 7886 7812 7877
f 7958 7990 7891
f 5869 5789 5961
f 5789 5967 5961
f 6128 6309 6205
f 6093 6101 6233
f 7818 7886 7903
f 7818 7903 7901
f 6154 6176 6283
f 6206 6045 6057
f 6358 6205 6309
f 7885 7876 7935
f 6128 6164 6276
f 6128 6276 6309
f 7902 7885 7935
f 7902 7935 7942
f 6309 6276 6421
f 6115 6121 5971
f 7876 7875 7935
f 5962 6093 6102
f 5971 6121 5891
f 7983 8005 7935
f 6183 6206 6057
f 8005 7942 7935
f 6102 6093 6287
f 7750 7797 7821
f 6115 6044 6222
f 7831 7910 7847
f 5790 5633 5799
f 7910 7831 7865
f 5638 5864 5811
f 5638 5662 5864
f 5811 5864 5970
f 5970 5864 6007
f 6222 6274 6115
f 7865 7950 7910
f 6093 6233 6287
f 6121 6115 6274
f 6007 5864 6025
f 6333 6287 6233
f 5820 5864 5662
f 7821 7797 7842
f 5790 5799 5921
f 6390 6206 6183
f 7910 7927 7847
f 5662 5624 5820
f 6352 6274 6222
f 7890 7821 7842
f 5820 6025 5864
f 7842 7853 7889
f 6390 6508 6365
f 6352 6459 6553
f 5790 5921 5856
f 6365 6206 6390
f 7821 7890 7823
f 5820 5972 6025
f 7910 7989 7927
f 6041 5856 5921
f 7875 7823 7890
f 6424 6333 6530
f 6553 6462 6352
f 7989 7910 7950
f 5650 5633 5790
f 7890 7842 7889
f 7950 8025 7989
f 5650 5790 5665
f 5856 5665 5790
f 5820 5624 5761
f 7989 7931 7927
f 5571 5462 5628
f 5560 5606 5457
f 7853 7928 7889
f 8004 7931 8022
f 5920 5921 5799
f 7889 7928 7954
f 5921 5920 6052
f 8022 7931 7989
f 5478 5440 5687
f 7890 7889 7953
f 7954 7953 7889
f 5687 5440 5643
f 6029 5921 6052
f 6052 6154 6029
f 5967 5789 5855
f 6176 6154 6052
f 6007 6025 6128
f 7989 8025 8040
f 5628 5722 5571
f 8022 7989 8040
f 7954 7996 7953
f 5709 5782 5606
f 5606 5560 5709
f 5632 5687 5855
f 6164 6128 6025
f 6041 6029 6154
f 7875 7890 7963
f 7950 7990 8025
f 5478 5687 5632
f 5709 5860 5782
f 6041 5921 6029
f 5502 5463 5670
f 5722 5757 5571
f 7963 7935 7875
f 7953 7963 7890
f 5820 5761 5862
f 7994 7935 7963
f 5820 5862 5972
f 5722 5810 5876
f 5670 5835 5744
f 5855 5789 5632
f 5876 5810 5962
f 8025 7990 8060
f 6028 5972 5862
f 5972 6028 6123
f 8060 7990 8023
f 5891 5881 5802
f 5757 5722 5876
f 7935 7994 7983
f 5908 5782 5860
f 5983 5908 5860
f 5862 5761 5693
f 5665 5856 5763
f 5693 5834 5862
f 7963 7953 8015
f 7996 8015 7953
f 8015 7994 7963
f 5881 5670 5802
f 5637 5665 5763
f 5885 5757 5876
f 5835 5670 5881
f 5855 5687 5844
f 8015 8035 7994
f 8025 8110 8040
f 8025 8105 8110
f 6102 6019 5962
f 5944 5763 5856
f 5856 6041 5944
f 8105 8025 8060
f 5687 5643 5844
f 7983 7994 8035
f 5962 6019 5876
f 8035 8005 7983
f 5763 5944 5813
f 5876 6019 5885
f 5623 5768 5834
f 6059 6169 5983
f 5844 6005 5855
f 8105 8060 8146
f 6030 6019 6106
f 5963 5835 5881
f 5862 5834 6028
f 6030 5885 6019
f 5834 5964 6028
f 5893 6005 5844
f 7819 7749 7762
f 7819 7724 7749
f 7817 7843 7904
f 5813 5944 5997
f 5560 5661 5709
f 5744 5835 5874
f 7762 7725 7818
f 5835 5963 5874
f 5678 5571 5757
f 7867 7833 7924
f 6025 5972 6123
f 6123 6164 6025
f 6041 6154 6237
f 7850 7762 7818
f 5844 5643 5695
f 5543 5397 5571
f 5661 5560 5498
f 5874 5753 5744
f 5695 5893 5844
f 5944 6041 6144
f 6210 6041 6237
f 5521 5543 5678
f 7924 7958 7867
f 5895 5893 5695
f 6237 6154 6283
f 7833 7817 7922
f 6369 6237 6283
f 7922 7817 7904
f 6294 6276 6164
f 6164 6123 6294
f 7871 7762 7850
f 7819 7762 7871
f 6031 6138 5893
f 6294 6421 6276
f 7924 7833 7922
f 6369 6387 6237
f 5641 5661 5498
f 6123 6268 6294
f 5943 5874 5963
f 7818 7901 7850
f 5571 5678 5543
f 7871 7850 7901
f 6144 6041 6210
f 7924 7980 7958
f 5678 5757 5793
f 6028 6268 6123
f 7943 7901 7903
f 7943 7949 7901
f 8023 7958 7980
f 5661 5850 5709
f 7990 7958 8023
f 8005 7948 7942
f 7949 7871 7901
f 7932 7871 7949
f 6268 6499 6294
f 5895 6031 5893
f 7932 7949 7962
f 6495 6499 6268
f 8023 7980 8041
f 6387 6210 6237
f 5651 5521 5678
f 6144 6210 6300
f 6300 6210 6420
f 6420 6210 6387
f 7932 7920 7871
f 7904 7995 7922
f 5651 5678 5793
f 5944 6144 5997
f 7922 7980 7924
f 5846 5850 5661
f 5661 5641 5846
f 7922 7995 7980
f 5850 5860 5709
f 5502 5367 5463
f 4898 4822 4901
f 4898 4901 5044
f 5440 5478 5295
f 5850 5983 5860
f 5179 5440 5295
f 7980 7995 8041
f 8007 7920 7932
f 8079 8041 7995
f 5983 5850 6059
f 4946 5064 4909
f 7819 7805 7724
f 5066 4889 4898
f 5885 5793 5757
f 5066 4898 5044
f 7760 7679 7724
f 7805 7760 7724
f 5057 5064 4946
f 5057 5165 5064
f 5066 4931 4889
f 7860 7760 7805
f 5066 5182 5228
f 7743 7633 7760
f 5057 4946 4993
f 7802 7743 7760
f 5367 5502 5600
f 5066 5130 5038
f 5670 5600 5502
f 4993 5087 5057
f 7863 7778 7868
f 7868 7778 7800
f 5087 5165 5057
f 5355 5440 5179
f 7760 7860 7802
f 4931 5066 5038
f 7933 7863 7868
f 5850 5846 5949
f 4923 4931 5038
f 5355 5519 5440
f 5038 5130 5153
f 5374 5267 5367
f 5228 5130 5066
f 5949 6059 5850
f 7802 7860 7880
f 7933 7868 7887
f 5534 5374 5367
f 5304 5130 5228
f 5304 5292 5130
f 7863 7904 7843
f 5374 5534 5483
f 7904 7863 7933
f 6032 5885 6030
f 7805 7920 7912
f 4996 4923 5038
f 5949 6122 6059
f 5534 5367 5600
f 6122 6172 6059
f 5077 5087 4993
f 7912 7860 7805
f 5134 4996 5038
f 7933 7995 7904
f 5087 5077 5207
f 5134 5038 5153
f 5643 5440 5519
f 5973 6122 5949
f 7933 8014 7995
f 5375 5521 5514
f 5087 5207 5165
f 5292 5153 5130
f 5651 5514 5521
f 5165 5207 5343
f 5534 5600 5619
f 7995 8014 8061
f 7977 7912 7920
f 5372 5343 5207
f 5651 5793 5786
f 7977 7920 8007
f 8079 7995 8061
f 5619 5483 5534
f 5134 5153 5292
f 5641 5498 5455
f 5744 5600 5670
f 5753 5619 5600
f 7940 7860 7912
f 5753 5600 5744
f 7880 7860 7940
f 5292 5304 5394
f 5492 5394 5304
f 7977 7940 7912
f 5514 5651 5652
f 7951 8014 7933
f 7911 7880 7940
f 5328 5519 5355
f 5374 5483 5302
f 5489 5302 5483
f 5455 5649 5641
f 5207 5077 5194
f 5552 5649 5455
f 5698 5649 5552
f 7973 7948 8005
f 5071 5194 5077
f 7973 7961 7948
f 5415 5302 5489
f 8005 8046 7973
f 7972 7932 7962
f 7973 7971 7961
f 5372 5207 5344
f 5641 5649 5776
f 5776 5846 5641
f 5277 5134 5292
f 7932 7972 8007
f 5651 5786 5652
f 5183 5134 5277
f 8127 8041 8079
f 5643 5519 5695
f 5194 5344 5207
f 5183 5277 5336
f 5649 5698 5776
f 5574 5619 5753
f 7977 8007 8032
f 8033 8008 8070
f 5619 5489 5483
f 5574 5489 5619
f 5194 5353 5344
f 5505 5514 5652
f 7977 8032 8043
f 5344 5353 5469
f 7999 7977 8043
f 5134 5183 4996
f 5417 5389 5505
f 5328 5425 5519
f 7940 7977 7999
f 5695 5519 5425
f 5058 4996 5183
f 5505 5652 5617
f 7999 7911 7940
f 5050 5058 5199
f 5765 5652 5786
f 5199 5058 5183
f 8087 8061 8014
f 8087 8014 8039
f 5178 5194 5071
f 5071 5068 5178
f 5178 5353 5194
f 5652 5765 5617
f 5695 5576 5751
f 5793 5906 5786
f 5050 5199 5242
f 5885 5906 5793
f 5199 5183 5336
f 5383 5199 5336
f 8062 8042 8033
f 5906 5885 6032
f 5425 5576 5695
f 8061 8142 8079
f 8062 8033 8070
f 5333 5199 5383
f 8128 8062 8070
f 5753 5730 5574
f 7999 8043 8063
f 8047 7999 8063
f 8047 8063 8082
f 8142 8061 8087
f 5292 5394 5439
f 5439 5394 5492
f 5730 5667 5574
f 5344 5528 5372
f 8087 8148 8142
f 5861 5667 5730
f 8128 8083 8062
f 8095 8047 8082
f 5439 5277 5292
f 5336 5277 5439
f 5637 5581 5492
f 5581 5439 5492
f 5574 5415 5489
f 8023 8041 8123
f 5415 5574 5442
f 8023 8123 8060
f 5528 5344 5469
f 5469 5623 5528
f 5595 5439 5581
f 5574 5667 5442
f 5846 5776 5973
f 5469 5563 5623
f 5973 5949 5846
f 8127 8123 8041
f 5336 5439 5383
f 5383 5439 5595
f 8074 8005 8035
f 6100 6122 5973
f 8060 8123 8146
f 5618 5383 5595
f 5943 5753 5874
f 8005 8074 8046
f 6032 6015 5906
f 5730 5753 5872
f 5753 5943 5872
f 8046 8074 8120
f 8165 8146 8123
f 5748 5595 5581
f 5973 6108 6100
f 5695 5751 5895
f 5813 5581 5763
f 5581 5813 5748
f 5872 5861 5730
f 6146 6018 6056
f 5776 5698 5842
f 5786 5906 5875
f 8120 8109 8046
f 8127 8165 8123
f 5842 5973 5776
f 6056 6159 6253
f 6353 6159 6112
f 5943 6070 5872
f 6145 5995 6055
f 6055 6147 6145
f 6070 5969 5872
f 5786 5875 5765
f 6056 6253 6146
f 8166 8127 8079
f 8166 8079 8142
f 6145 6147 6229
f 5861 5872 5969
f 5973 5842 5958
f 5958 6108 5973
f 8165 8127 8166
f 5895 6045 6031
f 6015 5974 5906
f 5875 5906 5974
f 6290 6146 6253
f 8070 8109 8128
f 6101 5969 6070
f 5974 6015 6134
f 8179 8166 8142
f 6293 6229 6147
f 7975 7954 7928
f 6148 6153 5967
f 6290 6253 6413
f 8024 7975 7928
f 6121 6017 5891
f 5855 6005 5967
f 8021 7996 7954
f 7975 8021 7954
f 6159 6314 6253
f 6287 6208 6102
f 6121 6149 6017
f 6226 6145 6229
f 8077 8022 8040
f 6226 6107 6145
f 5967 6005 6148
f 6353 6314 6159
f 8056 7996 8021
f 7928 7930 8024
f 8024 8021 7975
f 5983 6169 6057
f 6243 6153 6148
f 8124 8056 8021
f 8124 8021 8084
f 6019 6102 6208
f 6226 6229 6354
f 6253 6314 6413
f 6057 6169 6183
f 6314 6415 6413
f 6293 6354 6229
f 6354 6293 6441
f 6303 6226 6354
f 8086 8004 8077
f 6316 6243 6148
f 6106 6019 6208
f 6290 6452 6285
f 6148 6198 6316
f 6208 6228 6106
f 6452 6290 6413
f 8183 8086 8077
f 6419 6293 6377
f 8024 8154 8084
f 8169 8086 8232
f 6413 6558 6452
f 6320 6121 6274
f 6121 6320 6149
f 8183 8232 8086
f 6306 6390 6183
f 6415 6580 6413
f 8154 8190 8257
f 6353 6112 6251
f 6005 6198 6148
f 6149 6072 6017
f 6236 6107 6226
f 6183 6169 6306
f 6005 6138 6218
f 8237 8154 8257
f 8084 8021 8024
f 6208 6372 6228
f 6218 6198 6005
f 6303 6236 6226
f 6372 6208 6287
f 8183 8077 8160
f 6110 6107 6236
f 8139 8160 8077
f 6362 6306 6169
f 6230 6072 6149
f 6415 6314 6353
f 8177 8084 8154
f 6172 6362 6169
f 8084 8177 8124
f 6230 6149 6320
f 6447 6303 6354
f 6303 6447 6395
f 8237 8177 8154
f 8232 8183 8253
f 6198 6218 6316
f 6166 6106 6228
f 6303 6395 6335
f 8238 8253 8183
f 6523 6415 6353
f 6490 6523 6353
f 6017 5881 5891
f 8015 7996 8056
f 6272 6251 6139
f 8139 8040 8110
f 6281 6228 6372
f 6110 6335 6197
f 6236 6335 6110
f 6072 5963 5881
f 6272 6368 6251
f 8097 8015 8056
f 6072 5881 6017
f 6372 6384 6281
f 6175 6325 6272
f 6368 6272 6325
f 8139 8110 8161
f 6072 6111 5963
f 6335 6236 6303
f 8097 8035 8015
f 6287 6333 6424
f 6197 6335 6296
f 8105 8161 8110
f 6230 6111 6072
f 6353 6251 6368
f 8161 8105 8146
f 8035 8097 8115
f 6353 6368 6490
f 6482 6508 6390
f 6490 6368 6444
f 6444 6368 6426
f 6335 6395 6407
f 6372 6287 6424
f 8197 8161 8175
f 6510 6490 6444
f 6514 6511 6443
f 6523 6580 6415
f 8097 8056 8124
f 6424 6530 6551
f 6548 6523 6490
f 6551 6530 6702
f 8124 8147 8097
f 6377 6520 6419
f 6320 6274 6462
f 6462 6274 6352
f 6441 6293 6419
f 8147 8150 8097
f 8147 8186 8150
f 6316 6363 6243
f 6363 6316 6436
f 8189 8124 8177
f 8160 8238 8183
f 6646 6508 6482
f 6452 6558 6578
f 6551 6539 6424
f 6713 6578 6558
f 8160 8199 8238
f 6479 6320 6462
f 8238 8254 8253
f 8238 8199 8254
f 6646 6600 6716
f 6556 6623 6520
f 8199 8139 8161
f 8161 8205 8199
f 6390 6306 6482
f 6623 6556 6689
f 6436 6460 6363
f 6362 6482 6306
f 6589 6505 6460
f 6580 6558 6413
f 6441 6419 6520
f 6589 6460 6436
f 6522 6354 6441
f 6354 6522 6447
f 6462 6553 6579
f 6623 6441 6520
f 6600 6646 6482
f 6558 6700 6713
f 8177 8237 8271
f 8256 8177 8271
f 6580 6700 6558
f 6441 6623 6522
f 6436 6566 6589
f 6539 6551 6687
f 8189 8177 8256
f 8189 8147 8124
f 6372 6424 6539
f 6522 6623 6605
f 6736 6605 6623
f 6623 6764 6736
f 6316 6405 6436
f 8229 8189 8256
f 6482 6362 6471
f 6320 6479 6397
f 8147 8189 8229
f 6560 6477 6395
f 6395 6477 6407
f 8205 8254 8199
f 8274 8254 8205
f 8186 8147 8229
f 6539 6384 6372
f 6462 6579 6479
f 6440 6384 6539
f 6605 6560 6447
f 6619 6580 6523
f 6648 6479 6579
f 6482 6471 6600
f 6604 6619 6523
f 6522 6605 6447
f 6230 6320 6397
f 6603 6682 6620
f 8205 8265 8274
f 6619 6681 6580
f 6718 6580 6681
f 6580 6718 6700
f 8256 8281 8229
f 6316 6218 6405
f 6218 6301 6405
f 8281 8286 8229
f 6359 6230 6397
f 8083 8128 8094
f 8134 8094 8128
f 6639 6605 6739
f 8074 8035 8115
f 6682 6787 6719
f 8115 8126 8074
f 6590 6600 6471
f 6739 6605 6736
f 8146 8175 8161
f 6395 6447 6560
f 6548 6604 6523
f 6440 6539 6542
f 8175 8146 8165
f 6549 6625 6603
f 6605 6639 6560
f 6542 6539 6685
f 6625 6728 6603
f 6511 6549 6489
f 6511 6625 6549
f 6625 6511 6632
f 6518 6436 6405
f 6514 6632 6511
f 8150 8126 8115
f 6566 6436 6518
f 8126 8120 8074
f 6172 6169 6059
f 6639 6710 6560
f 6728 6682 6603
f 8120 8140 8109
f 8140 8120 8126
f 6397 6479 6540
f 6682 6728 6787
f 6540 6479 6648
f 6728 6880 6787
f 6518 6686 6566
f 6030 6106 6166
f 6032 6030 6166
f 6726 6728 6625
f 8175 8165 8187
f 6639 6739 6710
f 8187 8195 8175
f 8150 8115 8097
f 8197 8175 8195
f 6739 6830 6710
f 6248 6172 6122
f 6005 5893 6138
f 6765 6578 6713
f 6765 6656 6578
f 6172 6248 6362
f 6746 6656 6765
f 6111 5943 5963
f 8195 8221 8197
f 6166 6228 6281
f 8174 8126 8150
f 8126 8174 8140
f 6257 6166 6281
f 8174 8159 8140
f 6388 6362 6248
f 8207 8195 8187
f 6623 6689 6764
f 6837 6765 6713
f 6837 6843 6765
f 6700 6793 6713
f 6793 6837 6713
f 8221 8195 8207
f 8174 8150 8202
f 6720 6689 6556
f 6810 6689 6847
f 6689 6720 6847
f 6362 6388 6471
f 8222 8221 8207
f 6070 5943 6111
f 6885 6765 6843
f 6746 6898 6832
f 6388 6590 6471
f 6746 6765 6898
f 6765 6885 6898
f 8159 8128 8109
f 8187 8165 8166
f 6111 6215 6070
f 6301 6218 6138
f 6966 6898 6885
f 8166 8179 8187
f 8140 8159 8109
f 6935 6832 6898
f 6934 6899 7044
f 6899 6967 7044
f 8153 8128 8159
f 6999 6847 6995
f 6230 6215 6111
f 8206 8187 8179
f 6810 6847 6999
f 6764 6689 6810
f 6215 6230 6336
f 6166 6257 6032
f 8182 8142 8148
f 8179 8142 8182
f 6937 6764 6810
f 6257 6129 6032
f 8153 8134 8128
f 6225 6301 6138
f 6764 6937 6881
f 6844 6838 6886
f 6946 6967 6886
f 6838 6946 6886
f 6257 6281 6384
f 8211 8179 8182
f 6384 6440 6257
f 8176 8153 8159
f 6031 6225 6138
f 6271 6388 6248
f 6999 6937 6810
f 8181 8153 8176
f 8187 8206 8207
f 6946 7086 6967
f 6336 6230 6359
f 6388 6271 6445
f 8176 8159 8174
f 6934 7044 6941
f 6971 6941 7044
f 7044 7149 6971
f 8222 8207 8206
f 6399 6405 6301
f 6967 7132 7044
f 7132 6967 7086
f 6399 6561 6405
f 8222 8206 8226
f 6794 6701 6719
f 8206 8179 8211
f 6405 6561 6518
f 6903 6838 6794
f 6794 6719 6903
f 6787 6903 6719
f 8158 8134 8153
f 6015 6032 6129
f 6880 6903 6787
f 6397 6540 6359
f 6764 6881 6736
f 6903 6946 6838
f 6122 6100 6271
f 8181 8158 8153
f 6129 6257 6221
f 6736 6881 6964
f 8226 8206 8211
f 6248 6122 6271
f 8202 8150 8186
f 6259 6215 6336
f 8174 8202 8200
f 6903 7083 6946
f 6045 6225 6031
f 7046 7083 6903
f 6964 6881 7052
f 6881 6937 7052
f 6946 7083 7086
f 6129 6134 6015
f 8265 8205 8197
f 6134 6129 6221
f 6194 6225 6045
f 8262 8197 8221
f 6882 6739 6736
f 6882 6736 6964
f 8197 8262 8265
f 6108 6271 6100
f 8186 8261 8202
f 6880 7046 6903
f 6830 6739 6882
f 6058 5974 6134
f 7047 6882 6964
f 8261 8186 8229
f 8261 8229 8286
f 6882 7047 7012
f 6322 6225 6194
f 8262 8292 8265
f 6221 6257 6371
f 7083 7046 7178
f 8261 8286 8314
f 6324 6221 6371
f 6215 6259 6070
f 6305 6271 6108
f 6134 6221 6324
f 8261 8266 8202
f 6101 6070 6259
f 6325 6401 6368
f 8222 8262 8221
f 8262 8222 8270
f 6205 6325 6175
f 8242 8200 8202
f 8202 8266 8242
f 6205 6358 6325
f 6358 6402 6325
f 6194 6206 6322
f 6401 6426 6368
f 6407 6296 6335
f 8295 8292 8262
f 8270 8295 8262
f 6412 6296 6407
f 6259 6333 6101
f 6333 6233 6101
f 6514 6443 6425
f 6365 6322 6206
f 6512 6425 6402
f 6425 6512 6514
f 8266 8261 8314
f 6388 6445 6590
f 6296 6283 6176
f 6296 6412 6283
f 6336 6359 6540
f 8299 8266 8314
f 8174 8200 8176
f 6358 6446 6402
f 6449 6336 6540
f 6402 6446 6512
f 6399 6301 6225
f 6257 6440 6371
f 6358 6309 6446
f 8217 8176 8200
f 8181 8176 8217
f 6371 6440 6544
f 6336 6414 6259
f 6446 6309 6421
f 6414 6336 6449
f 6590 6445 6617
f 8181 8167 8158
f 8213 8167 8181
f 6407 6477 6570
f 6449 6540 6573
f 6407 6570 6412
f 8226 8211 8223
f 6544 6440 6542
f 6685 6644 6542
f 6636 6632 6514
f 8213 8181 8217
f 6590 6617 6723
f 6399 6465 6561
f 6412 6369 6283
f 6544 6542 6644
f 6412 6494 6369
f 8223 8251 8226
f 6494 6412 6570
f 6636 6514 6512
f 6636 6512 6567
f 6445 6271 6451
f 8213 8217 8234
f 6573 6592 6449
f 6449 6592 6414
f 6561 6634 6664
f 6485 6371 6544
f 6322 6399 6225
f 6465 6399 6322
f 8242 8217 8200
f 6631 6494 6570
f 8270 8222 8226
f 6560 6570 6477
f 6617 6445 6451
f 6333 6259 6414
f 6625 6632 6726
f 8270 8291 8295
f 6732 6726 6632
f 8269 8217 8242
f 8266 8298 8242
f 6710 6660 6560
f 6365 6465 6322
f 6560 6660 6570
f 6634 6561 6465
f 6645 6544 6644
f 8298 8269 8242
f 6485 6544 6645
f 8298 8266 8299
f 6726 6902 6880
f 6880 6728 6726
f 6271 6305 6451
f 6732 6902 6726
f 6592 6530 6414
f 6485 6324 6371
f 6400 6451 6305
f 8226 8251 8270
f 8269 8234 8217
f 6789 6732 6632
f 6707 6570 6660
f 8291 8270 8251
f 8251 8282 8291
f 8251 8246 8282
f 6508 6465 6365
f 6403 6324 6485
f 6400 6538 6451
f 6631 6570 6707
f 6789 6632 6636
f 6796 6789 6636
f 6333 6414 6530
f 8269 8284 8234
f 6660 6785 6707
f 6660 6710 6785
f 8234 8284 8245
f 6538 6617 6451
f 6710 6830 6785
f 8313 8323 8322
f 8269 8298 8313
f 6785 6830 6904
f 6617 6676 6703
f 8298 8323 8313
f 6676 6617 6538
f 8284 8269 8313
f 6634 6465 6628
f 6508 6628 6465
f 6732 6789 6902
f 5505 5531 5417
f 8276 8289 8285
f 5531 5505 5617
f 8257 8276 8285
f 6902 6789 6924
f 6852 6785 6904
f 5689 5698 5552
f 6924 6789 6796
f 6852 6707 6785
f 5499 5689 5552
f 6646 6628 6508
f 8285 8289 8300
f 6852 6904 7034
f 8237 8257 8285
f 8300 8271 8285
f 6536 6446 6421
f 6567 6446 6536
f 6420 6584 6497
f 6387 6369 6494
f 8271 8237 8285
f 6545 6387 6494
f 5717 5765 5875
f 6512 6446 6567
f 8300 8256 8271
f 8256 8300 8281
f 6630 6495 6478
f 6638 6567 6536
f 8300 8312 8281
f 6495 6630 6624
f 8307 8281 8312
f 6568 6630 6478
f 6545 6494 6631
f 6014 6108 5958
f 6014 6160 6108
f 6638 6536 6610
f 8307 8312 8314
f 8314 8312 8308
f 6497 6584 6649
f 8281 8307 8286
f 6499 6421 6294
f 8286 8307 8314
f 6499 6536 6421
f 8318 8314 8316
f 6324 6223 6134
f 6545 6420 6387
f 8318 8299 8314
f 8298 8299 8318
f 8298 8318 8321
f 6400 6305 6277
f 6545 6584 6420
f 6725 6624 6630
f 6495 6624 6499
f 6324 6403 6223
f 6610 6536 6499
f 6649 6611 6497
f 6223 6403 6304
f 7743 7650 7633
f 7800 7710 7796
f 6584 6749 6649
f 6610 6499 6624
f 7743 7769 7650
f 6552 6403 6485
f 6545 6631 6652
f 7802 7769 7743
f 6624 6752 6610
f 7832 7769 7802
f 6584 6545 6652
f 7887 7868 7800
f 6391 6538 6400
f 7796 7887 7800
f 6638 6636 6567
f 6448 6611 6502
f 6796 6636 6638
f 7769 7667 7650
f 6796 6638 6752
f 6448 6497 6611
f 6403 6552 6423
f 7796 7710 7651
f 6610 6752 6638
f 7796 7651 7761
f 6568 6478 6455
f 6598 6568 6455
f 7758 7667 7769
f 6631 6707 6779
f 6707 6852 6779
f 7854 7796 7761
f 6552 6485 6645
f 6631 6741 6652
f 6568 6598 6693
f 6779 6741 6631
f 7887 7796 7854
f 6564 6676 6538
f 6796 7018 6924
f 7951 7933 7887
f 6892 7018 6796
f 6892 6796 6752
f 6611 6528 6502
f 6564 6538 6391
f 6423 6552 6569
f 6568 6693 6630
f 6953 6852 7003
f 7880 7911 7802
f 6953 6779 6852
f 7802 7911 7832
f 7892 7832 7911
f 6863 6779 6953
f 6423 6304 6403
f 6693 6725 6630
f 6725 6693 6803
f 7045 7018 6892
f 7840 7854 7761
f 6483 6423 6569
f 7769 7832 7758
f 6928 6892 6752
f 6690 6569 6552
f 6725 6752 6624
f 6676 6564 6691
f 7866 7758 7832
f 7951 7887 7854
f 6779 6863 6741
f 7854 7964 7951
f 6725 6818 6752
f 7964 7854 7840
f 6584 6652 6749
f 6652 6741 6749
f 6752 6818 6928
f 6741 6863 6907
f 6907 6749 6741
f 6972 6928 6818
f 7045 6892 6928
f 7866 7832 7892
f 7840 7938 7964
f 6864 6725 6803
f 6864 6818 6725
f 6818 6864 6972
f 8014 7951 8039
f 5565 5689 5499
f 8039 7951 7964
f 7045 6928 6972
f 6902 7046 6880
f 7840 7761 7780
f 6902 7068 7046
f 7012 6830 6882
f 5456 5531 5573
f 7777 7688 7758
f 7012 6904 6830
f 5717 5573 5531
f 7141 7046 7068
f 5717 5531 5617
f 7858 7840 7780
f 7866 7777 7758
f 5717 5617 5765
f 5842 5698 5689
f 6572 6598 6473
f 7178 7046 7141
f 7068 6902 6924
f 6904 7012 7034
f 5565 5741 5689
f 6649 6749 6857
f 5573 5717 5710
f 7018 7068 6924
f 7775 7858 7780
f 6852 7034 7003
f 6857 6747 6649
f 6611 6649 6747
f 7892 7911 7974
f 7068 7018 7226
f 5871 5689 5741
f 6680 6611 6747
f 6803 6693 6763
f 7965 7866 7892
f 6999 7167 6937
f 7892 7974 7965
f 6847 6925 6995
f 5467 5456 5573
f 7941 7866 7965
f 5710 5645 5573
f 5565 5607 5741
f 6995 7065 7087
f 6995 7087 6999
f 6857 6749 6907
f 5645 5710 5787
f 7132 7231 7044
f 7149 7044 7231
f 7087 7065 7180
f 7974 7911 7999
f 5607 5565 5426
f 5480 5607 5426
f 7999 8012 7974
f 8012 7999 8047
f 7097 7045 6972
f 5573 5538 5467
f 7180 7065 7205
f 7271 7149 7269
f 7231 7269 7149
f 5538 5573 5645
f 5555 5607 5480
f 8039 7964 8048
f 7965 7974 8012
f 5721 5741 5607
f 7231 7132 7235
f 8100 8039 8048
f 8048 7964 7938
f 6907 7061 6857
f 7086 7235 7132
f 6999 7087 7167
f 7061 6907 7007
f 5721 5607 5555
f 8051 8012 8047
f 7087 7180 7167
f 5755 5645 5787
f 8100 8087 8039
f 7282 7167 7180
f 6972 6864 6926
f 8100 8148 8087
f 7344 7269 7231
f 8095 8075 8047
f 8051 8047 8075
f 8114 8051 8075
f 7344 7231 7235
f 6926 6864 6803
f 5842 5871 5958
f 8113 8076 8094
f 6763 6926 6803
f 5842 5689 5871
f 7313 7180 7205
f 8013 7965 8012
f 5858 5717 5948
f 5717 5875 5948
f 7284 7313 7205
f 7180 7313 7282
f 5717 5858 5710
f 8013 7941 7965
f 6857 6872 6747
f 7344 7368 7269
f 6857 6979 6872
f 8012 8051 8058
f 8012 8058 8013
f 8132 8100 8048
f 5948 5875 5974
f 7376 7312 7282
f 6014 5958 5871
f 7052 6937 7167
f 7144 6972 6926
f 8148 8100 8132
f 6979 6857 7061
f 7144 7097 6972
f 5948 5974 6058
f 7052 7155 6964
f 7155 7052 7212
f 7777 7866 7869
f 7777 7869 7770
f 7858 7938 7840
f 7938 7858 7923
f 6964 7155 7047
f 7851 7770 7869
f 7144 6926 7053
f 5988 5948 6058
f 8048 7938 7998
f 7052 7167 7212
f 5948 5988 5858
f 7235 7086 7253
f 7083 7253 7086
f 7941 7869 7866
f 5940 6014 5871
f 5940 6080 6014
f 6979 7061 7143
f 5710 5858 5787
f 7923 7998 7938
f 7921 7869 7941
f 7259 7053 7154
f 7921 7851 7869
f 5871 5741 5940
f 5858 5938 5787
f 7253 7349 7235
f 7344 7235 7349
f 7167 7312 7212
f 6680 6596 6528
f 7349 7253 7296
f 6596 6459 6528
f 7858 7775 7781
f 7178 7253 7083
f 7824 7723 7770
f 7881 7858 7781
f 5938 5858 5988
f 7178 7296 7253
f 7824 7770 7851
f 6763 6598 6572
f 5996 6080 5940
f 7923 7858 7881
f 6611 6680 6528
f 6598 6763 6693
f 7277 7212 7324
f 7212 7277 7155
f 5721 5819 5741
f 7400 7349 7296
f 5819 5940 5741
f 5940 5819 5996
f 7296 7323 7400
f 7921 7941 7986
f 7312 7167 7282
f 7212 7312 7324
f 7415 7344 7349
f 7921 7824 7851
f 6747 6755 6680
f 7824 7921 7883
f 6755 6596 6680
f 7443 7324 7312
f 7993 7998 7923
f 6788 6849 6763
f 7443 7312 7376
f 7993 7923 7881
f 7277 7324 7369
f 7984 7921 7986
f 7435 7369 7324
f 7400 7415 7349
f 6572 6505 6665
f 5466 5537 5427
f 6553 6459 6596
f 7997 8085 7993
f 7324 7443 7435
f 7501 7415 7400
f 7984 7939 7921
f 7883 7921 7939
f 5566 5427 5537
f 6665 6763 6572
f 8013 7986 7941
f 7998 8067 8048
f 6755 6553 6596
f 8067 7998 7993
f 6748 6553 6755
f 5384 5427 5517
f 8067 8132 8048
f 6505 6589 6665
f 5555 5405 5527
f 7007 6863 6953
f 5566 5517 5427
f 6907 6863 7007
f 5517 5566 5621
f 8085 8067 7993
f 5567 5538 5645
f 5567 5645 5620
f 5620 5645 5755
f 6788 6763 6665
f 7881 7781 7825
f 7824 7793 7723
f 7247 7178 7141
f 7155 7198 7047
f 5659 5721 5555
f 7012 7047 7198
f 7012 7198 7034
f 5663 5620 5755
f 5716 5663 5755
f 6788 6665 6795
f 7914 7881 7825
f 5555 5527 5659
f 7234 7198 7337
f 6748 6683 6553
f 7793 7824 7883
f 5767 5721 5659
f 5682 5621 5664
f 5715 5682 5664
f 7003 7034 7172
f 7793 7883 7783
f 7914 7825 7826
f 7034 7198 7234
f 7997 7993 7881
f 7997 7881 7914
f 7141 7068 7226
f 7247 7141 7226
f 7234 7172 7034
f 5461 5384 5517
f 5604 5517 5682
f 5461 5517 5604
f 7835 7914 7826
f 7937 7914 7835
f 7299 7172 7234
f 5517 5621 5682
f 6809 6748 6916
f 5527 5631 5659
f 8113 8094 8134
f 7178 7323 7296
f 7247 7323 7178
f 6849 6926 6763
f 8112 8051 8114
f 7198 7155 7277
f 6872 6755 6747
f 8112 8058 8051
f 8129 8111 8113
f 8180 8182 8148
f 6849 7053 6926
f 8158 8129 8113
f 8111 8129 8104
f 7400 7323 7413
f 8036 8058 8102
f 7323 7247 7359
f 7053 6849 6962
f 5755 5787 5938
f 8058 8112 8103
f 7411 7323 7359
f 8132 8180 8148
f 8106 8058 8103
f 7369 7337 7277
f 8107 8104 8129
f 5878 5781 5755
f 7337 7198 7277
f 5781 5716 5755
f 5721 5767 5819
f 6979 7031 6872
f 8106 8102 8058
f 8170 8180 8132
f 6939 6872 7031
f 7400 7413 7536
f 8149 8129 8158
f 8131 8107 8129
f 5767 5955 5819
f 5755 5938 5878
f 8149 8131 8129
f 7337 7369 7457
f 5819 5955 5996
f 7536 7501 7400
f 7143 7031 6979
f 8101 8107 8131
f 8116 8101 8131
f 7369 7435 7457
f 5938 5990 5878
f 7536 7413 7509
f 5955 6094 5996
f 8156 8131 8149
f 8156 8116 8131
f 7411 7413 7323
f 7104 7053 6962
f 7154 7053 7104
f 5909 5878 5990
f 7401 7234 7337
f 7299 7234 7374
f 7939 7984 8006
f 7234 7401 7374
f 8016 7939 8006
f 8036 7986 8013
f 8036 8013 8058
f 7063 6939 7031
f 7492 7374 7401
f 7984 7986 8036
f 5682 5715 5780
f 7411 7509 7413
f 7154 7104 7250
f 8034 7984 8036
f 7337 7457 7401
f 7211 7031 7143
f 7211 7063 7031
f 6788 6962 6849
f 6755 6872 6939
f 5781 5878 5824
f 5838 5780 5823
f 5780 5838 5682
f 6755 6939 6748
f 7411 7482 7509
f 8034 8036 8102
f 5773 5682 5838
f 5682 5773 5604
f 8170 8132 8067
f 6962 6788 7004
f 7018 7158 7226
f 8170 8067 8085
f 7112 7003 7172
f 7004 6788 6795
f 7104 6962 7004
f 5909 5990 6021
f 7112 6953 7003
f 6916 6748 6939
f 8006 7984 8034
f 7045 7158 7018
f 5824 5878 5909
f 5839 5824 5909
f 5767 5981 5955
f 8064 8085 7997
f 5901 5839 5909
f 7063 6916 6939
f 7063 7036 6916
f 8034 8102 8117
f 5901 5909 6021
f 8122 8034 8117
f 7359 7247 7226
f 7359 7226 7293
f 8089 8034 8122
f 6021 5966 5901
f 7226 7158 7293
f 5387 5527 5405
f 8085 8162 8170
f 8157 8162 8085
f 5527 5387 5530
f 8116 8138 8121
f 8138 8116 8156
f 7112 7007 6953
f 8194 8170 8162
f 7175 7104 7004
f 5767 5659 5631
f 7210 7063 7211
f 5527 5530 5631
f 7045 7192 7158
f 8016 8006 8034
f 8089 8016 8034
f 8157 8085 8064
f 7169 7007 7112
f 7250 7104 7175
f 5815 5981 5767
f 7164 7063 7210
f 8066 8016 8089
f 7293 7158 7192
f 7036 7063 7164
f 7292 7112 7172
f 8157 8064 8093
f 7192 7304 7293
f 8066 8026 8016
f 8072 8026 8066
f 7309 7175 7276
f 6160 6014 6080
f 6160 6305 6108
f 7292 7172 7299
f 6223 6058 6134
f 7292 7169 7112
f 7045 7097 7192
f 5988 6058 6157
f 8188 8194 8162
f 6223 6157 6058
f 7292 7299 7364
f 7061 7007 7169
f 8092 8088 8121
f 8092 8121 8138
f 8188 8162 8157
f 7292 7341 7169
f 8141 8138 8171
f 8141 8092 8138
f 6305 6160 6277
f 7144 7252 7097
f 7405 7292 7364
f 7192 7097 7252
f 8092 8065 8088
f 8065 8092 8071
f 7252 7304 7192
f 8098 8071 8092
f 7169 7190 7061
f 7482 7411 7359
f 6160 6182 6277
f 7399 7482 7359
f 7291 7190 7169
f 8151 8157 8093
f 6304 6157 6223
f 7299 7374 7424
f 6182 6391 6277
f 7143 7061 7190
f 7424 7374 7492
f 8184 8157 8151
f 8157 8184 8188
f 7299 7424 7364
f 7500 7482 7399
f 8098 8092 8141
f 6119 5988 6157
f 5938 5988 6119
f 6182 6080 5996
f 6182 6160 6080
f 8152 8141 8173
f 7169 7341 7291
f 7359 7293 7399
f 7304 7399 7293
f 7371 7409 7304
f 7304 7409 7399
f 8152 8098 8141
f 7371 7304 7252
f 7364 7424 7471
f 8184 8151 8172
f 8172 8151 8137
f 6119 6157 6242
f 7405 7341 7292
f 8099 8098 8152
f 7364 7471 7405
f 6242 6157 6304
f 7500 7399 7409
f 7435 7520 7457
f 8158 8113 8134
f 7539 7401 7457
f 7492 7401 7539
f 7603 7640 7509
f 6286 6391 6182
f 8182 8180 8211
f 8212 8211 8180
f 7144 7259 7252
f 7539 7612 7492
f 7482 7603 7509
f 7482 7573 7603
f 8223 8211 8212
f 7144 7053 7259
f 8167 8149 8158
f 7559 7424 7492
f 6094 6182 5996
f 7573 7482 7500
f 7243 7143 7190
f 8180 8170 8194
f 8212 8180 8194
f 7243 7190 7291
f 7612 7559 7492
f 6391 6400 6277
f 8212 8194 8209
f 7689 7573 7658
f 7619 7559 7612
f 6504 6564 6391
f 7409 7486 7500
f 7569 7500 7486
f 7471 7546 7405
f 8212 8224 8223
f 8212 8209 8224
f 7252 7259 7371
f 7500 7569 7573
f 7471 7424 7559
f 6391 6286 6504
f 8246 8223 8224
f 6242 6304 6349
f 6349 6304 6423
f 8156 8149 8167
f 7259 7361 7371
f 7658 7573 7569
f 7546 7471 7559
f 6349 6423 6483
f 8167 8185 8156
f 6427 6504 6286
f 7486 7409 7371
f 7569 7607 7658
f 8171 8138 8156
f 7154 7250 7259
f 7559 7619 7546
f 7633 7546 7619
f 6691 6564 6504
f 8167 8213 8185
f 7250 7361 7259
f 5964 5834 5768
f 8224 8244 8246
f 5964 5768 5947
f 5884 5813 5997
f 5947 5768 5736
f 6504 6591 6691
f 8203 8185 8213
f 6119 5990 5938
f 8213 8234 8245
f 8277 8246 8244
f 7377 7341 7453
f 8245 8203 8213
f 5964 6143 6028
f 6242 6261 6119
f 5964 5947 6143
f 7291 7377 7243
f 6261 6242 6349
f 6143 5947 6062
f 7341 7377 7291
f 8244 8278 8277
f 8171 8185 8203
f 5997 6201 6084
f 6114 6119 6261
f 8185 8171 8156
f 6084 5884 5997
f 7243 7377 7307
f 7371 7361 7473
f 5884 6084 5950
f 8224 8209 8235
f 8235 8209 8214
f 5947 5994 6062
f 8173 8171 8203
f 6182 6094 6170
f 8230 8173 8203
f 6156 6181 6062
f 8224 8235 8244
f 8235 8278 8244
f 6084 6077 5950
f 6094 5955 6170
f 5990 6119 6114
f 7453 7341 7405
f 8277 8310 8282
f 6268 6028 6280
f 8246 8277 8282
f 7453 7405 7546
f 7569 7486 7548
f 6182 6170 6286
f 6339 6286 6170
f 8278 8315 8277
f 6311 6280 6143
f 6268 6280 6495
f 8306 8284 8313
f 6300 6201 6144
f 8313 8322 8306
f 7546 7556 7453
f 6420 6497 6300
f 6021 5990 6114
f 6300 6448 6201
f 8310 8277 8315
f 6478 6495 6280
f 6448 6300 6497
f 6311 6478 6280
f 5981 6170 5955
f 8306 8322 8320
f 6455 6478 6311
f 8320 8315 8319
f 6130 6170 5981
f 7548 7607 7569
f 8194 8188 8209
f 6114 6105 6021
f 6201 5997 6144
f 6028 6143 6280
f 8209 8188 8214
f 8171 8173 8141
f 6022 5966 6021
f 6105 6022 6021
f 6130 5981 6046
f 8214 8188 8184
f 7371 7473 7486
f 6357 6201 6448
f 7548 7486 7473
f 6181 6143 6062
f 7511 7377 7453
f 6202 6105 6114
f 6311 6143 6181
f 6114 6261 6202
f 6202 6261 6299
f 6201 6231 6084
f 7511 7454 7377
f 6201 6357 6231
f 6170 6291 6339
f 8236 8214 8184
f 8219 8184 8172
f 6130 6291 6170
f 6181 6297 6311
f 7836 7783 7883
f 7883 7913 7836
f 7464 7554 7473
f 7548 7473 7554
f 7548 7651 7607
f 7556 7511 7453
f 7556 7546 7633
f 7939 7913 7883
f 7937 7997 7914
f 7713 7658 7607
f 6375 6349 6483
f 7713 7607 7710
f 6339 6427 6286
f 6349 6375 6261
f 7710 7607 7651
f 6375 6483 6509
f 6299 6261 6375
f 6427 6339 6496
f 7650 7556 7633
f 6643 6483 6569
f 6427 6591 6504
f 7526 7454 7511
f 6427 6496 6591
f 7651 7548 7554
f 6509 6483 6643
f 7511 7627 7526
f 6657 6591 6496
f 7511 7556 7650
f 7511 7650 7627
f 7667 7627 7650
f 6453 6375 6509
f 6642 6509 6643
f 7211 7143 7243
f 7211 7243 7307
f 6583 6657 6496
f 6453 6509 6608
f 7307 7283 7211
f 6339 6291 6433
f 6433 6496 6339
f 7361 7464 7473
f 6299 6375 6453
f 7377 7392 7307
f 7392 7377 7454
f 6433 6583 6496
f 7392 7283 7307
f 6813 6761 6646
f 7283 7392 7378
f 7429 7464 7361
f 7309 7250 7175
f 7211 7283 7210
f 7250 7309 7361
f 6687 6551 6702
f 6716 6813 6646
f 7210 7283 7378
f 7429 7361 7309
f 6687 6702 6777
f 6860 6813 6716
f 7378 7392 7458
f 7429 7522 7464
f 6777 6841 6687
f 6942 6914 6777
f 6860 6988 6813
f 7210 7298 7164
f 7387 7210 7378
f 7276 7429 7309
f 6914 6841 6777
f 6860 6985 6988
f 7458 7488 7378
f 7488 7387 7378
f 7527 7522 7429
f 7403 7527 7429
f 6685 6539 6687
f 6860 6716 6775
f 6685 6687 6841
f 6775 6716 6600
f 6600 6590 6775
f 7454 7526 7392
f 7458 7392 7526
f 6775 6985 6860
f 7522 7554 7464
f 7170 7140 6988
f 6988 7153 7170
f 7064 6914 6942
f 7522 7606 7554
f 7565 7458 7526
f 7153 6988 6985
f 7153 7288 7170
f 7606 7651 7554
f 6841 6914 7064
f 7064 6960 6841
f 7488 7458 7565
f 7522 7527 7606
f 6841 6825 6685
f 6723 6775 6590
f 6855 6775 6723
f 6683 6579 6553
f 6825 6778 6685
f 6795 6665 6589
f 6795 6589 6730
f 6855 6985 6775
f 6566 6730 6589
f 6960 6825 6841
f 7043 6985 6855
f 6648 6579 6683
f 6683 6748 6809
f 6778 6825 6960
f 6792 6778 6920
f 6920 6778 6960
f 6965 7043 6855
f 6809 6807 6683
f 6943 6795 6730
f 7001 6792 6920
f 6686 6730 6566
f 6561 6686 6518
f 7176 7153 6985
f 7043 7176 6985
f 7229 7151 7064
f 6853 6730 6686
f 6960 7064 7151
f 6795 6943 7004
f 7153 7315 7288
f 6683 6807 6648
f 6916 6807 6809
f 7153 7176 7315
f 7310 7151 7229
f 6648 6699 6540
f 6664 6686 6561
f 6648 6807 6699
f 6831 6686 6664
f 6960 7151 7057
f 6730 6853 6943
f 7227 7176 7043
f 7151 7196 7057
f 6831 6853 6686
f 6874 6807 6996
f 7380 7315 7227
f 7176 7227 7315
f 6699 6807 6874
f 7196 7151 7310
f 6845 6699 6874
f 6853 6831 7015
f 7196 7310 7322
f 6920 6960 7057
f 7108 7004 6943
f 7227 7043 6965
f 6982 6916 7036
f 7123 7227 6965
f 6982 6807 6916
f 7196 7122 7057
f 7001 6920 7057
f 7122 7001 7057
f 7036 7116 6982
f 7175 7004 7108
f 7036 7164 7116
f 7214 7116 7164
f 7227 7248 7367
f 7218 7196 7322
f 7276 7175 7108
f 7227 7123 7248
f 6644 6685 6778
f 7108 7168 7276
f 6853 7015 6943
f 6982 6996 6807
f 7108 6943 7015
f 6855 6723 6805
f 7015 7168 7108
f 6792 6644 6778
f 6831 7038 7015
f 6805 6723 6617
f 6805 6617 6703
f 6645 6644 6792
f 7168 7270 7276
f 7214 7164 7298
f 6805 6703 6814
f 6996 6982 7116
f 6855 6805 6965
f 6987 6874 6996
f 7168 7015 7038
f 6984 6965 6805
f 6819 6792 7001
f 6987 6996 7103
f 6996 7171 7103
f 7171 7116 7214
f 7171 6996 7116
f 6984 7123 6965
f 7168 7038 7270
f 7171 7214 7305
f 7367 7380 7227
f 7322 7310 7425
f 7310 7460 7425
f 7483 7380 7367
f 6573 6540 6699
f 6573 6699 6708
f 6798 6831 6664
f 6664 6634 6798
f 6845 6708 6699
f 7001 7122 7145
f 7196 7218 7122
f 6592 6573 6708
f 7218 7322 7319
f 7351 7367 7248
f 6761 6798 6634
f 6759 6708 6845
f 7125 7248 7123
f 6708 6759 6592
f 6913 7038 6831
f 6913 6831 6798
f 7218 7145 7122
f 6761 6913 6798
f 7351 7248 7207
f 7246 7145 7218
f 6987 6845 6874
f 7319 7246 7218
f 7321 7351 7207
f 6845 6836 6759
f 6819 6645 6792
f 6761 6634 6628
f 6690 6645 6819
f 6690 6819 6833
f 6994 6819 7001
f 6984 6805 6814
f 6646 6761 6628
f 6592 6702 6530
f 6759 6702 6592
f 6833 6819 6994
f 7017 6984 6814
f 6676 6814 6703
f 6552 6645 6690
f 7148 7038 6913
f 6676 6827 6814
f 6991 7148 6913
f 7270 7038 7148
f 6873 6745 6833
f 6873 6833 6994
f 7298 7210 7387
f 6690 6833 6745
f 6691 6827 6676
f 7403 7276 7270
f 7387 7412 7298
f 6569 6690 6643
f 6745 6643 6690
f 7403 7429 7276
f 6827 7017 6814
f 7017 6827 6961
f 7305 7214 7298
f 7125 7123 6984
f 6994 7001 7145
f 7758 7627 7667
f 7017 7125 6984
f 7125 7017 7207
f 7207 7248 7125
f 7526 7604 7565
f 6994 7145 7157
f 7761 7651 7606
f 7526 7627 7604
f 7207 7017 7089
f 7680 7761 7606
f 6873 6994 7013
f 6994 7157 7013
f 7627 7688 7604
f 7157 7145 7246
f 7688 7627 7758
f 7780 7761 7680
f 7680 7606 7527
f 7321 7207 7236
f 7236 7207 7089
f 7527 7643 7680
f 6961 7089 7017
f 7101 7089 6961
f 7574 7488 7565
f 6643 6745 6783
f 7662 7604 7688
f 7662 7565 7604
f 6905 6873 7013
f 6773 6827 6691
f 7643 7780 7680
f 6961 6827 6773
f 6745 6873 6783
f 6873 6905 6783
f 7574 7565 7662
f 6862 6961 6773
f 6776 6783 6905
f 7666 7780 7643
f 6846 6776 6905
f 6846 6905 6949
f 7775 7780 7666
f 7770 7688 7777
f 7770 7662 7688
f 7156 7023 7013
f 7157 7257 7156
f 7257 7157 7246
f 7770 7723 7662
f 7236 7089 7101
f 7156 7013 7157
f 7305 7232 7171
f 7305 7356 7232
f 6987 6836 6845
f 6836 6987 7008
f 6759 6836 6702
f 6913 6761 6813
f 6913 6813 6991
f 6905 7013 7023
f 6942 6836 7008
f 6862 7101 6961
f 6942 6702 6836
f 6942 6777 6702
f 7101 7289 7236
f 6988 6991 6813
f 6988 7140 6991
f 7113 7156 7233
f 7156 7257 7233
f 7156 7113 7023
f 7008 6987 7103
f 6949 7023 7113
f 7140 7148 6991
f 7101 6862 7088
f 6949 6905 7023
f 7232 7103 7171
f 7148 7311 7270
f 6949 7113 7099
f 7148 7347 7311
f 7101 7088 7289
f 7103 7232 7245
f 7150 7103 7245
f 7088 7219 7289
f 7233 7099 7113
f 7140 7347 7148
f 7318 7347 7140
f 7289 7219 7325
f 7103 7150 7008
f 7485 7483 7367
f 7425 7319 7322
f 7441 7319 7425
f 7485 7601 7483
f 7008 7150 6942
f 7549 7425 7563
f 7441 7425 7549
f 7064 6942 7150
f 7064 7150 7200
f 7608 7485 7484
f 7318 7140 7170
f 7245 7200 7150
f 7485 7367 7351
f 7484 7485 7351
f 7200 7245 7335
f 7288 7318 7170
f 7064 7200 7229
f 7549 7579 7441
f 7229 7200 7335
f 7608 7484 7557
f 7499 7441 7579
f 7305 7298 7412
f 7348 7319 7441
f 7488 7412 7387
f 7527 7403 7442
f 7246 7319 7348
f 7426 7484 7351
f 7321 7426 7351
f 7538 7527 7442
f 7365 7348 7419
f 7489 7412 7488
f 7489 7407 7412
f 7311 7403 7270
f 7311 7442 7403
f 7419 7348 7441
f 7407 7305 7412
f 7557 7484 7426
f 7419 7441 7499
f 7434 7442 7311
f 7608 7709 7601
f 7608 7601 7485
f 7356 7305 7407
f 7538 7442 7434
f 7700 7579 7665
f 7674 7709 7608
f 7579 7595 7499
f 7533 7538 7434
f 7674 7608 7557
f 7674 7829 7709
f 7487 7407 7489
f 7487 7489 7568
f 7521 7499 7595
f 7348 7365 7246
f 7257 7246 7365
f 7487 7356 7407
f 7426 7321 7366
f 7356 7487 7456
f 7419 7499 7521
f 7489 7488 7574
f 7540 7557 7426
f 7538 7643 7527
f 7463 7419 7521
f 7666 7643 7538
f 7365 7419 7463
f 7489 7574 7568
f 7568 7574 7662
f 7515 7540 7436
f 7639 7666 7538
f 7700 7595 7579
f 7615 7568 7723
f 7723 7568 7662
f 7775 7666 7639
f 7775 7639 7781
f 7533 7639 7538
f 7829 7674 7751
f 7487 7568 7615
f 7678 7595 7700
f 7544 7487 7615
f 7751 7827 7829
f 7610 7639 7533
f 7720 7751 7674
f 7610 7533 7481
f 7691 7639 7610
f 7674 7557 7540
f 7356 7245 7232
f 7674 7540 7636
f 7311 7347 7434
f 7595 7678 7577
f 7668 7577 7678
f 7356 7335 7245
f 7481 7434 7347
f 7837 7827 7751
f 7837 7751 7720
f 7636 7720 7674
f 7318 7481 7347
f 7668 7678 7742
f 7356 7456 7335
f 7837 7720 7776
f 7481 7533 7434
f 7577 7521 7595
f 7515 7636 7540
f 7577 7463 7521
f 7589 7720 7636
f 7515 7589 7636
f 7439 7481 7318
f 7702 7723 7793
f 7366 7321 7236
f 7702 7615 7723
f 7352 7257 7365
f 7436 7540 7366
f 7289 7366 7236
f 7436 7366 7289
f 7540 7426 7366
f 7233 7257 7352
f 7352 7365 7463
f 7584 7544 7615
f 7302 7233 7352
f 7404 7289 7325
f 7708 7584 7615
f 7691 7610 7740
f 7781 7639 7691
f 7289 7404 7436
f 7437 7352 7463
f 7515 7436 7404
f 7708 7615 7702
f 7781 7691 7825
f 7825 7691 7740
f 7783 7702 7793
f 6691 6591 6773
f 7702 7783 7708
f 6657 6773 6591
f 7826 7825 7740
f 7740 7835 7826
f 6776 6643 6783
f 7445 7335 7456
f 6773 6657 6862
f 7456 7487 7544
f 7610 7481 7566
f 7544 7584 7456
f 6642 6776 6767
f 6509 6642 6608
f 7439 7566 7481
f 6757 6862 6657
f 6757 6657 6583
f 7564 7445 7456
f 7584 7564 7456
f 7288 7439 7318
f 6846 6767 6776
f 6900 6862 6757
f 7088 6862 6900
f 7288 7315 7439
f 7229 7335 7370
f 7370 7335 7445
f 7310 7229 7370
f 7315 7380 7439
f 7566 7439 7512
f 7439 7380 7512
f 7460 7370 7445
f 7310 7370 7460
f 7648 7566 7512
f 7460 7445 7564
f 7483 7512 7380
f 7588 7460 7564
f 7483 7601 7512
f 7550 7443 7459
f 7637 7657 7733
f 7637 7733 7725
f 7679 7760 7619
f 7760 7633 7619
f 7920 7805 7819
f 7920 7819 7871
f 7973 8008 7971
f 8070 8008 7973
f 8109 8070 8046
f 8046 8070 7973
f 8004 8022 8077
f 8232 8289 8264
f 8232 8264 8169
f 8289 8232 8253
f 8077 8040 8139
f 8205 8161 8197
f 8254 8287 8253
f 8254 8293 8287
f 8199 8160 8139
f 8274 8293 8254
f 8274 8308 8293
f 8308 8274 8292
f 8265 8292 8274
f 8292 8316 8308
f 8295 8316 8292
f 8223 8246 8251
f 8321 8316 8295
f 8291 8321 8295
f 8321 8291 8309
f 8309 8323 8321
f 8291 8282 8309
f 8276 8264 8289
f 8253 8287 8289
f 8287 8300 8289
f 8293 8300 8287
f 8293 8312 8300
f 8293 8308 8312
f 8314 8308 8316
f 8316 8321 8318
f 8323 8298 8321
f 8322 8323 8309
f 8322 8309 8310
f 8309 8282 8310
f 8305 8315 8278
f 8320 8310 8315
f 8320 8322 8310
f 8315 8305 8319
f 8305 8317 8319
f 8296 8317 8305
f 6776 6642 6643
f 919 1180 1027
f 745 789 862
f 745 862 784
f 8 22 12
f 267 251 307
f 1099 971 1053
f 1027 1180 1252
f 784 699 745
f 45 27 24
f 731 791 860
f 226 185 245
f 1252 1072 1027
f 687 791 731
f 668 784 761
f 267 303 242
f 99 104 64
f 732 688 804
f 591 699 668
f 216 267 242
f 251 267 216
f 668 699 784
f 614 725 688
f 604 716 725
f 615 668 761
f 604 725 614
f 658 776 687
f 712 615 761
f 615 591 668
f 89 178 156
f 658 687 619
f 735 813 771
f 615 712 636
f 559 615 636
f 227 271 245
f 688 725 804
f 28 24 27
f 227 245 199
f 538 528 615
f 242 318 290
f 72 64 24
f 318 242 303
f 227 285 271
f 528 591 615
f 285 246 313
f 253 290 332
f 688 543 508
f 99 64 72
f 246 285 227
f 658 619 583
f 639 732 787
f 201 246 227
f 583 665 658
f 110 178 89
f 110 89 62
f 332 275 253
f 28 27 62
f 732 543 688
f 639 543 732
f 740 806 689
f 69 51 86
f 242 290 253
f 32 72 24
f 61 72 32
f 621 740 689
f 358 283 407
f 508 358 407
f 168 199 245
f 245 185 168
f 62 89 39
f 227 199 201
f 688 508 614
f 137 99 72
f 559 636 604
f 735 656 654
f 72 61 137
f 481 432 538
f 229 253 275
f 614 508 519
f 559 538 615
f 654 553 571
f 195 253 229
f 519 604 614
f 576 665 583
f 654 656 553
f 39 89 92
f 209 226 240
f 39 8 12
f 251 269 307
f 689 806 735
f 559 481 538
f 8 39 29
f 735 654 689
f 226 209 185
f 39 12 28
f 39 28 62
f 689 654 571
f 583 504 576
f 901 787 898
f 503 559 604
f 210 269 251
f 210 251 215
f 879 979 907
f 503 604 519
f 169 185 209
f 787 804 898
f 181 86 164
f 59 51 112
f 732 804 787
f 394 432 481
f 112 166 59
f 454 510 504
f 108 59 166
f 879 903 979
f 481 393 394
f 907 813 806
f 215 251 216
f 559 503 481
f 112 218 166
f 294 166 218
f 740 879 806
f 504 510 576
f 294 228 166
f 604 636 716
f 164 86 98
f 146 185 169
f 695 735 771
f 537 510 458
f 634 695 665
f 510 537 576
f 458 510 454
f 164 98 197
f 162 225 266
f 656 735 695
f 108 166 228
f 146 168 185
f 576 634 665
f 162 259 120
f 168 146 130
f 110 108 187
f 108 228 187
f 126 130 146
f 281 283 336
f 182 157 175
f 175 215 216
f 215 175 210
f 175 216 182
f 656 537 553
f 98 104 197
f 537 656 634
f 576 537 634
f 99 197 104
f 99 137 197
f 145 192 158
f 456 336 449
f 456 281 336
f 621 449 506
f 257 178 187
f 110 187 178
f 456 449 571
f 571 449 621
f 216 242 195
f 195 242 253
f 266 281 162
f 158 199 168
f 689 571 621
f 216 195 182
f 369 407 266
f 135 158 168
f 456 571 553
f 22 8 23
f 508 407 519
f 6 14 8
f 14 23 8
f 158 201 199
f 369 519 407
f 23 55 22
f 195 229 191
f 158 192 201
f 146 169 137
f 408 281 456
f 408 456 553
f 217 210 178
f 156 178 210
f 156 210 153
f 467 347 408
f 195 191 177
f 467 408 553
f 107 126 146
f 153 210 175
f 107 146 137
f 162 281 259
f 1940 2054 2026
f 61 107 137
f 2190 2026 2054
f 168 130 135
f 259 281 408
f 2167 2026 2190
f 408 347 259
f 133 153 175
f 1709 1882 1641
f 1847 1882 1709
f 130 114 135
f 149 175 157
f 120 225 162
f 120 202 225
f 157 182 195
f 157 195 177
f 202 120 122
f 130 126 100
f 2052 1931 1963
f 135 145 158
f 1882 2082 2011
f 2082 1882 2026
f 120 81 122
f 135 123 145
f 2052 1919 1931
f 133 175 149
f 191 148 177
f 1940 1841 1739
f 1940 2026 1841
f 100 107 55
f 140 157 177
f 22 55 61
f 140 177 148
f 274 301 202
f 61 55 107
f 1705 1841 1847
f 120 194 81
f 1879 1944 1783
f 2026 1847 1841
f 496 582 544
f 496 544 462
f 81 194 112
f 156 92 89
f 92 156 153
f 69 122 81
f 86 122 69
f 2167 2082 2026
f 153 133 92
f 2126 2083 2033
f 2026 1882 1847
f 562 579 664
f 562 664 641
f 1919 1945 1880
f 533 579 562
f 2126 1919 2052
f 1945 1919 2033
f 133 76 92
f 2033 1919 2126
f 220 274 122
f 70 100 55
f 194 312 218
f 496 530 582
f 2323 2386 2203
f 497 562 574
f 2323 2203 2167
f 2386 2323 2449
f 312 297 218
f 444 530 496
f 107 100 126
f 225 202 301
f 2288 2167 2190
f 225 301 369
f 2323 2167 2288
f 497 574 588
f 76 133 115
f 418 369 301
f 562 641 574
f 301 274 418
f 90 105 101
f 418 503 519
f 369 418 519
f 537 467 553
f 2126 2165 2083
f 2165 2126 2229
f 533 562 497
f 2165 2118 2083
f 470 533 497
f 2126 2279 2229
f 393 503 418
f 378 428 462
f 458 467 537
f 114 130 100
f 149 157 127
f 101 114 100
f 451 533 470
f 2376 2279 2466
f 428 496 462
f 157 140 127
f 2279 2379 2466
f 428 444 496
f 467 458 347
f 114 123 135
f 393 481 503
f 2011 2082 2203
f 2167 2203 2082
f 458 454 402
f 123 114 105
f 393 418 274
f 2052 1963 2068
f 101 105 114
f 458 312 347
f 312 458 402
f 127 140 121
f 2068 2184 2052
f 220 393 274
f 121 140 148
f 311 393 220
f 567 482 554
f 2126 2052 2184
f 115 133 149
f 115 149 127
f 460 554 482
f 78 101 100
f 400 460 482
f 78 100 70
f 2279 2184 2263
f 530 602 633
f 2379 2279 2263
f 127 80 115
f 530 633 582
f 674 588 641
f 574 641 588
f 80 127 121
f 2184 2279 2126
f 194 120 259
f 194 259 347
f 312 194 347
f 121 148 111
f 67 101 78
f 121 111 83
f 1940 1862 1989
f 567 602 530
f 312 402 297
f 67 90 101
f 1978 1916 1809
f 588 674 642
f 8 29 6
f 482 567 530
f 1816 1749 1919
f 542 588 642
f 560 542 642
f 69 81 112
f 51 69 112
f 588 517 497
f 482 530 444
f 517 588 542
f 6 3 14
f 1816 1650 1749
f 1650 1609 1749
f 194 218 112
f 517 478 497
f 44 55 23
f 1650 1816 1747
f 23 14 44
f 1469 1483 1641
f 14 36 44
f 1670 1641 1757
f 1931 1919 1749
f 1641 1670 1469
f 478 517 542
f 6 29 48
f 1402 1323 1469
f 20 6 48
f 76 48 29
f 542 560 479
f 542 479 478
f 20 3 6
f 249 323 313
f 1402 1469 1609
f 323 359 366
f 1816 1919 1880
f 29 39 92
f 1817 1879 1783
f 1783 1748 1817
f 1783 1662 1748
f 1747 1659 1650
f 76 29 92
f 383 451 470
f 1748 1662 1660
f 1749 1670 1834
f 366 428 378
f 70 55 44
f 2634 2386 2569
f 1757 1975 1834
f 1834 1975 1958
f 2386 2449 2569
f 80 48 76
f 76 115 80
f 1749 1834 1963
f 1963 1834 1958
f 383 470 372
f 428 366 444
f 2466 2379 2483
f 470 426 372
f 7 14 3
f 2131 2204 2103
f 426 470 497
f 359 444 366
f 2601 2551 2466
f 36 14 7
f 1975 2131 1958
f 426 392 357
f 1975 2203 2131
f 44 36 78
f 451 383 386
f 2294 2204 2131
f 366 378 313
f 2723 2683 2601
f 2320 2204 2294
f 2601 2683 2551
f 2483 2601 2466
f 2386 2361 2203
f 332 383 324
f 2103 1958 2131
f 383 372 324
f 7 38 36
f 2466 2551 2376
f 67 36 38
f 313 323 366
f 1963 1958 2103
f 357 372 426
f 2379 2263 2318
f 2103 2068 1963
f 324 372 357
f 2318 2483 2379
f 357 273 324
f 2 38 7
f 2068 2263 2184
f 400 482 444
f 2723 2875 2810
f 400 444 359
f 2318 2103 2204
f 2 17 38
f 478 404 392
f 2103 2318 2263
f 2068 2103 2263
f 479 560 556
f 1609 1670 1749
f 1670 1609 1469
f 478 479 404
f 387 460 400
f 67 38 73
f 54 50 83
f 1749 1963 1931
f 339 400 359
f 7 3 20
f 20 2 7
f 762 888 816
f 359 323 282
f 860 888 762
f 304 357 392
f 2320 2318 2204
f 282 339 359
f 18 2 20
f 387 400 339
f 18 20 50
f 2614 2542 2694
f 50 20 48
f 2542 2484 2419
f 420 404 479
f 2494 2361 2634
f 2361 2386 2634
f 738 681 608
f 327 392 404
f 2484 2320 2419
f 738 789 681
f 2318 2320 2484
f 404 355 327
f 371 387 317
f 387 339 317
f 13 1 18
f 738 608 702
f 2483 2318 2484
f 404 420 355
f 675 700 750
f 2494 2634 2645
f 497 478 426
f 789 738 834
f 392 426 478
f 750 762 816
f 750 816 818
f 2542 2614 2484
f 700 762 750
f 18 50 54
f 2484 2614 2483
f 54 13 18
f 2483 2614 2601
f 591 609 699
f 44 78 70
f 545 627 554
f 606 714 627
f 681 789 745
f 627 545 606
f 78 36 67
f 681 745 609
f 731 860 762
f 48 80 50
f 2614 2694 2799
f 460 545 554
f 2799 2723 2614
f 2723 2601 2614
f 731 762 661
f 80 121 83
f 699 609 745
f 2875 2723 2799
f 83 50 80
f 472 545 460
f 959 986 865
f 4 13 10
f 929 852 814
f 5 15 4
f 971 1046 929
f 556 617 520
f 472 606 545
f 541 606 472
f 1020 1173 1145
f 661 762 700
f 670 567 627
f 554 627 567
f 760 645 642
f 1024 1020 1105
f 1105 1020 1145
f 15 5 19
f 46 15 19
f 599 700 675
f 46 19 26
f 608 681 609
f 618 700 573
f 10 5 4
f 560 642 645
f 556 560 645
f 522 608 609
f 661 700 618
f 1072 1181 1048
f 721 653 645
f 1705 1739 1841
f 694 627 714
f 700 599 573
f 9 5 33
f 1553 1434 1616
f 721 617 653
f 11 26 19
f 1489 1582 1447
f 527 594 702
f 645 653 556
f 1666 1582 1489
f 702 594 659
f 1532 1666 1489
f 556 653 617
f 1405 1553 1543
f 684 714 606
f 749 714 684
f 21 9 37
f 659 638 706
f 638 659 594
f 1405 1434 1553
f 11 9 21
f 596 684 606
f 675 717 690
f 26 11 31
f 812 749 684
f 52 26 31
f 539 601 638
f 812 684 709
f 16 31 11
f 1275 1434 1405
f 790 662 701
f 1174 1275 1284
f 31 16 53
f 690 592 675
f 612 592 690
f 1275 1405 1284
f 16 30 53
f 541 596 606
f 539 638 594
f 617 701 589
f 608 527 702
f 16 21 40
f 30 16 25
f 1393 1532 1489
f 617 589 520
f 25 40 74
f 16 40 25
f 589 701 662
f 599 675 592
f 1405 1401 1316
f 1316 1284 1405
f 1405 1543 1515
f 684 596 709
f 1393 1600 1532
f 1515 1401 1405
f 1695 1553 1754
f 594 465 539
f 594 527 465
f 748 662 790
f 34 75 30
f 600 709 596
f 25 34 30
f 56 34 25
f 748 657 662
f 1695 1754 1862
f 592 549 500
f 429 539 465
f 1658 1862 1739
f 701 721 785
f 1862 1940 1739
f 75 34 42
f 75 42 68
f 1658 1695 1862
f 617 721 701
f 612 549 592
f 863 790 785
f 34 56 42
f 599 592 534
f 785 790 701
f 1666 1767 1582
f 1543 1553 1695
f 65 57 42
f 1719 1666 1600
f 1600 1666 1532
f 750 782 675
f 1809 1666 1719
f 675 782 717
f 556 484 479
f 750 818 782
f 105 134 123
f 1543 1695 1658
f 1575 1515 1658
f 1739 1575 1658
f 1515 1543 1658
f 420 479 484
f 125 148 143
f 387 472 460
f 522 527 608
f 484 556 520
f 1575 1739 1705
f 113 132 134
f 1323 1282 1234
f 959 1005 986
f 453 527 522
f 492 541 472
f 134 105 113
f 1033 986 1089
f 96 113 105
f 473 573 490
f 1176 1089 1079
f 1175 1159 1234
f 131 143 163
f 412 492 472
f 1283 1176 1235
f 522 448 453
f 1089 1163 1033
f 371 472 387
f 1089 1176 1163
f 403 453 448
f 90 96 105
f 1345 1176 1283
f 131 125 143
f 1176 1327 1163
f 1327 1176 1345
f 1099 1046 971
f 412 472 371
f 473 440 464
f 1099 1104 1046
f 430 420 484
f 1103 1214 1045
f 365 420 430
f 113 96 106
f 131 163 152
f 1383 1331 1214
f 131 93 125
f 471 430 484
f 84 97 106
f 1327 1180 1163
f 84 106 96
f 484 520 471
f 528 522 609
f 609 591 528
f 555 619 618
f 398 430 471
f 619 661 618
f 111 148 125
f 687 731 661
f 492 596 541
f 619 687 661
f 1402 1609 1650
f 662 575 589
f 1590 1650 1659
f 1331 1575 1517
f 196 152 163
f 138 159 132
f 1331 1383 1575
f 536 520 589
f 152 196 203
f 536 589 575
f 106 132 113
f 596 492 600
f 1709 1705 1847
f 561 600 492
f 138 132 117
f 117 132 106
f 555 618 573
f 657 575 662
f 1709 1517 1705
f 1575 1705 1517
f 475 561 492
f 152 203 206
f 138 171 159
f 1660 1574 1589
f 566 575 657
f 546 619 555
f 152 206 174
f 1574 1660 1662
f 471 520 536
f 1282 1323 1402
f 174 206 208
f 1346 1282 1402
f 536 575 483
f 471 536 483
f 1346 1402 1435
f 1402 1504 1435
f 492 412 475
f 97 117 106
f 129 131 152
f 1504 1402 1650
f 448 528 457
f 1650 1590 1504
f 464 546 555
f 129 152 139
f 583 619 546
f 548 561 475
f 1448 1345 1436
f 1436 1505 1448
f 528 448 522
f 483 575 566
f 139 152 174
f 555 573 473
f 1448 1491 1327
f 128 144 138
f 464 555 473
f 161 174 208
f 117 128 138
f 1491 1448 1574
f 488 483 566
f 548 475 442
f 1448 1327 1345
f 161 139 174
f 246 249 313
f 1589 1574 1505
f 1574 1448 1505
f 534 573 599
f 192 249 246
f 73 96 90
f 73 90 67
f 249 282 323
f 84 96 73
f 453 465 527
f 1449 1592 1461
f 573 534 490
f 534 474 490
f 201 192 246
f 1146 1174 1284
f 1185 1284 1316
f 1185 1146 1284
f 93 131 129
f 1105 1145 1184
f 213 229 273
f 93 129 95
f 43 84 73
f 1287 1461 1393
f 465 401 429
f 249 232 282
f 1352 1449 1358
f 439 474 500
f 49 97 84
f 249 192 190
f 406 474 439
f 534 592 474
f 592 500 474
f 1214 1103 1200
f 1200 1103 1098
f 453 403 465
f 403 401 465
f 190 232 249
f 273 304 224
f 1053 1193 1199
f 268 224 304
f 1 4 17
f 1053 1199 1099
f 342 401 403
f 275 332 324
f 338 342 403
f 4 1 13
f 1200 1401 1383
f 1327 1491 1352
f 275 324 273
f 1200 1192 1316
f 17 43 38
f 1401 1200 1316
f 423 490 474
f 73 38 43
f 304 273 357
f 41 54 93
f 1491 1449 1352
f 417 473 423
f 1214 1200 1383
f 473 490 423
f 54 83 93
f 13 54 41
f 1352 1180 1327
f 1180 1352 1252
f 229 275 273
f 423 474 406
f 1168 1105 1184
f 43 17 4
f 342 346 401
f 1193 1024 1168
f 1024 1105 1168
f 327 304 392
f 1316 1192 1185
f 15 43 4
f 1169 1185 1192
f 1245 1252 1358
f 276 339 282
f 43 15 49
f 368 423 406
f 1053 1024 1193
f 276 282 232
f 1072 1245 1181
f 268 304 327
f 1072 1252 1245
f 49 84 43
f 276 317 339
f 1252 1352 1358
f 95 47 93
f 414 531 452
f 93 47 41
f 95 66 47
f 1383 1515 1575
f 1515 1383 1401
f 557 626 531
f 125 83 111
f 234 317 276
f 1592 1491 1662
f 125 93 83
f 314 327 355
f 1574 1662 1491
f 1491 1592 1449
f 547 586 515
f 117 97 91
f 466 557 480
f 232 234 276
f 480 557 531
f 109 129 139
f 232 190 234
f 109 95 129
f 128 117 91
f 128 91 118
f 109 139 161
f 268 327 314
f 466 544 557
f 846 939 826
f 317 234 248
f 314 263 233
f 1232 1213 1315
f 207 248 234
f 491 515 586
f 233 268 314
f 491 586 579
f 150 109 161
f 1275 1232 1315
f 1153 1232 1275
f 466 462 544
f 1077 1213 1232
f 1092 1077 1232
f 49 15 46
f 154 192 145
f 190 192 154
f 1096 1254 1213
f 1077 1096 1213
f 91 49 46
f 1254 1096 1088
f 531 414 480
f 515 493 547
f 966 1087 1095
f 985 1087 966
f 172 191 213
f 172 213 193
f 109 66 95
f 213 273 224
f 49 91 97
f 193 213 224
f 1076 966 1095
f 413 480 414
f 109 79 66
f 493 515 427
f 1164 1288 1311
f 1414 1360 1288
f 1160 1288 1164
f 446 427 515
f 148 191 172
f 150 79 109
f 982 1091 1152
f 982 1152 1061
f 85 118 91
f 148 172 143
f 145 123 134
f 91 46 85
f 1156 1153 1275
f 462 466 413
f 1092 1232 1153
f 79 150 119
f 134 154 145
f 1277 1288 1160
f 171 138 179
f 1061 1155 1173
f 1174 1156 1275
f 193 196 163
f 579 533 491
f 1152 1155 1061
f 163 172 193
f 533 451 491
f 1086 1277 1160
f 413 466 480
f 138 144 179
f 446 515 491
f 143 172 163
f 205 179 144
f 451 446 491
f 939 966 1076
f 374 452 445
f 191 229 213
f 1042 1029 1164
f 374 445 429
f 429 346 374
f 1029 1160 1164
f 982 939 1076
f 205 223 179
f 1091 982 1076
f 374 414 452
f 1086 1160 1029
f 176 234 190
f 233 224 268
f 221 208 261
f 270 288 221
f 256 221 288
f 176 207 234
f 784 862 925
f 154 176 190
f 221 256 212
f 985 1063 1093
f 985 925 1063
f 193 224 233
f 985 1093 1087
f 205 144 165
f 208 184 161
f 941 1117 981
f 184 208 221
f 346 319 374
f 966 925 985
f 966 846 925
f 289 319 346
f 941 1042 1117
f 263 203 233
f 205 165 204
f 362 388 433
f 204 165 155
f 329 414 374
f 862 789 916
f 134 176 154
f 329 374 319
f 981 888 860
f 233 196 193
f 184 221 212
f 196 233 203
f 176 134 132
f 316 388 362
f 235 223 205
f 319 271 329
f 159 176 132
f 860 941 981
f 204 235 205
f 211 207 159
f 171 211 159
f 235 204 260
f 433 493 427
f 784 925 846
f 159 207 176
f 256 288 300
f 203 263 241
f 413 414 353
f 288 335 300
f 235 260 278
f 761 784 846
f 326 300 335
f 427 362 433
f 326 335 379
f 329 353 414
f 309 322 260
f 203 241 206
f 846 966 939
f 1042 941 1029
f 420 365 355
f 378 462 413
f 353 378 413
f 330 371 317
f 365 314 355
f 941 906 1029
f 906 941 843
f 353 313 378
f 843 941 860
f 446 386 427
f 843 860 791
f 212 256 258
f 386 446 451
f 258 256 300
f 430 398 365
f 371 330 412
f 776 843 791
f 471 483 398
f 271 353 329
f 204 238 260
f 330 363 412
f 271 285 353
f 238 309 260
f 1042 1164 1117
f 290 318 332
f 296 238 231
f 427 318 362
f 427 386 318
f 258 300 262
f 300 326 306
f 279 330 248
f 332 318 386
f 262 300 306
f 313 353 285
f 317 248 330
f 826 939 869
f 155 165 144
f 124 155 144
f 284 314 365
f 118 144 128
f 150 161 184
f 263 314 284
f 284 365 328
f 822 915 906
f 118 124 144
f 716 712 826
f 279 363 330
f 188 150 184
f 277 363 279
f 332 386 383
f 716 826 869
f 811 716 869
f 328 365 398
f 396 328 398
f 183 155 141
f 915 822 771
f 184 212 188
f 333 328 396
f 725 811 804
f 442 475 363
f 593 667 696
f 716 811 725
f 475 412 363
f 523 601 539
f 813 915 771
f 396 398 483
f 422 396 483
f 85 124 118
f 523 552 601
f 85 82 124
f 612 667 593
f 918 1061 1020
f 918 982 1061
f 593 549 612
f 151 119 150
f 1061 1173 1020
f 612 690 667
f 1101 1287 1277
f 1287 1101 1181
f 87 119 151
f 422 483 488
f 151 150 188
f 141 155 124
f 1048 1181 1101
f 984 1101 1086
f 869 939 982
f 1029 906 1086
f 442 363 354
f 984 1086 906
f 984 906 915
f 82 141 124
f 277 354 363
f 647 552 531
f 170 151 188
f 869 982 918
f 183 204 155
f 204 231 238
f 373 396 422
f 811 869 918
f 625 547 593
f 204 183 231
f 898 918 1020
f 552 452 531
f 1048 984 915
f 354 468 442
f 898 1020 901
f 214 212 258
f 214 258 262
f 811 918 898
f 188 212 214
f 811 898 804
f 486 422 488
f 435 422 486
f 422 435 373
f 552 523 452
f 1024 901 1020
f 1072 1048 979
f 549 593 511
f 211 279 248
f 211 248 207
f 539 445 523
f 445 539 429
f 813 907 915
f 826 761 846
f 712 761 826
f 241 263 284
f 500 549 439
f 272 262 306
f 445 452 523
f 439 549 511
f 261 241 284
f 511 593 547
f 211 277 279
f 262 230 214
f 547 493 511
f 147 183 141
f 214 170 188
f 277 211 223
f 764 822 843
f 511 493 433
f 843 776 764
f 170 214 230
f 147 222 183
f 302 284 328
f 328 333 302
f 231 183 222
f 261 284 302
f 547 625 637
f 637 586 547
f 222 293 231
f 843 822 906
f 272 230 262
f 776 791 687
f 171 179 211
f 211 179 223
f 764 776 658
f 439 511 433
f 771 822 764
f 272 244 230
f 206 241 261
f 261 208 206
f 388 439 433
f 223 308 277
f 346 429 401
f 406 439 388
f 636 712 716
f 10 41 47
f 10 13 41
f 764 695 771
f 406 388 343
f 695 764 665
f 289 346 342
f 270 261 302
f 286 289 342
f 47 66 33
f 47 33 10
f 240 289 286
f 221 261 270
f 665 764 658
f 286 252 240
f 277 308 354
f 209 240 252
f 1409 1434 1315
f 66 79 33
f 63 86 51
f 288 302 333
f 79 37 33
f 10 33 5
f 252 198 209
f 9 33 37
f 1275 1315 1434
f 396 373 333
f 1447 1277 1489
f 209 198 169
f 137 198 197
f 308 390 354
f 79 60 37
f 137 169 198
f 373 335 333
f 1277 1393 1489
f 308 322 390
f 432 364 457
f 52 46 26
f 46 82 85
f 852 757 814
f 448 457 364
f 757 692 814
f 373 435 434
f 448 344 403
f 270 302 288
f 757 691 692
f 235 308 223
f 60 21 37
f 852 865 757
f 385 443 464
f 119 60 79
f 278 308 235
f 364 344 448
f 919 865 1033
f 919 757 865
f 377 464 440
f 385 464 377
f 333 335 288
f 820 757 919
f 82 46 52
f 349 364 432
f 278 322 308
f 373 434 415
f 335 373 415
f 82 52 71
f 87 40 60
f 572 692 691
f 405 443 385
f 260 322 278
f 498 495 630
f 630 495 651
f 607 485 498
f 60 119 87
f 691 607 572
f 35 63 51
f 607 498 572
f 71 141 82
f 291 344 364
f 147 141 71
f 59 35 51
f 305 291 364
f 334 385 377
f 485 336 495
f 63 35 45
f 457 528 432
f 504 583 546
f 528 538 432
f 495 639 651
f 147 71 103
f 170 74 87
f 27 45 35
f 651 639 787
f 87 151 170
f 506 485 621
f 621 485 607
f 607 755 621
f 64 98 45
f 40 21 60
f 104 98 64
f 755 740 621
f 58 59 108
f 40 87 74
f 464 504 546
f 56 25 74
f 504 464 443
f 58 35 59
f 27 35 58
f 783 921 829
f 103 180 147
f 71 53 103
f 110 58 108
f 62 58 110
f 62 27 58
f 1053 971 921
f 74 170 167
f 829 921 971
f 28 12 24
f 24 12 32
f 349 432 394
f 22 32 12
f 405 504 443
f 919 856 820
f 167 170 230
f 405 454 504
f 919 1027 856
f 921 787 901
f 787 783 651
f 344 338 403
f 921 783 787
f 180 222 147
f 167 230 244
f 180 237 222
f 921 1024 1053
f 340 417 368
f 325 340 368
f 417 440 473
f 116 167 244
f 901 1024 921
f 423 368 417
f 1027 1072 903
f 1072 979 903
f 377 440 417
f 74 167 56
f 1027 903 856
f 56 167 116
f 343 368 406
f 368 343 307
f 757 820 691
f 286 342 338
f 42 56 116
f 755 607 691
f 691 856 755
f 691 820 856
f 325 368 307
f 338 344 292
f 291 292 344
f 75 180 103
f 740 755 879
f 755 856 903
f 879 755 903
f 449 336 485
f 485 506 449
f 292 291 252
f 102 65 116
f 244 243 116
f 417 340 377
f 65 42 116
f 334 377 340
f 334 340 310
f 286 338 292
f 1033 865 986
f 1180 1033 1163
f 252 286 292
f 265 325 269
f 269 325 307
f 919 1033 1180
f 337 405 385
f 311 349 394
f 247 291 305
f 349 305 364
f 337 385 334
f 305 349 311
f 337 334 299
f 181 220 86
f 297 370 294
f 264 311 181
f 311 220 181
f 218 297 294
f 247 264 164
f 164 197 247
f 311 264 305
f 247 305 264
f 228 337 299
f 164 264 181
f 228 294 337
f 370 454 405
f 370 405 337
f 311 394 393
f 370 402 454
f 294 370 337
f 402 370 297
f 310 340 325
f 247 252 291
f 257 310 265
f 334 310 299
f 257 299 310
f 310 325 265
f 247 198 252
f 217 265 269
f 198 247 197
f 228 299 257
f 187 228 257
f 217 257 265
f 210 217 269
f 178 257 217
f 316 343 388
f 226 289 240
f 307 343 316
f 245 319 289
f 303 316 362
f 303 362 318
f 245 271 319
f 226 245 289
f 267 316 303
f 267 307 316
f 1277 1414 1288
f 1277 1447 1414
f 64 45 24
f 1277 1287 1393
f 336 459 495
f 336 358 459
f 22 61 32
f 358 336 283
f 459 358 543
f 508 543 358
f 266 407 283
f 630 692 572
f 498 630 572
f 829 630 783
f 783 630 651
f 485 495 498
f 266 283 281
f 639 495 459
f 369 266 225
f 829 814 692
f 829 692 630
f 971 814 829
f 122 274 202
f 220 122 86
f 806 813 735
f 543 639 459
f 879 907 806
f 656 695 634
f 1834 1670 1757
f 1882 1975 1757
f 1975 1882 2011
f 18 1 2
f 2119 2166 2162
f 2084 2119 2034
f 1641 1882 1757
f 2131 2203 2294
f 1944 2034 1910
f 2361 2294 2203
f 2203 1975 2011
f 2166 2260 2162
f 2260 2166 2228
f 2229 2303 2261
f 2279 2303 2229
f 2356 2303 2376
f 2279 2376 2303
f 2294 2361 2494
f 9 19 5
f 9 11 19
f 1978 2051 1916
f 1910 1978 1809
f 2051 2119 2162
f 16 11 21
f 2034 2119 1978
f 1978 2119 2051
f 1789 1910 1809
f 2034 1978 1910
f 1944 1910 1783
f 1783 1910 1789
f 31 71 52
f 71 31 53
f 865 931 959
f 1000 931 989
f 989 931 852
f 929 989 852
f 852 931 865
f 971 929 814
f 75 53 30
f 75 103 53
f 1517 1641 1483
f 1461 1600 1393
f 1699 1719 1600
f 1699 1600 1592
f 1699 1789 1719
f 1719 1789 1809
f 1783 1789 1699
f 1234 1159 1323
f 1331 1323 1159
f 1006 960 1001
f 1001 960 932
f 1006 1001 1078
f 1078 1001 1159
f 1079 1089 1005
f 1089 986 1005
f 1159 1175 1078
f 1001 990 1045
f 1045 1159 1001
f 989 929 1046
f 1159 1045 1214
f 1159 1214 1331
f 1483 1469 1323
f 1517 1483 1323
f 1323 1331 1517
f 1641 1517 1709
f 2 1 17
f 63 98 86
f 1287 1245 1358
f 63 45 98
f 1245 1287 1181
f 1287 1358 1461
f 1358 1449 1461
f 1783 1699 1662
f 1699 1592 1662
f 1461 1592 1600
f 1101 1277 1086
f 915 907 1048
f 907 979 1048
f 984 1048 1101
f 805 812 709
f 4623 4529 4441
f 4623 4718 4529
f 4529 4377 4441
f 68 57 88
f 718 805 709
f 1729 1669 1840
f 882 805 797
f 797 805 718
f 1669 1765 1840
f 4691 4878 4747
f 1840 1765 1914
f 4739 4823 4672
f 1860 1785 1948
f 88 142 189
f 77 88 57
f 635 718 709
f 4744 4672 4823
f 709 600 635
f 1860 1948 1926
f 1914 2006 1840
f 94 142 88
f 748 680 657
f 4744 4823 4861
f 94 88 77
f 4691 4754 4878
f 1870 1860 1926
f 1752 1860 1870
f 4861 4823 4938
f 94 186 142
f 1925 1947 2016
f 4861 4938 5007
f 1751 1765 1664
f 680 748 799
f 4928 5083 4878
f 723 799 803
f 799 723 680
f 781 797 718
f 4878 4754 4928
f 666 781 718
f 57 65 102
f 4635 4672 4744
f 102 77 57
f 790 863 873
f 2006 1914 2117
f 748 790 873
f 4744 4861 4860
f 4860 4861 5007
f 2016 1947 2024
f 873 1009 891
f 136 94 77
f 4731 4744 4860
f 1869 1925 2016
f 748 873 799
f 799 873 891
f 2021 1914 1906
f 4702 4754 4639
f 1914 2021 2117
f 1938 2016 2080
f 186 94 160
f 4877 4928 4754
f 4702 4877 4754
f 136 160 94
f 892 797 781
f 5010 4860 5007
f 781 917 892
f 4938 5011 5148
f 1691 1752 1805
f 5148 5007 4938
f 5148 5189 5007
f 1805 1752 1870
f 1691 1805 1799
f 823 917 781
f 1869 1800 1806
f 5189 5148 5318
f 309 361 322
f 326 379 360
f 1691 1731 1537
f 1545 1731 1678
f 917 823 890
f 1691 1799 1731
f 5043 5083 4928
f 1009 1007 891
f 892 1003 882
f 1023 1003 892
f 892 882 797
f 5172 5083 5043
f 1730 1850 1679
f 1776 1679 1850
f 1007 1012 923
f 5172 5256 5083
f 1800 1850 1730
f 1654 1679 1776
f 360 379 421
f 891 1007 923
f 1800 1938 1850
f 917 1023 892
f 1167 1012 1007
f 1938 1800 1869
f 917 1085 1023
f 5007 5189 5112
f 411 463 361
f 1938 1869 2016
f 1083 1012 1167
f 411 361 345
f 345 361 309
f 5010 5007 5112
f 395 411 345
f 5112 5189 5251
f 2018 1850 1938
f 803 891 923
f 891 803 799
f 5240 5256 5172
f 923 855 803
f 2508 2609 2658
f 2501 2513 2684
f 384 360 447
f 5172 5043 5240
f 360 421 447
f 1012 949 923
f 855 923 949
f 949 1012 1083
f 2602 2508 2658
f 309 238 296
f 4744 4731 4635
f 2714 2684 2513
f 600 561 635
f 4558 4635 4731
f 4728 4558 4731
f 2783 2658 2802
f 4731 4860 4851
f 4728 4731 4851
f 306 326 360
f 680 566 657
f 4718 4877 4702
f 351 360 384
f 635 548 666
f 635 561 548
f 2783 2602 2658
f 351 306 360
f 635 666 718
f 2714 2513 2740
f 5043 4928 4877
f 2612 2740 2513
f 345 309 296
f 4860 5010 4851
f 666 548 603
f 629 680 723
f 646 629 723
f 2860 2867 2714
f 348 345 296
f 603 710 666
f 728 723 803
f 4728 4603 4558
f 345 348 395
f 4692 4603 4728
f 629 566 680
f 4692 4728 4868
f 351 384 389
f 551 566 629
f 2741 2602 2783
f 516 603 548
f 646 551 629
f 2602 2741 2657
f 4868 4728 4851
f 437 529 411
f 4795 5020 4877
f 2468 2602 2657
f 4623 4795 4718
f 395 437 411
f 4718 4795 4877
f 646 723 728
f 421 489 494
f 494 447 421
f 507 494 550
f 447 494 507
f 5096 5043 4877
f 4851 5010 5000
f 710 781 666
f 2459 2606 2612
f 2593 2451 2657
f 5020 5096 4877
f 710 823 781
f 778 823 710
f 5096 5240 5043
f 524 529 437
f 2428 2451 2593
f 5208 5010 5112
f 5251 5208 5112
f 728 803 855
f 5240 5096 5325
f 855 742 728
f 5000 5010 5208
f 2482 2428 2593
f 2394 2428 2482
f 5096 5201 5325
f 2201 2217 2256
f 4851 5000 4868
f 742 855 881
f 2200 2215 2160
f 778 890 823
f 507 590 595
f 595 509 507
f 2141 2122 2215
f 710 603 679
f 5033 5020 4795
f 4868 5000 5082
f 679 778 710
f 5082 5000 5208
f 2304 2141 2215
f 587 679 603
f 2151 2289 2193
f 2304 2182 2141
f 5082 5208 5227
f 5201 5096 5020
f 728 643 646
f 2040 2075 2182
f 2182 2075 2141
f 728 742 643
f 5033 5201 5020
f 447 436 384
f 778 679 798
f 5227 5084 5082
f 447 507 509
f 436 447 509
f 742 881 853
f 2024 2040 2182
f 389 384 436
f 2138 2024 2182
f 2339 2365 2538
f 2530 2377 2519
f 2117 2151 2006
f 2464 2377 2530
f 673 798 679
f 455 437 395
f 2377 2464 2334
f 742 853 743
f 855 949 881
f 917 890 1028
f 2016 2024 2138
f 455 524 437
f 1083 1167 1243
f 2522 2464 2530
f 2138 2182 2276
f 2498 2538 2365
f 2498 2635 2538
f 1243 1230 1083
f 509 514 436
f 2016 2138 2080
f 1085 917 1080
f 2594 2633 2695
f 2695 2767 2594
f 2638 2606 2459
f 2594 2767 2674
f 2521 2531 2594
f 2517 2521 2594
f 2517 2594 2674
f 1080 1290 1085
f 231 293 296
f 1080 1300 1290
f 1102 1083 1230
f 2416 2334 2464
f 2416 2464 2518
f 2390 2365 2221
f 1255 1300 1080
f 2384 2277 2334
f 2380 2277 2384
f 2416 2384 2334
f 1240 1230 1301
f 2381 2385 2415
f 2316 2441 2481
f 1240 1301 1384
f 917 1028 1080
f 2517 2463 2521
f 315 272 306
f 949 1083 991
f 2248 2441 2316
f 315 306 351
f 2390 2498 2365
f 2452 2314 2438
f 2390 2592 2498
f 991 1083 1102
f 2381 2415 2480
f 2480 2415 2517
f 2382 2441 2248
f 949 991 881
f 293 348 296
f 2592 2635 2498
f 2592 2717 2635
f 991 1102 997
f 2414 2314 2452
f 399 348 293
f 2674 2622 2517
f 1102 1230 1240
f 1240 997 1102
f 1028 1255 1080
f 389 376 351
f 997 1240 1150
f 2169 2382 2248
f 2717 2744 2635
f 2169 2339 2382
f 2238 2305 2377
f 2334 2238 2377
f 2767 2798 2908
f 2169 2221 2339
f 2717 2918 2744
f 222 237 293
f 2339 2221 2365
f 272 315 244
f 2674 2767 2833
f 1437 1300 1255
f 2717 2891 2918
f 280 293 237
f 2767 2908 2833
f 1502 1384 1523
f 2908 3089 3022
f 2908 3022 2833
f 2887 2833 3022
f 1603 1437 1422
f 351 376 315
f 1523 1621 1502
f 399 293 350
f 2891 3066 2918
f 1255 1422 1437
f 1502 1366 1384
f 2327 2221 2207
f 350 293 280
f 376 331 315
f 2950 3066 2891
f 350 280 321
f 1266 1150 1240
f 2299 2207 2129
f 2950 3152 3066
f 321 375 350
f 1100 1255 1028
f 1776 1906 1751
f 399 395 348
f 2756 2674 2833
f 1150 1266 1109
f 2773 2891 2717
f 1266 1240 1384
f 399 455 395
f 2773 2950 2891
f 1266 1384 1366
f 2592 2773 2717
f 2674 2756 2622
f 1208 1422 1255
f 1255 1100 1208
f 469 436 514
f 1906 1943 2078
f 2887 2756 2833
f 1424 1422 1208
f 1943 2104 2078
f 2917 2950 2773
f 389 436 469
f 1366 1502 1522
f 1236 1266 1366
f 2887 3022 3011
f 1366 1522 1392
f 1943 1776 1850
f 3093 3152 2950
f 455 399 502
f 469 514 521
f 937 1028 890
f 2018 1938 2080
f 890 778 798
f 798 937 890
f 1850 2018 1943
f 2293 2277 2380
f 2327 2390 2221
f 476 502 399
f 937 798 858
f 2217 2277 2293
f 2217 2293 2256
f 2067 1943 2018
f 2067 2018 2180
f 2369 2327 2207
f 376 389 469
f 2860 2714 2740
f 2381 2480 2387
f 2381 2387 2292
f 945 937 858
f 2972 2867 2860
f 2525 2390 2327
f 375 399 350
f 2327 2369 2525
f 885 945 858
f 441 376 469
f 2480 2517 2622
f 2783 2802 2970
f 2970 3005 2783
f 2525 2592 2390
f 881 991 997
f 376 391 331
f 997 853 881
f 391 376 441
f 2597 2480 2622
f 2640 2592 2525
f 853 997 977
f 2480 2502 2387
f 2502 2480 2597
f 1028 937 1100
f 2907 2783 3005
f 997 1150 1109
f 375 476 399
f 997 1109 977
f 2930 2972 2860
f 441 469 513
f 2299 2369 2207
f 945 1100 937
f 2255 2292 2387
f 513 469 521
f 1109 1044 977
f 409 476 375
f 2255 2215 2200
f 853 977 893
f 2193 2299 2129
f 2341 2215 2255
f 893 977 1044
f 2341 2255 2387
f 2749 2740 2612
f 2749 2612 2606
f 910 893 1044
f 2907 2741 2783
f 2502 2341 2387
f 620 529 524
f 595 590 676
f 1266 1236 1109
f 2740 2930 2860
f 1071 1208 1100
f 1071 1100 945
f 595 676 693
f 1044 1109 1236
f 2662 2502 2597
f 1161 1044 1236
f 2657 2741 2907
f 2512 2701 2525
f 2780 2657 2907
f 2512 2369 2299
f 1286 1424 1208
f 2949 2780 2907
f 2930 2740 2749
f 2749 2980 2930
f 2512 2525 2369
f 1071 1286 1208
f 2630 2502 2662
f 1161 1236 1291
f 605 595 693
f 1244 1286 1071
f 1236 1366 1392
f 2880 2980 2749
f 1236 1392 1291
f 795 801 693
f 2525 2701 2640
f 2770 2622 2756
f 2640 2773 2592
f 2770 2756 2887
f 652 683 620
f 945 1055 1071
f 910 1044 1018
f 885 1055 945
f 605 693 697
f 2907 3005 3101
f 2838 2917 2773
f 1161 1018 1044
f 2597 2622 2770
f 697 693 801
f 2972 2930 3086
f 3005 3156 3223
f 1244 1071 1055
f 2773 2640 2701
f 509 595 605
f 2701 2838 2773
f 1291 1222 1161
f 514 509 605
f 3101 3005 3223
f 2770 2887 2955
f 2955 2887 3011
f 3180 3231 3086
f 2980 3086 2930
f 2857 2770 2955
f 577 620 524
f 652 620 577
f 2994 2857 2955
f 1051 1161 1222
f 1122 1244 1055
f 2955 3011 3123
f 2917 3093 2950
f 502 524 455
f 502 577 524
f 3180 3086 2980
f 3018 3093 2917
f 514 605 597
f 468 516 442
f 442 516 548
f 566 551 488
f 2662 2597 2770
f 3413 3231 3180
f 486 488 551
f 2770 2857 2662
f 3223 3348 3339
f 551 563 499
f 3312 3223 3339
f 468 587 516
f 587 603 516
f 2727 2662 2857
f 551 646 563
f 2662 2727 2630
f 3101 3223 3312
f 563 646 643
f 2838 2701 2705
f 597 605 697
f 2949 2907 3101
f 697 660 597
f 563 643 611
f 660 697 756
f 390 468 354
f 390 501 468
f 2917 2838 3018
f 3045 3180 2980
f 499 486 551
f 2957 3018 2838
f 435 486 499
f 434 435 499
f 2995 2949 3113
f 468 501 587
f 2949 3101 3113
f 3195 3089 3210
f 3195 3210 3303
f 652 769 683
f 505 581 501
f 3022 3089 3195
f 532 499 563
f 769 729 821
f 3276 3152 3093
f 3195 3011 3022
f 3195 3123 3011
f 3113 3101 3237
f 729 769 652
f 801 815 697
f 3195 3311 3123
f 581 679 587
f 3180 3427 3413
f 679 581 673
f 3307 3123 3311
f 587 501 581
f 611 643 669
f 3125 2955 3123
f 669 643 742
f 3018 3172 3093
f 581 623 673
f 3125 3123 3307
f 2994 2955 3125
f 743 669 742
f 3180 3045 3254
f 739 798 673
f 3095 3172 3018
f 801 895 815
f 3112 3125 3259
f 3237 3101 3312
f 3254 3427 3180
f 3307 3259 3125
f 2994 3125 3112
f 623 739 673
f 623 737 739
f 3237 3312 3390
f 3237 3390 3356
f 3295 3237 3356
f 3095 3251 3172
f 532 563 611
f 928 895 970
f 2957 3095 3018
f 821 883 769
f 895 928 815
f 3288 3237 3295
f 505 623 581
f 565 611 644
f 3294 3355 3428
f 3334 3511 3254
f 3112 3259 3199
f 883 821 894
f 644 669 743
f 3259 3304 3199
f 756 697 815
f 669 644 611
f 580 623 505
f 759 644 743
f 623 580 737
f 756 815 880
f 3276 3271 3152
f 3271 3276 3449
f 397 501 390
f 3491 3398 3303
f 2638 2749 2606
f 3400 3271 3449
f 390 322 397
f 928 880 815
f 3400 3449 3582
f 2593 2657 2763
f 3195 3303 3398
f 3311 3195 3398
f 3398 3558 3433
f 397 505 501
f 3518 3449 3276
f 2638 2880 2749
f 2763 2657 2780
f 505 397 419
f 463 505 419
f 2763 2780 2898
f 434 499 532
f 477 434 532
f 2898 2780 2949
f 434 477 415
f 3398 3433 3311
f 335 415 379
f 3378 3518 3276
f 361 397 322
f 521 514 597
f 564 577 502
f 3307 3311 3433
f 397 361 419
f 2638 2774 2880
f 3664 3558 3570
f 476 564 502
f 2878 2763 2898
f 3398 3570 3558
f 578 521 597
f 463 419 361
f 379 415 477
f 421 379 477
f 3660 3582 3449
f 421 477 489
f 3660 3705 3837
f 578 597 649
f 3518 3660 3449
f 3660 3518 3705
f 505 463 580
f 2593 2763 2692
f 565 532 611
f 3725 3664 3771
f 2774 2638 2556
f 564 652 577
f 640 652 564
f 489 477 532
f 2482 2593 2591
f 532 565 489
f 3837 3705 3903
f 3664 3725 3558
f 649 597 660
f 550 565 616
f 489 565 550
f 2591 2593 2692
f 3725 3771 3860
f 616 565 644
f 3866 3903 3705
f 2591 2692 2775
f 2661 2774 2556
f 2692 2763 2775
f 529 650 580
f 513 521 578
f 3476 3433 3558
f 3476 3558 3614
f 2775 2763 2878
f 535 564 476
f 3614 3558 3725
f 411 529 463
f 2880 2774 2977
f 3483 3518 3378
f 3483 3705 3518
f 2774 2661 2863
f 494 489 550
f 3725 3860 3859
f 568 513 578
f 529 580 463
f 2878 2897 2775
f 2774 2863 2977
f 2949 2995 2898
f 3776 3614 3725
f 535 640 564
f 2980 2880 3045
f 3637 3705 3483
f 3866 3705 3637
f 585 640 535
f 3776 3725 3859
f 550 616 590
f 507 550 590
f 2878 2898 2975
f 2898 2995 2975
f 3172 3276 3093
f 2975 2995 3059
f 3378 3276 3172
f 649 622 578
f 3059 2995 3113
f 853 808 743
f 640 585 686
f 2977 3045 2880
f 3251 3378 3172
f 808 853 893
f 798 739 858
f 3307 3433 3476
f 2878 2975 2897
f 858 739 737
f 649 660 720
f 759 743 808
f 3045 3209 3254
f 682 649 720
f 3251 3483 3378
f 3059 3113 3162
f 737 885 858
f 578 622 568
f 808 893 910
f 649 682 622
f 3113 3237 3229
f 3237 3288 3229
f 3259 3307 3472
f 3113 3229 3162
f 838 808 910
f 838 759 808
f 733 729 652
f 733 652 640
f 3334 3254 3209
f 3189 3162 3227
f 3212 3209 3045
f 3334 3209 3212
f 686 733 640
f 3327 3228 3287
f 580 650 737
f 3476 3472 3307
f 644 759 754
f 660 756 720
f 752 825 737
f 650 752 737
f 810 720 756
f 3092 3059 3162
f 3472 3476 3614
f 3614 3616 3472
f 2977 3212 3045
f 756 880 810
f 754 759 838
f 825 885 737
f 838 910 897
f 2897 2975 3036
f 2975 3059 3092
f 2975 3092 3103
f 3036 2975 3103
f 3178 3212 2977
f 752 833 825
f 3147 3162 3189
f 3092 3162 3147
f 838 897 796
f 773 720 810
f 3866 3637 3813
f 729 733 821
f 3148 3190 3243
f 3190 3228 3327
f 3243 3190 3327
f 779 821 733
f 3102 3091 3148
f 3616 3614 3776
f 935 1055 885
f 810 880 896
f 3102 3148 3243
f 779 894 821
f 3693 3813 3637
f 894 779 857
f 825 935 885
f 3472 3429 3259
f 833 935 825
f 914 935 833
f 896 880 963
f 3416 3483 3251
f 3178 3362 3212
f 3178 3234 3362
f 3339 3478 3426
f 3416 3576 3483
f 3426 3478 3486
f 3312 3339 3426
f 3304 3259 3429
f 3607 3485 3537
f 1051 1018 1161
f 897 910 1018
f 3429 3472 3616
f 3427 3511 3602
f 3312 3426 3390
f 3499 3425 3485
f 773 682 720
f 3389 3425 3499
f 897 1018 1051
f 3429 3616 3544
f 686 779 733
f 3544 3616 3686
f 3576 3637 3483
f 1119 1051 1222
f 3693 3637 3576
f 935 1122 1055
f 1021 1122 935
f 3499 3485 3607
f 682 773 736
f 1122 1021 1144
f 3511 3762 3602
f 3701 3607 3734
f 3701 3734 3840
f 2304 2215 2341
f 1051 968 897
f 3499 3607 3701
f 877 897 968
f 3610 3499 3701
f 3762 3511 3715
f 817 773 810
f 935 914 1021
f 807 857 779
f 968 1051 1119
f 2299 2193 2289
f 896 817 810
f 2304 2375 2182
f 3389 3499 3428
f 3511 3427 3254
f 817 896 904
f 886 857 807
f 3355 3389 3428
f 807 779 686
f 2304 2341 2485
f 1021 914 1037
f 2485 2341 2502
f 1066 968 1119
f 2375 2304 2485
f 3287 3294 3428
f 2299 2488 2512
f 2289 2488 2299
f 2289 2430 2488
f 644 754 616
f 3334 3470 3511
f 3428 3499 3610
f 616 754 698
f 3504 3428 3610
f 2485 2502 2630
f 173 237 180
f 243 244 315
f 650 671 752
f 2151 2282 2289
f 796 754 838
f 2324 2182 2375
f 3715 3511 3470
f 2117 2282 2151
f 3504 3610 3617
f 3733 3715 3470
f 3617 3610 3803
f 3617 3803 3742
f 2276 2182 2324
f 331 243 315
f 754 796 698
f 173 280 237
f 752 671 751
f 2282 2430 2289
f 529 671 650
f 590 616 698
f 3897 3948 3762
f 529 620 671
f 3990 3955 3840
f 3701 3840 3955
f 3803 3701 3955
f 2282 2429 2430
f 2324 2375 2479
f 676 590 698
f 2485 2568 2375
f 236 321 280
f 2589 2488 2430
f 3610 3701 3803
f 796 676 698
f 3287 3428 3414
f 236 320 321
f 3414 3428 3504
f 3327 3287 3414
f 620 751 671
f 2705 2512 2488
f 676 796 795
f 2642 2485 2630
f 693 676 795
f 2568 2485 2642
f 620 683 751
f 75 173 180
f 2589 2705 2488
f 2642 2630 2727
f 3334 3212 3470
f 864 914 833
f 833 752 751
f 751 864 833
f 102 116 243
f 102 243 219
f 3504 3474 3414
f 2568 2642 2707
f 2479 2375 2568
f 2589 2430 2653
f 3567 3733 3470
f 2429 2653 2430
f 769 751 683
f 3617 3742 3656
f 769 864 751
f 3617 3474 3504
f 883 864 769
f 3474 3617 3656
f 219 243 331
f 796 897 877
f 2701 2512 2705
f 3474 3243 3327
f 3362 3470 3212
f 3336 3243 3474
f 943 877 968
f 3474 3327 3414
f 795 877 943
f 236 173 88
f 88 189 236
f 3567 3470 3362
f 968 1066 943
f 864 1037 914
f 287 200 219
f 2727 2857 2807
f 2957 2838 2831
f 2831 2838 2705
f 943 1066 1111
f 2959 2857 2994
f 280 173 236
f 2807 2857 2959
f 3336 3474 3503
f 895 943 1010
f 331 287 219
f 2642 2727 2807
f 988 1037 864
f 1010 943 1111
f 3631 3503 3474
f 287 331 391
f 795 796 877
f 3631 3474 3656
f 943 801 795
f 895 801 943
f 2807 2959 2871
f 320 236 189
f 2926 2957 2831
f 2705 2589 2653
f 3897 3762 3715
f 883 988 864
f 2707 2642 2807
f 320 375 321
f 2653 2831 2705
f 4063 3948 3897
f 3990 4129 4141
f 2707 2807 2871
f 4063 4233 4097
f 970 895 1010
f 3897 4018 4063
f 2926 2831 2902
f 3955 3990 4141
f 320 409 375
f 4035 3955 4141
f 1697 1603 1587
f 1587 1603 1422
f 2664 2707 2834
f 2834 2707 2871
f 4174 4063 4018
f 3733 3897 3715
f 2764 2831 2653
f 380 409 320
f 2764 2902 2831
f 1502 1621 1522
f 3803 3955 3931
f 1424 1587 1422
f 2152 2282 2117
f 3886 3803 3931
f 3873 3897 3733
f 461 476 409
f 2282 2152 2264
f 2152 2117 2021
f 3931 3955 4035
f 2080 2138 2208
f 2138 2276 2208
f 438 391 441
f 380 461 409
f 3873 4018 3897
f 513 438 441
f 438 513 518
f 4018 3873 4062
f 1516 1587 1424
f 4062 4174 4018
f 2276 2324 2479
f 189 142 295
f 320 189 295
f 1645 1548 1522
f 2315 2208 2276
f 1565 1710 1516
f 3670 3780 3567
f 3515 3567 3362
f 2104 2264 2078
f 2104 2265 2264
f 356 287 391
f 2264 2429 2282
f 3515 3670 3567
f 1424 1286 1516
f 1396 1516 1286
f 1392 1522 1548
f 438 356 391
f 2315 2276 2434
f 2479 2434 2276
f 1291 1392 1374
f 3780 3873 3733
f 3803 3886 3742
f 2444 2429 2264
f 1565 1516 1396
f 295 380 320
f 3755 3656 3742
f 3780 3733 3567
f 255 287 356
f 3755 3742 3886
f 356 381 255
f 1548 1686 1500
f 2080 2180 2018
f 1392 1548 1500
f 2180 2080 2208
f 2315 2180 2208
f 1374 1392 1500
f 2296 2180 2315
f 1396 1541 1565
f 186 352 295
f 3886 3931 4059
f 3991 4062 3873
f 4059 3931 4035
f 1588 1500 1686
f 2067 2180 2174
f 461 380 416
f 1291 1374 1222
f 1244 1396 1286
f 3991 3873 3780
f 3886 4059 4008
f 1262 1244 1122
f 1262 1400 1244
f 2315 2431 2296
f 2434 2431 2315
f 381 438 518
f 295 416 380
f 3631 3656 3755
f 2444 2653 2429
f 438 381 356
f 1244 1400 1396
f 1374 1322 1222
f 3850 3755 3886
f 2568 2664 2479
f 2568 2707 2664
f 3670 3835 3780
f 352 416 295
f 2434 2479 2532
f 3631 3755 3716
f 2664 2532 2479
f 1400 1541 1396
f 2431 2434 2532
f 3716 3755 3850
f 1458 1500 1588
f 3991 3780 3835
f 3850 3886 4008
f 1322 1374 1458
f 2174 2265 2104
f 1458 1374 1500
f 3939 3850 4008
f 2444 2265 2402
f 2402 2265 2371
f 3969 3991 3835
f 1565 1541 1723
f 200 77 102
f 102 219 200
f 1541 1400 1542
f 4050 3939 4008
f 77 200 136
f 1588 1605 1458
f 2371 2533 2402
f 2661 2556 2481
f 2533 2371 2490
f 2591 2775 2709
f 136 200 255
f 2651 2533 2490
f 2591 2548 2482
f 1522 1621 1690
f 1522 1690 1645
f 2174 2371 2265
f 2174 2180 2296
f 2624 2661 2481
f 2296 2371 2174
f 2548 2591 2709
f 1587 1839 1697
f 1813 1821 1690
f 1839 1587 1744
f 136 255 239
f 1821 1813 1907
f 200 287 255
f 1645 1690 1821
f 2490 2371 2431
f 2557 2431 2532
f 2431 2557 2490
f 2371 2296 2431
f 2897 2709 2775
f 2624 2863 2661
f 254 186 160
f 160 136 239
f 2653 2444 2596
f 1645 1821 1725
f 1516 1744 1587
f 1516 1710 1744
f 2596 2764 2653
f 1548 1645 1725
f 2816 2863 2624
f 2596 2651 2764
f 2779 2709 2897
f 2779 2897 2932
f 2399 2482 2548
f 2399 2548 2438
f 2682 2532 2664
f 2709 2671 2548
f 2548 2671 2549
f 239 255 381
f 1858 1839 1744
f 2548 2549 2438
f 2452 2438 2549
f 2624 2481 2441
f 2624 2441 2646
f 239 381 410
f 2804 2664 2834
f 2682 2664 2804
f 1907 2012 1821
f 1873 1821 2012
f 461 535 476
f 535 461 512
f 1858 2032 1839
f 2709 2779 2671
f 1952 2032 1858
f 2012 1907 2135
f 2671 2779 2809
f 2490 2604 2651
f 512 585 535
f 2646 2816 2624
f 2088 2032 1952
f 2194 2012 2135
f 2932 2809 2779
f 512 461 416
f 2043 2012 2194
f 2902 2764 2920
f 2913 2920 2764
f 2671 2809 2750
f 2682 2804 2844
f 628 686 585
f 2809 2856 2750
f 2804 2943 2844
f 352 186 254
f 1710 1858 1744
f 2932 2897 2965
f 2682 2557 2532
f 1725 1821 1873
f 2819 2816 2646
f 1710 1824 1858
f 3036 2998 2897
f 2490 2557 2604
f 2965 2897 2998
f 352 512 416
f 512 352 540
f 2730 2557 2682
f 1725 1873 1686
f 3058 3037 3102
f 3058 2997 3037
f 410 381 518
f 3030 3178 2977
f 2977 2863 3030
f 2604 2557 2730
f 1686 1873 1803
f 2730 2682 2844
f 2964 2997 3058
f 1952 1858 1824
f 2994 3081 2959
f 1950 1952 1824
f 3102 3243 3194
f 2926 3049 2957
f 518 513 568
f 3081 2994 3112
f 3194 3058 3102
f 3194 3153 3058
f 1873 2012 2043
f 3049 3095 2957
f 518 568 622
f 3173 3095 3049
f 3030 3234 3178
f 3194 3243 3336
f 1960 1873 2043
f 682 678 622
f 2959 3081 3008
f 1548 1725 1686
f 3081 3112 3199
f 3173 3251 3095
f 3030 2863 2816
f 2933 2964 3058
f 3058 2928 2933
f 678 584 622
f 1723 1710 1565
f 3008 3081 3191
f 2932 2929 2809
f 3191 3081 3199
f 2856 2809 2929
f 3191 3199 3304
f 2819 3030 2816
f 3015 3030 2819
f 2928 3058 3046
f 1686 1715 1588
f 2834 2871 3008
f 3015 3144 3030
f 1803 1715 1686
f 410 518 584
f 3008 2871 2959
f 3194 3278 3153
f 1824 1710 1723
f 3046 3058 3153
f 2902 3049 2926
f 518 622 584
f 512 540 585
f 1723 1950 1824
f 628 585 540
f 3030 3144 3234
f 3049 3064 3173
f 624 584 678
f 1770 1950 1723
f 3049 2902 3064
f 1803 1873 1960
f 3166 3008 3191
f 1848 1803 1960
f 1848 1960 2003
f 1723 1541 1542
f 1715 1605 1588
f 2441 2526 2646
f 3057 3008 3166
f 2549 2671 2650
f 2452 2549 2558
f 2558 2549 2650
f 1542 1770 1723
f 2441 2382 2526
f 2834 3008 2943
f 1542 1698 1770
f 1715 1803 1848
f 2804 2834 2943
f 2943 3008 3057
f 2646 2526 2669
f 2902 2920 3064
f 1829 1770 1698
f 817 736 773
f 2920 3056 3064
f 1715 1848 1605
f 685 686 628
f 2650 2671 2750
f 678 682 736
f 2819 2646 2669
f 1848 1712 1605
f 736 741 678
f 2870 2750 2856
f 685 770 686
f 2870 2790 2750
f 736 817 845
f 2651 2604 2742
f 2730 2742 2604
f 2650 2750 2790
f 2790 2753 2650
f 770 807 686
f 2742 2853 2913
f 1952 2099 2088
f 2099 2209 2088
f 2414 2452 2558
f 1960 2043 2156
f 2414 2558 2519
f 2971 2913 2853
f 2414 2377 2305
f 2414 2519 2377
f 2339 2526 2382
f 1950 2099 1952
f 736 845 741
f 2853 2730 2844
f 2853 2844 2971
f 861 807 770
f 3173 3416 3251
f 2003 1960 2156
f 2538 2526 2339
f 2099 2114 2284
f 2114 2099 1950
f 3328 3416 3173
f 2519 2595 2530
f 2538 2669 2526
f 2558 2650 2632
f 2088 2209 2280
f 2519 2558 2632
f 845 936 867
f 3222 3328 3173
f 3191 3379 3166
f 628 540 685
f 2696 2632 2650
f 2352 2359 2194
f 3222 3173 3064
f 2696 2650 2753
f 2199 2194 2359
f 2194 2199 2043
f 2695 2752 2798
f 2595 2519 2632
f 3056 3208 3222
f 2538 2744 2669
f 2767 2695 2798
f 2209 2383 2280
f 2284 2383 2209
f 685 540 569
f 3222 3208 3317
f 624 678 741
f 3222 3317 3358
f 2669 2851 2819
f 624 741 726
f 2199 2359 2275
f 711 685 569
f 2669 2744 2851
f 2635 2744 2538
f 2389 2275 2359
f 3429 3544 3379
f 3304 3429 3379
f 2869 2855 2928
f 2928 3046 2869
f 711 770 685
f 2851 3015 2819
f 819 770 711
f 2869 3046 3084
f 3191 3304 3379
f 2901 2869 3084
f 819 861 770
f 2901 2789 2869
f 2752 2789 2901
f 2199 2156 2043
f 672 726 800
f 3328 3502 3416
f 2099 2284 2209
f 2199 2275 2156
f 3084 3046 3153
f 3502 3576 3416
f 2901 3084 3032
f 3666 3544 3686
f 845 726 741
f 2295 2275 2389
f 3489 3379 3544
f 726 845 867
f 800 726 867
f 3544 3666 3489
f 3084 3153 3264
f 3144 3015 3196
f 3576 3723 3693
f 3576 3502 3723
f 2284 2114 2191
f 2156 2275 2295
f 3134 3196 3015
f 254 160 250
f 3606 3723 3502
f 2514 2383 2501
f 3210 3084 3264
f 2383 2284 2501
f 3166 3379 3329
f 250 341 254
f 2359 2493 2609
f 2508 2359 2609
f 160 239 250
f 2798 2752 2901
f 3358 3328 3222
f 3502 3328 3358
f 2508 2389 2359
f 298 239 410
f 2284 2513 2501
f 2908 2901 3032
f 298 250 239
f 2908 2798 2901
f 2851 2744 2918
f 3329 3379 3489
f 3089 2908 3032
f 2191 2424 2284
f 2918 3015 2851
f 2424 2513 2284
f 3134 3015 2918
f 431 540 352
f 3358 3317 3461
f 3358 3461 3502
f 3066 3134 2918
f 3210 3032 3084
f 425 410 526
f 3461 3317 3434
f 2468 2508 2602
f 3606 3502 3461
f 3089 3032 3210
f 2468 2295 2389
f 298 410 425
f 3066 3271 3134
f 2389 2508 2468
f 3489 3666 3519
f 2612 2513 2424
f 3438 3336 3503
f 3278 3194 3336
f 3278 3336 3438
f 3726 3519 3666
f 2424 2459 2612
f 1950 1770 1974
f 3726 3639 3519
f 3421 3362 3234
f 298 341 250
f 3438 3503 3559
f 3434 3594 3599
f 2146 2003 2156
f 1950 1974 2114
f 3234 3144 3421
f 3713 3606 3599
f 540 431 569
f 3594 3806 3599
f 3144 3196 3421
f 3278 3264 3153
f 3461 3434 3599
f 3599 3606 3461
f 431 450 569
f 3264 3278 3399
f 3399 3278 3438
f 3806 3594 3760
f 1974 2191 2114
f 2090 2191 1974
f 1974 1770 1829
f 3399 3423 3264
f 3222 3064 3056
f 526 570 425
f 2943 3097 2844
f 3097 2943 3057
f 3134 3376 3196
f 2002 1848 2003
f 1861 1974 1829
f 3097 3133 2971
f 3423 3210 3264
f 3097 3057 3166
f 367 298 425
f 3152 3271 3066
f 1838 1848 2002
f 3421 3515 3362
f 3289 3097 3329
f 2146 2002 2003
f 3636 3670 3515
f 584 526 410
f 3559 3503 3631
f 584 624 526
f 3559 3631 3716
f 3056 2913 2971
f 1861 2090 1974
f 2971 3165 3056
f 3208 3056 3165
f 3524 3438 3559
f 624 570 526
f 3524 3559 3644
f 382 450 341
f 3133 3097 3289
f 341 298 382
f 3376 3421 3196
f 367 382 298
f 3289 3302 3133
f 3165 3133 3302
f 3636 3515 3421
f 3524 3399 3438
f 2146 2156 2295
f 2971 2844 3097
f 382 367 424
f 3166 3329 3097
f 3569 3636 3421
f 3569 3763 3636
f 3376 3569 3421
f 2295 2262 2146
f 3519 3329 3489
f 2127 2002 2146
f 3519 3289 3329
f 2262 2218 2146
f 3604 3524 3644
f 3519 3440 3289
f 3569 3542 3704
f 3440 3302 3289
f 450 631 569
f 2127 2146 2218
f 382 525 450
f 3670 3636 3835
f 525 382 487
f 487 382 424
f 3636 3763 3835
f 2191 2326 2424
f 3770 3716 3850
f 3302 3317 3208
f 3302 3208 3165
f 3302 3434 3317
f 3644 3559 3716
f 3644 3716 3770
f 2326 2191 2090
f 3440 3519 3639
f 3594 3440 3639
f 3770 3850 3939
f 2451 2295 2468
f 3639 3760 3594
f 3835 3763 3969
f 424 367 425
f 2262 2295 2451
f 3860 3771 3968
f 2451 2428 2262
f 424 425 570
f 2459 2424 2326
f 3763 3861 3969
f 2657 2451 2468
f 3861 4044 3969
f 4014 3860 3968
f 424 570 558
f 2259 2459 2326
f 3763 3569 3704
f 3811 3644 3770
f 424 558 487
f 3859 3860 4014
f 3604 3644 3811
f 2459 2391 2556
f 2638 2459 2556
f 3961 3859 4014
f 3704 3861 3763
f 2259 2326 2090
f 3961 4014 4112
f 3747 3604 3811
f 2090 2137 2259
f 3837 3903 4079
f 4079 4073 3837
f 3811 3770 3939
f 3811 3939 3952
f 570 624 726
f 3903 3866 4079
f 3861 3895 4044
f 4057 4044 3895
f 3861 3704 3895
f 631 711 569
f 2218 2262 2428
f 570 726 672
f 4256 4112 4111
f 2250 2218 2428
f 3887 3811 3952
f 4195 4079 4277
f 4014 3968 4111
f 4014 4111 4112
f 2391 2459 2259
f 4079 4058 4277
f 3376 3134 3271
f 3866 4058 4079
f 3376 3271 3400
f 3940 4058 3866
f 3399 3524 3604
f 3423 3399 3604
f 2250 2428 2394
f 4175 4277 4058
f 3569 3376 3542
f 2556 2391 2322
f 3940 4175 4058
f 3542 3376 3400
f 711 631 819
f 2556 2322 2481
f 730 819 631
f 1144 1262 1122
f 3491 3423 3604
f 672 800 753
f 1322 1225 1119
f 4112 4256 4279
f 4395 4279 4256
f 1144 1221 1262
f 3210 3423 3303
f 4443 4441 4277
f 1322 1119 1222
f 4395 4256 4427
f 753 703 672
f 4395 4427 4558
f 1221 1353 1262
f 4603 4395 4558
f 4443 4623 4441
f 3542 3400 3582
f 3303 3423 3491
f 1353 1400 1262
f 4395 4603 4446
f 672 558 570
f 558 672 703
f 3398 3491 3570
f 4182 4112 4279
f 1380 1322 1496
f 1322 1458 1496
f 883 1002 988
f 4257 4277 4175
f 4277 4257 4443
f 3659 3604 3747
f 1065 970 1010
f 1037 1144 1021
f 1037 1221 1144
f 4246 4182 4279
f 1066 1119 1225
f 1002 1143 988
f 3582 3704 3542
f 3582 3782 3704
f 1111 1066 1225
f 1002 883 894
f 3747 3811 3887
f 3782 3895 3704
f 928 970 1065
f 4279 4395 4446
f 4389 4279 4446
f 4246 4279 4389
f 4443 4257 4409
f 3771 3659 3747
f 3771 3747 3887
f 928 1065 1014
f 1322 1380 1225
f 1246 1225 1380
f 4446 4567 4389
f 3782 3963 3895
f 1273 1353 1221
f 1178 1143 1002
f 3813 3940 3866
f 3491 3604 3659
f 3570 3491 3659
f 3859 3961 3776
f 1002 1062 1178
f 1014 1065 1097
f 3616 3776 3844
f 1542 1400 1353
f 3660 3782 3582
f 3776 3961 3844
f 3940 3813 3906
f 1196 1097 1065
f 3570 3659 3771
f 4055 3961 4112
f 1570 1542 1446
f 1446 1542 1353
f 1458 1605 1496
f 3844 3961 4055
f 4002 3844 4055
f 1196 1268 1097
f 4002 4055 4152
f 3771 3887 3920
f 3837 3782 3660
f 3686 3616 3844
f 1241 1268 1321
f 3906 3813 3693
f 3837 3963 3782
f 3664 3570 3771
f 1014 880 928
f 3686 3844 3833
f 894 1062 1002
f 1353 1273 1446
f 3833 3844 4002
f 4286 4141 4129
f 3693 3723 3906
f 963 880 1014
f 3845 3906 3723
f 1380 1496 1507
f 3977 3906 3845
f 4233 4392 4234
f 1570 1486 1701
f 1446 1486 1570
f 4233 4063 4174
f 1097 963 1014
f 4141 4286 4232
f 1273 1221 1037
f 1111 1225 1246
f 967 1062 894
f 4286 4400 4383
f 1178 1062 1136
f 4080 4002 4152
f 4286 4383 4232
f 967 1136 1062
f 1195 1273 1037
f 1037 988 1195
f 4175 3940 4095
f 4055 4112 4182
f 1241 1097 1268
f 4400 4586 4383
f 3906 4095 3940
f 4351 4392 4233
f 3906 3977 4095
f 1363 1246 1380
f 4531 4392 4351
f 4095 4257 4175
f 1131 1111 1246
f 4161 4035 4141
f 1250 1131 1246
f 4161 4141 4232
f 1241 1075 1097
f 4182 4246 4055
f 4152 4055 4246
f 1363 1250 1246
f 1075 1241 1216
f 1178 1305 1143
f 4059 4035 4161
f 1268 1196 1302
f 1131 1010 1111
f 1305 1178 1390
f 4351 4233 4174
f 4351 4174 4206
f 4257 4095 4347
f 4062 4206 4174
f 4173 4347 4095
f 1427 1268 1406
f 1258 1390 1178
f 4215 4161 4232
f 1010 1131 1065
f 4347 4409 4257
f 4383 4381 4232
f 4409 4347 4538
f 4246 4389 4327
f 1143 1195 988
f 4327 4389 4528
f 1196 1065 1131
f 1321 1268 1427
f 4325 4232 4381
f 1292 1390 1258
f 4381 4383 4483
f 3977 4173 4095
f 1390 1531 1444
f 4438 4531 4351
f 4327 4152 4246
f 1196 1131 1250
f 4200 4152 4327
f 4585 4392 4531
f 4280 4347 4173
f 1196 1250 1302
f 4080 4152 4200
f 1178 1136 1258
f 1363 1380 1507
f 4308 4280 4173
f 4383 4586 4483
f 1273 1377 1446
f 1446 1377 1486
f 4346 4327 4463
f 4483 4586 4633
f 1507 1536 1363
f 1195 1377 1273
f 4413 4347 4280
f 1250 1363 1302
f 1302 1363 1420
f 4327 4346 4200
f 4633 4586 4772
f 1536 1420 1363
f 4647 4585 4724
f 1292 1258 1136
f 1529 1486 1377
f 4413 4280 4308
f 1377 1195 1305
f 1195 1143 1305
f 4531 4724 4585
f 4633 4772 4834
f 1395 1390 1292
f 4446 4603 4567
f 1406 1302 1420
f 4567 4603 4692
f 1305 1444 1377
f 4868 4808 4692
f 857 967 894
f 1406 1268 1302
f 4633 4521 4483
f 4483 4521 4381
f 1390 1444 1305
f 4795 4623 4644
f 4644 4623 4443
f 1420 1534 1406
f 1444 1529 1377
f 4521 4633 4591
f 1635 1496 1605
f 4713 4633 4834
f 4443 4409 4644
f 1698 1542 1570
f 4591 4633 4713
f 886 967 857
f 4834 4806 4713
f 1013 967 886
f 1008 896 963
f 1075 963 1097
f 4531 4801 4724
f 4538 4644 4409
f 1008 963 1075
f 4645 4801 4531
f 1635 1605 1712
f 4801 4645 4829
f 4567 4692 4696
f 4696 4692 4808
f 1013 1136 967
f 1701 1698 1570
f 4161 4215 4059
f 4062 3991 4134
f 4134 4206 4062
f 1635 1712 1838
f 4215 4232 4325
f 1496 1635 1507
f 4267 4206 4134
f 4644 4538 4748
f 4748 4795 4644
f 1052 1136 1013
f 4795 4748 4884
f 1685 1635 1790
f 1635 1685 1507
f 1529 1701 1486
f 1646 1701 1529
f 4884 5033 4795
f 4267 4351 4206
f 5082 4950 4868
f 4267 4438 4351
f 5084 4950 5082
f 1536 1507 1685
f 4808 4868 4950
f 1189 1075 1216
f 4396 4438 4267
f 4059 4151 4008
f 1052 1013 886
f 3969 4134 3991
f 886 950 1052
f 4151 4050 4008
f 4151 4059 4215
f 1534 1536 1661
f 1531 1529 1444
f 1531 1646 1529
f 4221 4134 3969
f 807 950 886
f 4134 4221 4267
f 1534 1420 1536
f 904 896 1008
f 5033 5046 5191
f 4044 4221 3969
f 4808 4950 4903
f 1406 1534 1559
f 998 904 1008
f 4336 4151 4215
f 4336 4215 4325
f 4221 4396 4267
f 1698 1861 1829
f 1838 1712 1848
f 4336 4325 4456
f 4911 5033 4884
f 5033 4911 5046
f 1698 1701 1861
f 4748 4911 4884
f 4151 4336 4294
f 4198 4332 4221
f 1790 1635 1838
f 1876 1861 1701
f 4456 4381 4521
f 5029 4950 5084
f 5029 5084 5146
f 4456 4521 4591
f 1008 1075 1189
f 4325 4381 4456
f 1838 2002 1961
f 4903 4950 5029
f 1008 1189 1107
f 4911 4992 5046
f 4992 5114 5046
f 1056 1052 950
f 1790 1838 1961
f 1979 2090 1861
f 4456 4476 4336
f 998 1008 1107
f 4476 4456 4591
f 4389 4567 4528
f 1056 1116 1052
f 2127 1961 2002
f 1979 2137 2090
f 4528 4567 4696
f 1979 1861 1876
f 4332 4396 4221
f 4463 4327 4528
f 4645 4531 4438
f 4413 4538 4347
f 4589 4538 4413
f 4545 4438 4396
f 2087 1979 1876
f 4545 4645 4438
f 1216 1241 1344
f 4591 4713 4682
f 4696 4808 4736
f 4593 4528 4696
f 4589 4748 4538
f 4696 4736 4593
f 1768 1701 1646
f 1768 1876 1701
f 1247 1136 1052
f 1247 1292 1136
f 4545 4829 4645
f 4747 4829 4545
f 4589 4777 4748
f 1247 1395 1292
f 1790 1961 1866
f 4476 4591 4605
f 1685 1790 1766
f 4413 4507 4589
f 1116 1247 1052
f 4463 4528 4593
f 1216 1313 1189
f 4549 4545 4396
f 4605 4591 4682
f 1116 1056 1274
f 1237 1274 1056
f 4682 4812 4739
f 1274 1247 1116
f 4682 4739 4605
f 2087 1876 1971
f 1876 1768 1830
f 1866 1961 2029
f 4605 4509 4476
f 1427 1406 1559
f 1866 2029 1941
f 1830 1971 1876
f 4593 4736 4694
f 4747 4545 4549
f 1533 1531 1390
f 4834 4772 4894
f 1961 2127 2149
f 4507 4655 4589
f 2029 1961 2149
f 4834 4894 4986
f 1321 1427 1428
f 2087 2137 1979
f 4777 4589 4655
f 4655 4814 4777
f 1559 1566 1427
f 1428 1427 1566
f 1395 1533 1390
f 1971 2145 2087
f 2124 2145 1971
f 1241 1321 1428
f 5137 5034 4986
f 2127 2218 2250
f 4986 5034 4834
f 4930 4834 5034
f 2149 2127 2250
f 2259 2137 2322
f 4903 4736 4808
f 2087 2322 2137
f 4806 4834 4930
f 4853 4736 4903
f 5034 5137 5212
f 5212 5137 5263
f 5312 5212 5263
f 4853 4903 5003
f 2312 2149 2250
f 4748 4777 4911
f 1510 1428 1566
f 2145 2322 2087
f 4801 4845 4724
f 4801 5001 4845
f 4845 5001 5015
f 4992 4911 4777
f 2312 2250 2394
f 4814 4992 4777
f 2322 2391 2259
f 5029 5003 4903
f 1313 1216 1344
f 1241 1428 1344
f 5151 5142 5001
f 1510 1344 1428
f 5003 5029 5132
f 5001 4801 4974
f 4853 5003 4926
f 1426 1344 1510
f 4829 4974 4801
f 5072 5003 5132
f 2482 2312 2394
f 2399 2312 2482
f 1404 1395 1247
f 1313 1344 1426
f 5018 5034 5126
f 4974 5151 5001
f 5018 4930 5034
f 4694 4736 4853
f 4992 4814 4948
f 2173 2029 2149
f 4694 4853 4791
f 1270 1189 1313
f 2173 2149 2269
f 4926 4791 4853
f 1270 1107 1189
f 5126 5034 5212
f 4926 4933 4791
f 5151 5260 5142
f 2145 2124 2316
f 5072 4926 5003
f 2269 2149 2312
f 2312 2399 2269
f 1274 1404 1247
f 2316 2322 2145
f 1403 1313 1426
f 2316 2481 2322
f 5289 5387 5260
f 5106 4992 4948
f 5289 5260 5151
f 2314 2269 2399
f 2314 2173 2269
f 1403 1426 1547
f 5212 5312 5274
f 5274 5312 5432
f 5072 5036 4926
f 1403 1270 1313
f 2399 2438 2314
f 3666 3686 3833
f 5274 5126 5212
f 1685 1661 1536
f 1661 1685 1766
f 1404 1274 1466
f 5147 5018 5126
f 5147 5126 5274
f 5162 5289 5151
f 5162 5151 4974
f 1672 1768 1646
f 1672 1830 1768
f 1531 1533 1672
f 3726 3666 3833
f 3723 3606 3713
f 1790 1866 1766
f 3723 3713 3845
f 3826 3845 3713
f 1566 1559 1703
f 1766 1711 1661
f 3932 3833 4002
f 5274 5294 5147
f 3997 3977 3845
f 5294 5274 5386
f 1793 1672 1533
f 3932 4002 4080
f 1946 1971 1830
f 4812 4713 4806
f 1766 1866 1857
f 4806 4930 4812
f 1791 1830 1672
f 1857 1866 1941
f 4682 4713 4812
f 1946 1830 1791
f 2013 1857 1941
f 1672 1646 1531
f 3726 3833 3932
f 3919 3726 3932
f 1661 1711 1534
f 4812 4930 4937
f 4937 4930 5018
f 5042 4937 5018
f 1676 1793 1533
f 4943 4974 4829
f 4974 4943 5162
f 1559 1534 1711
f 1703 1559 1711
f 1857 1711 1766
f 5162 4943 5101
f 3826 3997 3845
f 3826 3941 3997
f 3932 4080 3919
f 3997 3941 4114
f 3941 3806 3953
f 4747 4943 4829
f 3953 4114 3941
f 4116 4114 3953
f 1791 1793 1946
f 1703 1867 1846
f 4823 4739 4812
f 1680 1703 1846
f 1782 1793 1676
f 4878 4943 4747
f 3826 3713 3599
f 1793 1791 1672
f 1857 1703 1711
f 1969 1846 1867
f 1867 1703 1857
f 4823 4812 4937
f 3826 3599 3806
f 3826 3806 3941
f 1867 1857 1991
f 4937 5042 5011
f 3726 3919 3805
f 1971 1946 2124
f 4938 4823 4937
f 1544 1676 1533
f 4943 5083 5101
f 5011 4938 4937
f 5083 4943 4878
f 1395 1544 1533
f 5018 5147 5042
f 1946 1793 2014
f 1566 1680 1510
f 1941 2029 2110
f 2029 2173 2110
f 2110 2013 1941
f 1703 1680 1566
f 5042 5147 5261
f 3919 4041 3805
f 3933 3805 4041
f 5205 5042 5261
f 2110 2061 2013
f 2093 2124 1946
f 5261 5147 5294
f 1510 1680 1734
f 5162 5346 5289
f 5346 5162 5316
f 2093 2248 2124
f 4109 3933 4041
f 5261 5294 5446
f 4109 4116 3933
f 3997 4173 3977
f 1680 1846 1854
f 2316 2124 2248
f 4114 4173 3997
f 5011 5042 5205
f 2196 2110 2173
f 2196 2173 2314
f 5205 5148 5011
f 2196 2314 2305
f 4114 4308 4173
f 2414 2305 2314
f 1734 1680 1854
f 1991 1857 2013
f 5318 5205 5261
f 1991 2013 2061
f 1946 2014 2093
f 5148 5205 5318
f 2196 2061 2110
f 1734 1854 1977
f 1921 2014 1793
f 4235 4080 4200
f 5101 5316 5162
f 1921 1793 1782
f 5311 5316 5101
f 5311 5428 5316
f 5101 5083 5311
f 4235 4200 4346
f 5083 5256 5311
f 4050 4151 4090
f 4114 4223 4308
f 4198 4221 4044
f 4346 4391 4235
f 1969 1867 1991
f 4090 3939 4050
f 4114 4116 4223
f 1969 1991 2059
f 1921 2036 2014
f 2061 2196 2187
f 2061 2059 1991
f 2187 2196 2305
f 4090 4151 4294
f 2059 2061 2187
f 2169 2248 2093
f 4480 4413 4308
f 4189 4090 4294
f 57 68 42
f 4308 4350 4480
f 4189 4294 4387
f 3952 3939 4090
f 4350 4308 4223
f 4044 4057 4198
f 4041 3919 4080
f 2169 2093 2014
f 4090 4049 3952
f 4080 4235 4041
f 4049 4090 4189
f 2036 2169 2014
f 4109 4041 4235
f 4235 4245 4109
f 4109 4259 4116
f 4294 4336 4476
f 4476 4509 4294
f 4387 4294 4509
f 2221 2169 2036
f 4259 4109 4245
f 4245 4235 4391
f 4362 4332 4198
f 2238 2187 2305
f 4245 4424 4259
f 4391 4424 4245
f 2125 2059 2187
f 2238 2125 2187
f 4198 4057 4126
f 3726 3805 3639
f 4126 4362 4198
f 3805 3760 3639
f 4189 4387 4364
f 3805 3933 3760
f 4201 4362 4126
f 4346 4463 4391
f 1854 1846 1969
f 1969 1977 1854
f 4563 4463 4593
f 4362 4201 4348
f 4413 4480 4507
f 4332 4549 4396
f 1921 1782 2041
f 4463 4563 4391
f 1969 2059 2125
f 1977 1969 2125
f 4362 4549 4332
f 4616 4655 4507
f 4616 4507 4480
f 4509 4605 4672
f 4672 4605 4739
f 4391 4563 4424
f 4593 4694 4563
f 4549 4691 4747
f 2041 2036 1921
f 4549 4639 4691
f 4791 4767 4694
f 4635 4509 4672
f 2041 2221 2036
f 4563 4694 4767
f 5036 4933 4926
f 4364 4387 4525
f 4814 4655 4784
f 4348 4487 4362
f 2238 2157 2125
f 4525 4387 4509
f 2157 2238 2334
f 2125 2157 1977
f 4738 4885 4784
f 4487 4549 4362
f 4525 4509 4635
f 4639 4754 4691
f 4972 4948 4784
f 4885 4972 4784
f 4639 4549 4487
f 2277 2157 2334
f 4814 4784 4948
f 3887 3952 4049
f 3895 4126 4057
f 3963 4126 3895
f 1404 1544 1395
f 3887 4049 4027
f 1426 1510 1547
f 4972 5059 5102
f 5102 5059 5166
f 4049 4189 4179
f 1404 1628 1544
f 4259 4350 4223
f 4259 4223 4116
f 3920 3887 4027
f 3837 4073 3963
f 4350 4259 4452
f 4027 4049 4179
f 1547 1510 1734
f 4452 4480 4350
f 1547 1734 1656
f 3968 3771 3920
f 3920 4027 3968
f 4452 4259 4424
f 4027 4111 3968
f 4126 3963 4073
f 4126 4073 4201
f 4452 4616 4480
f 1676 1544 1628
f 1676 1628 1782
f 4452 4424 4613
f 4613 4424 4563
f 4189 4364 4179
f 4364 4323 4179
f 4613 4563 4767
f 1872 1782 1628
f 4738 4613 4767
f 4767 4791 4933
f 4073 4195 4201
f 1656 1734 1804
f 4767 4933 4885
f 4079 4195 4073
f 4256 4179 4323
f 4195 4377 4201
f 1802 1872 1628
f 4179 4111 4027
f 5036 5059 4933
f 4179 4256 4111
f 1466 1628 1404
f 4323 4364 4481
f 4481 4364 4525
f 1547 1470 1403
f 1470 1547 1656
f 1466 1604 1628
f 4377 4348 4201
f 4377 4487 4348
f 4323 4481 4427
f 1606 1470 1656
f 4481 4525 4635
f 4529 4639 4487
f 4481 4635 4558
f 4529 4702 4639
f 4487 4377 4529
f 4427 4481 4558
f 1628 1604 1802
f 4718 4702 4529
f 1764 1656 1804
f 4256 4323 4427
f 4377 4195 4277
f 1606 1656 1764
f 4441 4377 4277
f 1802 1604 1727
f 1934 1734 1977
f 1804 1734 1934
f 1878 1804 1934
f 1764 1804 1878
f 1872 2041 1782
f 2041 1872 2045
f 1934 1977 2015
f 2015 1878 1934
f 1872 1972 2045
f 2015 1977 2157
f 2045 2221 2041
f 2221 2045 2207
f 2277 2217 2157
f 2128 2015 2157
f 2129 2207 2045
f 2128 2157 2217
f 1972 1872 1802
f 1878 2015 2022
f 1966 1878 2022
f 1903 1802 1727
f 1764 1878 1966
f 1903 1972 1802
f 2015 2128 2022
f 2045 1972 2129
f 2128 2217 2201
f 2161 2022 2128
f 2123 2022 2161
f 1966 2022 2123
f 2161 2128 2201
f 964 807 861
f 964 950 807
f 936 904 998
f 845 904 936
f 1070 936 998
f 964 1056 950
f 1070 998 1107
f 987 1056 964
f 819 927 861
f 964 861 927
f 936 1070 953
f 953 1070 1019
f 819 831 927
f 867 936 953
f 927 987 964
f 987 1132 1056
f 1070 1140 1019
f 1120 1132 987
f 1132 1237 1056
f 613 525 487
f 598 727 613
f 598 715 727
f 598 487 558
f 598 613 487
f 598 558 707
f 730 831 819
f 613 730 631
f 727 831 730
f 867 953 800
f 953 849 800
f 927 831 987
f 849 953 958
f 849 753 800
f 887 831 727
f 836 727 715
f 836 887 727
f 1019 958 953
f 1074 958 1019
f 987 887 1120
f 887 987 831
f 836 973 887
f 849 703 753
f 849 707 703
f 707 558 703
f 828 715 707
f 828 707 870
f 849 958 870
f 870 707 849
f 870 958 994
f 1074 994 958
f 836 715 827
f 836 827 956
f 887 973 1120
f 973 956 1129
f 870 994 828
f 1011 908 828
f 1011 828 994
f 1011 994 1123
f 978 956 827
f 908 1011 978
f 1107 1203 1070
f 1203 1107 1270
f 1278 1237 1132
f 1318 1203 1270
f 1237 1382 1274
f 1270 1403 1470
f 1274 1382 1466
f 1278 1382 1237
f 1318 1270 1470
f 1413 1318 1470
f 1413 1470 1576
f 1203 1140 1070
f 1140 1203 1318
f 1140 1318 1226
f 1132 1120 1278
f 1279 1278 1120
f 1341 1226 1318
f 1341 1318 1413
f 1278 1463 1382
f 1226 1341 1233
f 1279 1463 1278
f 1341 1413 1480
f 1074 1019 1140
f 1140 1226 1074
f 1120 1129 1279
f 1074 1226 1233
f 1129 1120 973
f 1233 994 1074
f 1233 1341 1373
f 1267 1233 1373
f 1238 1279 1129
f 1443 1279 1238
f 1279 1443 1463
f 1373 1341 1480
f 1465 1373 1480
f 1267 1373 1465
f 1465 1375 1267
f 994 1233 1123
f 1267 1123 1233
f 1267 1204 1123
f 1011 1123 1204
f 1081 1165 978
f 1081 1257 1165
f 1081 978 1011
f 1204 1081 1011
f 1081 1204 1231
f 1231 1257 1081
f 1606 1576 1470
f 1382 1604 1466
f 1579 1604 1382
f 1704 1576 1606
f 1463 1579 1382
f 1673 1579 1463
f 1604 1579 1727
f 1704 1606 1764
f 1727 1579 1673
f 1673 1798 1727
f 1480 1413 1576
f 1585 1673 1463
f 1626 1576 1704
f 1480 1576 1626
f 1585 1463 1443
f 1924 1704 1764
f 1842 1704 1924
f 1859 1798 1673
f 1704 1842 1785
f 1626 1704 1785
f 1729 1673 1585
f 1729 1859 1673
f 1727 1798 1903
f 1924 1764 1966
f 1968 2042 1903
f 1968 1903 1798
f 1859 1968 1798
f 1924 1966 2142
f 2074 2039 1924
f 2129 1972 2042
f 2042 1972 1903
f 2142 1966 2123
f 2215 2122 2160
f 2193 2129 2042
f 1924 2142 2074
f 2193 2042 2151
f 1842 1924 1927
f 1924 2039 1927
f 2006 1968 1859
f 1785 1842 1927
f 1927 1948 1785
f 2006 1859 1840
f 1927 2039 2023
f 1948 1927 2023
f 2042 2006 2151
f 2006 2042 1968
f 1368 1443 1238
f 1165 1257 1368
f 1465 1480 1626
f 1624 1465 1626
f 1593 1585 1443
f 1375 1465 1499
f 1506 1443 1368
f 1499 1465 1624
f 1506 1593 1443
f 1506 1669 1593
f 1238 1165 1368
f 1204 1267 1375
f 1204 1375 1379
f 1379 1231 1204
f 1499 1379 1375
f 1378 1257 1335
f 1231 1335 1257
f 1335 1231 1379
f 1454 1335 1379
f 1454 1379 1537
f 1499 1624 1607
f 1379 1499 1607
f 1669 1506 1586
f 1537 1607 1691
f 1607 1537 1379
f 1593 1729 1585
f 1626 1785 1624
f 1752 1785 1860
f 1752 1624 1785
f 1669 1729 1593
f 1752 1607 1624
f 1691 1607 1752
f 1335 1492 1378
f 1335 1484 1492
f 1537 1545 1454
f 1550 1545 1598
f 1545 1537 1731
f 1598 1545 1653
f 1630 1751 1664
f 1653 1545 1678
f 1840 1859 1729
f 1906 2152 2021
f 2078 2152 1906
f 1943 1906 1776
f 1943 2067 2104
f 2174 2104 2067
f 75 68 173
f 173 68 88
f 186 295 142
f 904 845 817
f 352 254 341
f 341 431 352
f 450 431 341
f 2078 2264 2152
f 2444 2264 2265
f 631 450 525
f 2596 2402 2533
f 2402 2596 2444
f 2596 2533 2651
f 2651 2742 2764
f 2764 2742 2913
f 2853 2742 2730
f 2920 2913 3056
f 3165 2971 3133
f 3434 3302 3440
f 3434 3440 3594
f 631 525 613
f 715 598 707
f 727 730 613
f 956 973 836
f 1129 956 978
f 978 1165 1129
f 1165 1238 1129
f 828 827 715
f 908 978 827
f 827 828 908
f 3760 3953 3806
f 3953 3760 3933
f 1257 1378 1368
f 3933 4116 3953
f 1368 1378 1506
f 1492 1506 1378
f 1506 1492 1586
f 1583 1586 1492
f 1484 1583 1492
f 1583 1664 1586
f 1586 1664 1669
f 1454 1545 1335
f 1335 1545 1484
f 1550 1484 1545
f 1551 1583 1484
f 1583 1551 1630
f 1599 1630 1551
f 1583 1630 1664
f 1654 1630 1599
f 1654 1751 1630
f 1654 1776 1751
f 4616 4784 4655
f 4616 4738 4784
f 1664 1765 1669
f 1765 1751 1906
f 1906 1914 1765
f 5102 5106 4972
f 5106 4948 4972
f 4885 5059 4972
f 5059 4885 4933
f 4613 4738 4616
f 4452 4613 4616
f 4738 4767 4885
f 6380 6492 6337
f 7663 7626 7745
f 7830 7795 7663
f 7830 7663 7745
f 7721 7738 7616
f 6209 6240 6266
f 6331 6266 6317
f 6209 6266 6331
f 6409 6410 6318
f 6330 6318 6410
f 7398 7294 7547
f 8143 8099 8152
f 7398 7547 7582
f 7582 7547 7617
f 7794 7701 7726
f 7726 7701 7621
f 7830 7745 7676
f 6456 6409 6519
f 7617 7547 7675
f 6456 6519 6581
f 7676 7745 7618
f 8203 8245 8260
f 6410 6409 6456
f 7583 7618 7745
f 8210 8173 8230
f 6380 6328 6503
f 6492 6380 6597
f 7616 7630 7555
f 6380 6503 6597
f 7630 7616 7738
f 8203 8260 8230
f 7467 7472 7560
f 7495 7562 7472
f 7773 7726 7621
f 6190 6046 5982
f 6190 6258 6046
f 7162 7139 7032
f 7111 7033 7138
f 7139 7162 7203
f 8235 8272 8278
f 6081 6190 5982
f 8260 8280 8230
f 7203 7162 7295
f 6008 5892 5999
f 7686 7620 7630
f 6008 5999 6095
f 6126 6008 6095
f 7630 7493 7555
f 7620 7493 7630
f 7620 7545 7493
f 8260 8245 8284
f 7773 7621 7600
f 7037 7301 7133
f 8306 8260 8284
f 7204 7111 7138
f 7295 7263 7203
f 6179 6209 6126
f 7111 7204 7264
f 7317 7111 7264
f 6081 6328 6190
f 6190 6380 6337
f 6328 6380 6190
f 7263 7295 7339
f 7398 7339 7295
f 7339 7398 7388
f 7494 7388 7398
f 6209 6331 6244
f 7388 7494 7468
f 7469 7317 7389
f 7317 7469 7444
f 6411 6385 6331
f 8302 8260 8306
f 7317 7264 7338
f 6244 6331 6385
f 6244 6385 6260
f 7317 7338 7389
f 8260 8302 8280
f 6385 6411 6457
f 7446 7393 7357
f 6526 6385 6457
f 7398 7582 7575
f 6525 6456 6581
f 6442 6385 6526
f 7273 7357 7393
f 7494 7398 7575
f 7494 7575 7561
f 6442 6260 6385
f 7470 7495 7472
f 8302 8306 8320
f 8302 8320 8319
f 6442 6370 6260
f 7223 7272 7357
f 7316 7301 7217
f 7273 7223 7357
f 7111 7317 7135
f 6370 6442 6486
f 7317 7316 7135
f 7230 7135 7316
f 7316 7444 7301
f 7317 7444 7316
f 5935 5892 6008
f 6126 6086 6008
f 8152 8173 8210
f 5982 5883 6081
f 6586 6541 6666
f 7062 7142 7223
f 5935 6008 6086
f 5033 5191 5201
f 5308 5196 5320
f 5146 5196 5308
f 7240 7261 7360
f 5196 5146 5084
f 6040 6081 5883
f 8236 8235 8214
f 8236 8272 8235
f 7360 7432 7303
f 6040 6131 6081
f 5191 5334 5201
f 5210 5146 5308
f 6086 6126 6209
f 5308 5320 5435
f 5366 5201 5334
f 5366 5334 5497
f 7438 7432 7360
f 8249 8210 8230
f 6131 6328 6081
f 5460 5308 5435
f 5507 5497 5334
f 7273 7393 7379
f 8230 8280 8249
f 7379 7393 7448
f 7297 7273 7379
f 6328 6131 6344
f 6109 6086 6209
f 6209 6244 6109
f 7223 7273 7134
f 5270 5334 5191
f 7134 7062 7223
f 5114 5191 5046
f 5114 5270 5191
f 5210 5132 5146
f 5029 5146 5132
f 8219 8236 8184
f 5883 5868 6040
f 7222 7273 7297
f 5998 5935 6086
f 5308 5345 5210
f 5460 5345 5308
f 7222 7134 7273
f 5998 5890 5935
f 5946 6040 5868
f 5210 5345 5230
f 6049 5998 6109
f 8196 8143 8152
f 5270 5438 5334
f 5507 5334 5438
f 5998 6086 6109
f 6109 6244 6260
f 8210 8196 8152
f 8210 8249 8196
f 8249 8240 8196
f 8219 8172 8201
f 5460 5435 5526
f 5460 5526 5590
f 6049 6109 6168
f 6109 6260 6168
f 5507 5639 5497
f 7261 7381 7360
f 6255 6131 6040
f 6135 6255 6040
f 8219 8201 8248
f 7320 7381 7261
f 7381 7438 7360
f 5582 5460 5590
f 8248 8236 8219
f 8272 8236 8248
f 5590 5668 5728
f 5639 5774 5742
f 8272 8248 8296
f 5582 5590 5728
f 5639 5507 5657
f 8248 8275 8296
f 6344 6503 6328
f 5657 5774 5639
f 7621 7507 7530
f 5482 5345 5460
f 5582 5482 5460
f 7446 7555 7493
f 7393 7446 7493
f 6344 6131 6255
f 5598 5657 5507
f 5392 5345 5482
f 8240 8249 8283
f 6437 6344 6255
f 7621 7530 7600
f 6168 6260 6302
f 6302 6260 6370
f 6323 6437 6255
f 8283 8249 8303
f 7530 7507 7432
f 5438 5598 5507
f 7448 7393 7493
f 7438 7530 7432
f 8259 8240 8283
f 6437 6503 6344
f 5723 5582 5728
f 8259 8283 8311
f 5582 5553 5482
f 5553 5582 5723
f 5318 5451 5358
f 7545 7448 7493
f 8272 8305 8278
f 5739 5771 5657
f 5739 5657 5598
f 5419 5311 5256
f 7438 7600 7530
f 5318 5358 5189
f 8302 8319 8280
f 5230 5132 5210
f 5243 5270 5114
f 8280 8303 8249
f 5358 5451 5410
f 5410 5451 5539
f 8303 8280 8319
f 5410 5539 5525
f 5580 5569 5419
f 5072 5132 5230
f 5525 5539 5648
f 7504 7600 7438
f 4992 5106 5114
f 5424 5580 5419
f 5114 5106 5243
f 8319 8317 8303
f 8305 8272 8296
f 5358 5251 5189
f 5256 5240 5419
f 5392 5297 5345
f 5345 5297 5230
f 5410 5251 5358
f 5361 5270 5243
f 5240 5424 5419
f 5361 5438 5270
f 7839 7600 7661
f 5208 5251 5410
f 5240 5325 5424
f 8303 8317 8311
f 6637 6757 6583
f 5309 5208 5410
f 5309 5410 5418
f 5594 5580 5424
f 5392 5459 5297
f 5418 5410 5525
f 6608 6642 6767
f 8283 8303 8311
f 5230 5297 5072
f 5202 5072 5297
f 6519 6608 6581
f 6705 6608 6767
f 8054 8009 8099
f 5523 5594 5424
f 5525 5533 5418
f 6608 6705 6581
f 5482 5553 5392
f 5625 5648 5752
f 5752 5777 5625
f 5438 5361 5512
f 5512 5598 5438
f 8201 8172 8136
f 5459 5392 5553
f 5777 5752 5890
f 8135 8054 8099
f 5777 5867 5769
f 8135 8099 8143
f 5723 5681 5553
f 6705 6767 6923
f 6846 6923 6767
f 5580 5740 5569
f 8135 8143 8196
f 5525 5648 5625
f 6757 6735 6900
f 5821 5848 5728
f 5750 5740 5580
f 5912 5939 6048
f 6012 5912 6048
f 5848 5821 5912
f 8178 8201 8136
f 5740 5750 5868
f 7992 8009 8054
f 5946 5868 5750
f 5887 5774 5898
f 6735 6757 6637
f 5771 5898 5774
f 5905 5898 5771
f 5905 5992 5898
f 5992 6037 5898
f 8125 8136 8068
f 6799 6705 6923
f 6923 6931 6799
f 6912 6900 6735
f 5723 5728 5848
f 8054 8003 7992
f 5660 5625 5777
f 5771 5774 5657
f 5594 5750 5580
f 7992 8003 7956
f 8059 8068 8011
f 5625 5533 5525
f 5533 5625 5660
f 6704 6705 6799
f 8125 8068 8059
f 6597 6637 6492
f 5771 5739 5905
f 5769 5660 5777
f 5594 5852 5750
f 5852 5946 5750
f 5845 5723 5848
f 5852 5594 5666
f 6637 6597 6735
f 5848 5912 6012
f 6012 5984 5848
f 6705 6704 6581
f 6633 6581 6704
f 8090 8135 8193
f 8218 8193 8135
f 5845 5848 5984
f 5208 5309 5227
f 8054 8090 8003
f 5227 5309 5393
f 5984 5953 5845
f 5424 5325 5523
f 6151 6186 6048
f 8090 8027 8003
f 6012 6048 6186
f 5393 5309 5418
f 6235 6332 6158
f 5393 5418 5533
f 8090 8054 8135
f 5515 5523 5325
f 8125 8178 8136
f 6900 7030 7088
f 6341 6186 6392
f 6186 6341 6189
f 6235 6158 6037
f 5320 5227 5393
f 6037 6150 6235
f 8178 8125 8228
f 5201 5366 5325
f 6923 6846 6949
f 5992 6150 6037
f 5084 5227 5196
f 5196 5227 5320
f 6186 6189 6012
f 5366 5515 5325
f 5320 5393 5435
f 8090 8193 8164
f 8059 8228 8125
f 6235 6438 6332
f 8164 8027 8090
f 8192 8228 8059
f 5497 5515 5366
f 6931 6923 7102
f 5743 5769 5867
f 6900 6912 7030
f 5984 6012 6085
f 5666 5523 5515
f 6085 6012 6189
f 7957 7898 7960
f 5594 5523 5666
f 7100 7030 6912
f 5629 5533 5660
f 6085 6189 6263
f 6263 6191 6085
f 5533 5435 5393
f 7908 7898 7957
f 6341 6263 6189
f 6467 6263 6341
f 6263 6467 6361
f 5743 5629 5660
f 5743 5660 5769
f 5845 5681 5723
f 5804 5852 5666
f 7898 7908 7844
f 6341 6392 6491
f 7054 7100 6912
f 7947 7908 7957
f 7915 8011 7976
f 6491 6616 6537
f 5668 5743 5822
f 7844 7820 7898
f 5728 5668 5822
f 7160 7100 7054
f 5526 5533 5629
f 5435 5533 5526
f 7820 7787 7742
f 5639 5666 5515
f 7787 7820 7844
f 6491 6537 6341
f 6842 6704 6799
f 7907 7837 7915
f 6706 6704 6842
f 5629 5590 5526
f 5497 5639 5515
f 6341 6537 6467
f 5742 5804 5666
f 5668 5629 5743
f 5666 5639 5742
f 6696 6735 6597
f 6666 6537 6616
f 5590 5629 5668
f 6804 6666 6616
f 7862 7837 7776
f 6666 6467 6537
f 6697 6791 6616
f 6597 6503 6696
f 6616 6791 6804
f 6302 6370 6398
f 6486 6398 6370
f 5737 5512 5583
f 6525 6581 6633
f 6525 6633 6576
f 7915 7976 7907
f 6577 6442 6526
f 7895 7844 7908
f 7915 7966 8011
f 5777 5890 5941
f 7862 7915 7837
f 5941 5998 6049
f 7929 7909 7946
f 7929 7894 7909
f 5941 5890 5998
f 7929 7946 8003
f 5867 5777 5941
f 7816 7787 7844
f 5341 5361 5243
f 6824 6912 6735
f 6735 6696 6824
f 7806 7816 7845
f 5166 5234 5102
f 6633 6704 6706
f 7844 7895 7816
f 5234 5339 5341
f 5946 6135 6040
f 7862 7966 7915
f 5339 5447 5341
f 7816 7895 7873
f 6824 6696 6692
f 5941 6049 5968
f 7872 7894 7929
f 7872 7929 7934
f 5072 5202 5036
f 6593 6576 6633
f 8019 7966 7905
f 6009 6135 5946
f 7816 7873 7845
f 6593 6633 6706
f 6083 6049 6168
f 6442 6577 6486
f 7916 7846 7872
f 7905 7966 7862
f 5166 5036 5202
f 6185 6083 6168
f 7956 7959 7992
f 6486 6577 6594
f 6503 6437 6563
f 5297 5352 5202
f 6563 6692 6696
f 5352 5297 5459
f 6563 6696 6503
f 7956 8003 7946
f 6009 5946 5852
f 7966 8059 8011
f 5968 5867 5941
f 6574 6486 6594
f 5166 5059 5036
f 6621 6574 6594
f 6582 6692 6563
f 5339 5166 5202
f 5352 5339 5202
f 7929 8003 8027
f 5447 5512 5361
f 5928 5867 5968
f 6083 5968 6049
f 6622 6593 6706
f 6622 6706 6772
f 8059 7966 8019
f 6083 6082 5968
f 6772 6706 6842
f 8027 7934 7929
f 8119 8059 8019
f 6082 6083 6185
f 6220 6135 6009
f 6047 6220 6009
f 6715 6824 6692
f 6908 6824 6715
f 8119 8192 8059
f 5928 5968 6082
f 6772 6672 6622
f 5681 5622 5553
f 5553 5622 5459
f 6574 6621 6671
f 6672 6772 6722
f 5622 5681 5775
f 7934 7916 7872
f 5847 5622 5775
f 5887 5852 5804
f 5524 5583 5447
f 5887 6009 5852
f 6582 6715 6692
f 7807 7846 7916
f 7916 7809 7807
f 5705 5737 5583
f 5705 5622 5847
f 6842 6931 7002
f 6323 6255 6135
f 5459 5524 5352
f 5622 5524 5459
f 6185 6168 6302
f 8069 7905 7900
f 6220 6323 6135
f 8037 8027 8163
f 5739 5737 5922
f 7934 8027 8037
f 6323 6582 6437
f 5905 5739 5922
f 5992 5905 6060
f 5922 6051 6060
f 6842 6799 6931
f 6085 5953 5984
f 6051 5953 6085
f 6269 6185 6302
f 5847 5922 5737
f 8163 8027 8164
f 6177 6082 6185
f 6355 6184 6361
f 6177 6185 6269
f 8163 8164 8225
f 5992 6060 6150
f 6908 7054 6912
f 6908 6912 6824
f 6060 6051 6184
f 7002 6931 7142
f 6133 6220 6047
f 6315 6220 6133
f 6269 6302 6398
f 7240 7160 7054
f 8247 8192 8220
f 6315 6323 6220
f 6323 6315 6498
f 6269 6398 6347
f 7161 7240 7054
f 6347 6398 6458
f 6085 6191 6051
f 6263 6361 6191
f 6842 6870 6772
f 5845 5775 5681
f 5743 5867 5928
f 8019 8069 8119
f 7002 6870 6842
f 5928 6082 6033
f 7916 7934 8037
f 7062 6870 7002
f 5775 5845 5953
f 7916 8037 8144
f 5775 5953 5847
f 6772 6870 6753
f 8144 8037 8163
f 7905 8069 8019
f 6895 6870 7062
f 6977 7009 6908
f 8144 7945 7916
f 6753 6870 6895
f 8220 8192 8119
f 7716 7742 7787
f 8220 8119 8069
f 8220 8069 8231
f 5887 6047 6009
f 8144 8163 8239
f 5887 5993 6047
f 5822 5743 5928
f 7009 7054 6908
f 8231 8069 8133
f 8252 8144 8239
f 8208 8144 8252
f 7721 7716 7787
f 5821 5728 5822
f 7787 7816 7721
f 7945 8144 8081
f 5821 5822 5939
f 7014 6895 7062
f 7794 7862 7776
f 5822 5928 5939
f 5939 5928 6033
f 7134 7014 7062
f 6133 6047 5993
f 5993 6037 6133
f 7105 7161 7009
f 7161 7054 7009
f 5912 5821 5939
f 5939 6033 6090
f 7808 7721 7816
f 8196 8218 8135
f 5887 5804 5742
f 8201 8275 8248
f 8218 8196 8240
f 8218 8240 8259
f 6772 6753 6722
f 8263 8275 8201
f 7808 7816 7806
f 8263 8201 8178
f 6715 6815 6908
f 7900 7905 7862
f 5774 5887 5742
f 8228 8263 8178
f 6815 6977 6908
f 7900 7862 7804
f 5898 5993 5887
f 6037 5993 5898
f 7721 7808 7738
f 7726 7804 7794
f 7261 7240 7161
f 7804 7862 7794
f 8218 8255 8193
f 6082 6177 6033
f 8218 8259 8255
f 7738 7808 7790
f 7848 7789 7809
f 8311 8279 8259
f 6252 6315 6133
f 7545 7620 7705
f 6090 6033 6177
f 7330 7379 7423
f 8279 8255 8259
f 7146 7134 7222
f 7916 7848 7809
f 7848 7916 7945
f 8228 8294 8263
f 6347 6177 6269
f 7804 7726 7773
f 7686 7630 7738
f 7686 7738 7766
f 7738 7790 7766
f 8192 8247 8228
f 7848 7767 7789
f 7848 7859 7767
f 6279 6177 6347
f 7767 7859 7755
f 8255 8279 8297
f 7222 7297 7330
f 8279 8301 8297
f 7848 7945 7859
f 7297 7379 7330
f 6252 6350 6315
f 7936 7900 7804
f 7804 7773 7936
f 7215 7320 7261
f 8301 8279 8311
f 6151 6090 6177
f 7381 7320 7433
f 7859 7945 8055
f 6158 6133 6037
f 6158 6252 6133
f 7766 7754 7686
f 8164 8193 8225
f 7294 7222 7330
f 8225 8193 8255
f 5939 6090 6048
f 7433 7320 7408
f 7752 7686 7754
f 8258 8225 8255
f 7294 7146 7222
f 6090 6151 6048
f 7294 7162 7146
f 7753 7755 7859
f 7859 7874 7753
f 7839 7773 7600
f 6151 6177 6279
f 7620 7686 7752
f 8297 8258 8255
f 7274 7320 7215
f 7408 7320 7274
f 6332 6350 6252
f 7294 7330 7451
f 7936 7773 7979
f 8163 8225 8258
f 8239 8163 8258
f 6186 6151 6279
f 6186 6279 6392
f 8297 8288 8258
f 7859 8055 7874
f 6332 6252 6158
f 8091 7874 8055
f 7545 7423 7448
f 8288 8273 8258
f 7839 7979 7773
f 7545 7541 7423
f 7423 7379 7448
f 7900 8133 8069
f 8273 8239 8258
f 8273 8252 8239
f 6923 6949 7099
f 7102 6923 7099
f 8252 8243 8233
f 8233 8243 8215
f 5773 5690 5604
f 7233 7102 7099
f 7209 7102 7233
f 5838 5923 5773
f 5923 5838 5900
f 7219 7088 7030
f 8144 8208 8081
f 5923 5900 5965
f 7936 8133 7900
f 7100 7219 7030
f 5923 5965 6023
f 7661 7600 7504
f 7545 7698 7541
f 8081 8055 7945
f 5461 5432 5312
f 7219 7100 7275
f 8055 8081 8233
f 7698 7545 7705
f 5604 5544 5461
f 7303 7275 7100
f 7551 7661 7504
f 7142 7102 7209
f 7272 7142 7209
f 5461 5544 5432
f 8233 8081 8208
f 5486 5530 5387
f 8252 8233 8208
f 7979 8130 8133
f 7979 8133 7936
f 7160 7303 7100
f 7142 6931 7102
f 8233 8198 8055
f 7661 7551 7681
f 7661 7681 7791
f 5647 5631 5530
f 5544 5604 5690
f 7541 7698 7695
f 8198 8091 8055
f 7002 7142 7062
f 7381 7504 7438
f 7433 7504 7381
f 8198 8233 8215
f 7504 7433 7551
f 5386 5274 5432
f 7716 7668 7742
f 8130 8000 8155
f 8155 8000 8057
f 5387 5289 5486
f 8044 8155 8057
f 5542 5432 5544
f 5542 5386 5432
f 5289 5346 5486
f 8057 8000 7982
f 8130 8155 8198
f 7614 7668 7716
f 5486 5346 5584
f 8155 8091 8198
f 8273 8267 8252
f 5486 5647 5530
f 5647 5486 5584
f 7734 7620 7752
f 5749 5647 5584
f 7437 7463 7577
f 7734 7705 7620
f 7681 7551 7572
f 5626 5544 5690
f 7874 7735 7753
f 5544 5626 5542
f 7423 7451 7330
f 7668 7614 7577
f 5815 5767 5631
f 7577 7614 7542
f 7577 7542 7437
f 5815 5631 5647
f 7451 7423 7541
f 8044 7874 8091
f 7791 7839 7661
f 5829 5815 5647
f 7622 7589 7523
f 7572 7433 7408
f 7776 7720 7697
f 5773 5762 5690
f 7589 7697 7720
f 5879 5773 5923
f 5879 5762 5773
f 7622 7697 7589
f 7551 7433 7572
f 7735 7803 7706
f 7803 7735 7874
f 5981 5815 6046
f 7699 7706 7803
f 7451 7547 7294
f 7803 7870 7699
f 7696 7699 7870
f 7614 7716 7721
f 7794 7776 7697
f 5815 5829 6046
f 7870 7803 7969
f 7695 7672 7541
f 7969 7803 7874
f 8044 7969 7874
f 7547 7541 7672
f 5982 6046 5829
f 7451 7541 7547
f 7673 7696 7870
f 8044 8057 7969
f 5749 5829 5647
f 5727 5690 5762
f 5690 5727 5626
f 7675 7547 7672
f 7676 7673 7830
f 5727 5762 5814
f 7897 7681 7795
f 6398 6486 6574
f 7555 7446 7542
f 5892 5762 5879
f 5814 5762 5892
f 5892 5879 5999
f 7555 7542 7616
f 7969 7982 7870
f 7982 7969 8057
f 6458 6398 6574
f 7616 7542 7614
f 7673 7870 7830
f 7701 7697 7622
f 6458 6574 6575
f 5829 5749 5982
f 5749 5883 5982
f 8155 8044 8091
f 7701 7794 7697
f 5446 5294 5386
f 6661 6574 6671
f 5316 5477 5346
f 5446 5386 5542
f 6661 6671 6721
f 5584 5346 5477
f 7616 7614 7721
f 6661 6721 6754
f 5428 5477 5316
f 5434 5261 5446
f 7701 7622 7621
f 6661 6575 6574
f 7302 7352 7437
f 5655 5749 5584
f 5626 5446 5542
f 7390 7302 7437
f 5477 5655 5584
f 5626 5539 5446
f 6715 6582 6684
f 7272 7302 7390
f 7508 7515 7404
f 5318 5261 5434
f 6480 6458 6575
f 6458 6480 6347
f 5451 5318 5434
f 5434 5446 5539
f 7523 7508 7414
f 5648 5539 5626
f 5539 5451 5434
f 6480 6575 6661
f 6498 6684 6582
f 6498 6635 6684
f 7508 7404 7414
f 6535 6661 6694
f 7275 7325 7219
f 7209 7233 7302
f 6662 6535 6694
f 6694 6774 6662
f 6661 6535 6480
f 5419 5428 5311
f 5477 5428 5655
f 5428 5569 5655
f 6635 6714 6684
f 7302 7272 7209
f 7275 7404 7325
f 5428 5419 5569
f 7414 7404 7275
f 6770 6753 6895
f 7303 7414 7275
f 6770 6895 6802
f 7390 7357 7272
f 6769 6801 6694
f 7390 7446 7357
f 6986 7134 7146
f 7134 6986 7014
f 5727 5648 5626
f 7432 7523 7414
f 7105 7009 6977
f 5648 5727 5752
f 6986 6895 7014
f 5752 5727 5833
f 5883 5749 5655
f 5883 5655 5740
f 5833 5814 5892
f 6986 6839 6895
f 6895 6839 6802
f 5833 5727 5814
f 6769 6661 6754
f 5935 5833 5892
f 6694 6661 6769
f 6684 6815 6715
f 6826 6977 6815
f 7223 7142 7272
f 6774 6801 6840
f 7240 7303 7160
f 7006 6977 6826
f 7360 7303 7240
f 6910 6839 6986
f 6774 6840 6911
f 7006 7105 6977
f 7432 7414 7303
f 5883 5740 5868
f 6986 7035 6910
f 5890 5833 5935
f 7508 7589 7515
f 7523 7589 7508
f 7437 7542 7390
f 5752 5833 5890
f 7390 7542 7446
f 7032 6910 7035
f 5569 5740 5655
f 7507 7622 7523
f 6684 6826 6815
f 6714 6826 6684
f 7621 7622 7507
f 6694 6801 6774
f 7507 7523 7432
f 6022 6105 6042
f 5923 6023 6043
f 6947 7006 6826
f 6563 6437 6582
f 5999 5923 6043
f 5879 5923 5999
f 6498 6582 6323
f 6203 6042 6105
f 6042 6203 6092
f 5999 6043 6091
f 6095 5999 6091
f 6203 6202 6299
f 6203 6105 6202
f 6472 6498 6315
f 6130 6046 6258
f 6291 6130 6258
f 6480 6418 6347
f 6498 6472 6635
f 6203 6141 6092
f 6279 6347 6418
f 6095 6091 6142
f 6480 6535 6418
f 6241 6203 6340
f 6190 6337 6258
f 6178 6141 6203
f 6142 6179 6095
f 6178 6203 6241
f 6179 6126 6095
f 6179 6240 6209
f 6299 6340 6203
f 6340 6299 6453
f 6535 6662 6562
f 6618 6635 6472
f 6258 6433 6291
f 6337 6433 6258
f 6618 6808 6635
f 6535 6392 6418
f 6535 6562 6392
f 6492 6583 6433
f 6637 6583 6492
f 6337 6492 6433
f 6519 6340 6453
f 6409 6340 6519
f 6519 6453 6608
f 6784 6774 6911
f 6917 6911 7033
f 6241 6340 6267
f 6340 6318 6267
f 6340 6409 6318
f 6635 6821 6714
f 6774 6784 6662
f 6821 6826 6714
f 6911 6917 6784
f 6808 6821 6635
f 6821 6947 6826
f 7006 6947 7133
f 6917 7033 7111
f 7037 7133 6947
f 6808 6947 6821
f 7037 6947 6808
f 6784 6697 6662
f 6662 6697 6562
f 6784 6906 6697
f 6906 6784 6917
f 6917 7111 6906
f 6472 6315 6350
f 6474 6472 6350
f 6474 6618 6472
f 6392 6279 6418
f 6332 6474 6350
f 6491 6392 6562
f 6554 6474 6332
f 6332 6438 6554
f 6712 6618 6474
f 6491 6562 6697
f 6474 6554 6712
f 6616 6491 6697
f 6438 6541 6586
f 6355 6541 6438
f 6717 6554 6586
f 6586 6666 6717
f 6717 6666 6804
f 6808 6712 6975
f 7037 6975 7230
f 6975 7075 7230
f 7230 7217 7037
f 6975 6712 6861
f 6975 6861 7075
f 6712 6808 6618
f 6697 6906 6791
f 7111 7135 6906
f 7019 6906 7135
f 7135 7230 7019
f 7019 7230 7075
f 6791 6906 7019
f 6936 6791 7019
f 6712 6717 6861
f 6804 6861 6717
f 6791 6936 6804
f 7105 7261 7161
f 7215 7261 7105
f 7215 7105 7006
f 7035 6986 7146
f 7274 7215 7006
f 7162 7035 7146
f 7035 7162 7032
f 7006 7133 7274
f 7274 7133 7278
f 7295 7162 7294
f 7295 7294 7398
f 7408 7274 7467
f 7278 7301 7472
f 6235 6150 6355
f 6355 6438 6235
f 8296 8304 8317
f 5512 5737 5598
f 5739 5598 5737
f 5234 5243 5106
f 5341 5447 5361
f 5234 5341 5243
f 5339 5524 5447
f 5102 5234 5106
f 5234 5166 5339
f 5339 5352 5524
f 8231 8267 8220
f 5583 5512 5447
f 5524 5705 5583
f 5705 5847 5737
f 8275 8304 8296
f 6586 6554 6438
f 5705 5524 5622
f 8263 8294 8275
f 8304 8275 8294
f 6554 6717 6712
f 8290 8294 8228
f 8290 8228 8247
f 6808 6975 7037
f 8294 8290 8301
f 8297 8301 8290
f 5905 5922 6060
f 8311 8317 8304
f 8311 8304 8294
f 6051 5922 5847
f 8311 8294 8301
f 5847 5953 6051
f 6936 7075 6861
f 6804 6936 6861
f 6355 6150 6184
f 8268 8290 8247
f 6060 6184 6150
f 6936 7019 7075
f 8288 8290 8268
f 8220 8268 8247
f 8297 8290 8288
f 6184 6051 6191
f 8267 8268 8220
f 8288 8268 8267
f 6191 6361 6184
f 7467 7278 7472
f 7278 7467 7274
f 7626 7663 7572
f 7663 7795 7572
f 7572 7795 7681
f 8288 8267 8273
f 7560 7626 7408
f 7560 7408 7467
f 7572 7408 7626
f 6541 6467 6666
f 6361 6541 6355
f 6467 6541 6361
f 7576 7626 7560
f 7583 7626 7576
f 7562 7560 7472
f 7576 7560 7562
f 7745 7626 7583
f 7444 7472 7301
f 7470 7472 7444
f 7133 7301 7278
f 7217 7301 7037
f 8231 8243 8267
f 8252 8267 8243
f 7230 7316 7217
f 8231 8133 8243
f 8133 8215 8243
f 8215 8133 8130
f 8130 8198 8215
f 7791 8000 7839
f 7839 8000 7979
f 8130 7979 8000
f 7897 7982 7791
f 7982 8000 7791
f 7897 7791 7681
f 7870 7982 7897
f 7795 7830 7897
f 7870 7897 7830

