# https://github.com/mikedh/trimesh
v -0.03485376 -0.00126357 -0.00136269
v -0.03447269 -0.00182844 -0.00752824
v -0.03438318 -0.00120323 0.00446986
v -0.03427385 0.00519286 -0.00133107
v -0.03397439 0.00505481 0.00452867
v -0.03384638 0.00494448 -0.00761146
v -0.03367358 -0.00241243 -0.01278345
v -0.03357880 -0.00802216 -0.00146744
v -0.03329226 -0.00845028 -0.00769751
v -0.03324733 -0.00736066 0.00415671
v -0.03320712 0.00436947 -0.01250609
v -0.03311123 -0.00107647 0.01000517
v -0.03277189 -0.00825346 -0.01246438
v -0.03275738 0.00968376 0.00459925
v -0.03274960 0.00999413 -0.00106202
v -0.03266075 0.00467122 0.01040749
v -0.03256839 -0.00238913 -0.01714955
v -0.03234415 0.01011598 -0.00737914
v -0.03218007 0.00408835 -0.01693705
v -0.03186055 -0.00663438 0.01019110
v -0.03181636 0.00957045 -0.01198914
v -0.03172313 -0.00794741 -0.01719695
v -0.03168097 0.00908941 0.01024049
v -0.03159467 -0.01392245 -0.00145250
v -0.03131821 -0.01441913 -0.00804984
v -0.03118761 -0.00130676 0.01435526
v -0.03116882 -0.00211600 -0.02158358
v -0.03111192 -0.01329938 0.00469153
v -0.03092174 0.00350852 -0.02127444
v -0.03089695 0.00901091 -0.01648535
v -0.03074202 -0.01418829 -0.01281025
v -0.03055925 0.01511605 -0.00076933
v -0.03035934 0.01487487 0.00475335
v -0.03033914 0.01512472 -0.00674912
v -0.03033272 -0.00808069 -0.02131163
v -0.03000924 0.00712362 0.01515560
v -0.03000673 -0.00595099 0.01475499
v -0.02986422 -0.01233310 0.01067763
v -0.02982431 0.01494381 -0.01146826
v -0.02978054 0.00232616 0.01686407
v -0.02948554 0.01437492 0.01041322
v -0.02945945 -0.01438131 -0.01729993
v -0.02941116 0.00882370 -0.02132866
v -0.02903409 0.01425237 -0.01629968
v -0.02839702 -0.00198000 -0.02683183
v -0.02836571 0.01935933 -0.00052260
v -0.02831559 -0.00496423 0.01770261
v -0.02826297 0.00334045 -0.02680779
v -0.02820999 0.01939570 -0.00647446
v -0.02820186 0.01899571 0.00497018
v -0.02818356 -0.01078161 0.01525547
v -0.02810211 0.01247032 0.01544361
v -0.02804131 -0.02089232 -0.00169393
v -0.02804131 -0.02089232 -0.00169393
v -0.02784711 -0.01974768 0.00500269
v -0.02784711 -0.01974768 0.00500269
v -0.02782050 -0.01440091 -0.02130552
v -0.02770051 0.01921546 -0.01118040
v -0.02767441 -0.00784532 -0.02616528
v -0.02755890 0.01317680 -0.02171201
v -0.02748557 -0.02127491 -0.00785218
v -0.02748557 -0.02127491 -0.00785218
v -0.02744592 0.01800206 0.01054000
v -0.02688763 0.01851240 -0.01597012
v -0.02686932 -0.01864395 0.01084860
v -0.02686932 -0.01864395 0.01084860
v -0.02683972 -0.02096416 -0.01258980
v -0.02683972 -0.02096416 -0.01258980
v -0.02677227 0.00788310 -0.02690199
v -0.02618465 0.01670149 0.01493268
v -0.02608882 0.00529333 0.02041516
v -0.02593811 -0.00346897 0.02040844
v -0.02568129 0.00067309 0.02110964
v -0.02565423 -0.00156719 -0.03038424
v -0.02561976 -0.00886189 0.01938159
v -0.02538411 0.02358641 -0.00017510
v -0.02534876 0.01709784 -0.02191775
v -0.02520837 0.00285416 -0.03090171
v -0.02514288 -0.02137604 -0.01715563
v -0.02514288 -0.02137604 -0.01715563
v -0.02513214 0.02317574 0.00530377
v -0.02511085 0.02370695 -0.00624645
v -0.02509392 -0.01415586 -0.02621898
v -0.02492920 0.01189689 -0.02719159
v -0.02489958 -0.01619976 0.01678577
v -0.02489958 -0.01619976 0.01678577
v -0.02486181 0.01032820 0.02048618
v -0.02471178 0.02178912 0.01049407
v -0.02454431 0.02355877 -0.01095585
v -0.02441925 -0.00737860 -0.03020160
v -0.02440308 -0.02586631 -0.00010703
v -0.02430963 -0.02463921 0.00661388
v -0.02407513 0.00707242 -0.03075876
v -0.02388569 -0.02621190 -0.00672921
v -0.02383022 0.02291230 -0.01576058
v -0.02362193 -0.02296001 0.01225910
v -0.02355683 0.02057209 0.01490047
v -0.02352766 -0.02134540 -0.02115674
v -0.02352766 -0.02134540 -0.02115674
v -0.02285319 0.01557392 -0.02742096
v -0.02272255 -0.01335097 0.02112968
v -0.02272255 -0.01335097 0.02112968
v -0.02269906 -0.00559054 0.02249946
v -0.02255722 -0.02676252 -0.01151589
v -0.02233302 0.01067118 -0.03106957
v -0.02231197 0.02137928 -0.02169773
v -0.02192977 0.01510951 0.02079353
v -0.02190207 0.01966121 0.01802414
v -0.02175988 -0.01355659 -0.03026786
v -0.02152831 -0.00137686 -0.03387202
v -0.02134714 -0.02089143 0.01798701
v -0.02126431 -0.02015832 -0.02606165
v -0.02126431 -0.02015832 -0.02606165
v -0.02124705 0.00412271 0.02354345
v -0.02103163 -0.00668948 -0.03319960
v -0.02100676 0.00276392 -0.03429483
v -0.02098348 0.02794163 -0.00031655
v -0.02082598 0.02729445 0.00526263
v -0.02065284 0.02827290 -0.00602482
v -0.02046810 -0.02988987 0.00154404
v -0.02042613 0.02623968 0.01023118
v -0.02035500 0.02786329 -0.01082628
v -0.02005389 0.00610965 -0.03427030
v -0.02005309 -0.02874832 0.00803015
v -0.01990037 0.00964740 -0.03364056
v -0.01976784 -0.01011154 0.02394578
v -0.01976784 -0.01011154 0.02394578
v -0.01966694 0.02487978 0.01446207
v -0.01965931 0.01358098 -0.03206158
v -0.01960238 0.00732046 0.02387312
v -0.01957240 -0.02779543 -0.01700286
v -0.01951989 0.01978983 -0.02753687
v -0.01949285 0.02716701 -0.01562177
v -0.01944471 -0.00073924 0.02410282
v -0.01935877 -0.03083997 -0.00511531
v -0.01914460 -0.01770423 0.02225236
v -0.01912332 -0.02717775 0.01347658
v -0.01873460 -0.01225383 -0.03300857
v -0.01841114 0.02253197 0.01896019
v -0.01828689 -0.03091398 -0.01006673
v -0.01813802 0.02557480 -0.02142443
v -0.01789010 -0.00594303 -0.03472905
v -0.01778396 -0.00093137 -0.03557028
v -0.01764396 -0.01900818 -0.03059937
v -0.01764396 -0.01900818 -0.03059937
v -0.01754281 -0.02460034 0.01895785
v -0.01726570 0.01142301 0.02421689
v -0.01720814 0.01970001 0.02202048
v -0.01716290 -0.02747438 -0.02163706
v -0.01706047 -0.00725199 0.02488516
v -0.01706047 -0.00725199 0.02488516
v -0.01698534 0.00307791 -0.03593750
v -0.01680872 0.03075496 0.00522850
v -0.01680872 0.03075496 0.00522850
v -0.01667554 0.01155699 -0.03472175
v -0.01667394 -0.03110061 -0.01345553
v -0.01662574 0.02936643 0.01054935
v -0.01662574 0.02936643 0.01054935
v -0.01660667 0.03164729 -0.00012059
v -0.01660667 0.03164729 -0.00012059
v -0.01635755 -0.03276950 0.00243217
v -0.01633852 -0.01419289 0.02528109
v -0.01621546 -0.02087924 0.02300519
v -0.01621179 0.02754584 0.01483773
v -0.01621179 0.02754584 0.01483773
v -0.01615960 -0.01091066 -0.03455236
v -0.01609441 0.01742379 -0.03225775
v -0.01606875 0.02338882 -0.02707338
v -0.01590894 0.03204383 -0.00589283
v -0.01590894 0.03204383 -0.00589283
v -0.01579989 -0.03151273 0.00920819
v -0.01552181 0.00736845 -0.03592232
v -0.01542315 0.03169705 -0.01065140
v -0.01542315 0.03169705 -0.01065140
v -0.01524506 0.02525865 0.01881676
v -0.01524506 0.02525865 0.01881676
v -0.01518367 -0.03364057 -0.00433613
v -0.01515935 0.00286067 0.02470528
v -0.01502173 -0.02616930 -0.02612652
v -0.01485986 -0.02957563 0.01500331
v -0.01471130 -0.00459024 -0.03547335
v -0.01464999 0.03093472 -0.01533081
v -0.01464999 0.03093472 -0.01533081
v -0.01446521 0.00309398 -0.03620168
v -0.01443993 -0.01654799 -0.03384149
v -0.01443993 -0.01654799 -0.03384149
v -0.01413082 -0.00118865 -0.03584235
v -0.01412062 -0.00426811 0.02493524
v -0.01412062 -0.00426811 0.02493524
v -0.01405745 0.01487637 0.02475988
v -0.01402125 0.02231324 0.02205923
v -0.01402125 0.02231324 0.02205923
v -0.01393698 -0.03357440 -0.00908012
v -0.01387353 0.01471748 -0.03467477
v -0.01377969 -0.02705769 0.01967643
v -0.01375096 0.00752928 0.02467053
v -0.01362904 -0.01660751 0.02622144
v -0.01350261 -0.01130686 0.02667911
v -0.01333997 0.02940092 -0.02111314
v -0.01333997 0.02940092 -0.02111314
v -0.01310613 0.01982552 -0.03243844
v -0.01293958 0.00642564 -0.03629829
v -0.01293782 -0.02313847 -0.03068770
v -0.01237037 -0.02321614 0.02389545
v -0.01220155 -0.03323392 -0.01393252
v -0.01210793 0.02688810 -0.02647719
v -0.01210793 0.02688810 -0.02647719
v -0.01199839 -0.03199358 -0.01809032
v -0.01172351 0.01104382 0.02469464
v -0.01149388 -0.03480970 0.00336012
v -0.01137930 -0.00783496 -0.03519995
v -0.01133155 -0.00305361 -0.03477583
v -0.01130244 0.03276224 0.01041815
v -0.01129876 0.01162906 -0.03604860
v -0.01127593 -0.01392110 -0.03558028
v -0.01127593 -0.01392110 -0.03558028
v -0.01123535 0.03510363 -0.00013184
v -0.01117697 0.03436677 0.00516832
v -0.01112906 0.01681981 -0.03474560
v -0.01112235 0.03086126 0.01467516
v -0.01105067 -0.03043782 -0.02246259
v -0.01090382 -0.03542205 -0.00364168
v -0.01090085 0.00507789 -0.03597108
v -0.01088119 -0.03340463 0.01025573
v -0.01074280 0.01752713 0.02517969
v -0.01074280 0.01752713 0.02517969
v -0.01069591 0.00221850 0.02361697
v -0.01051790 -0.01393716 0.02763496
v -0.01040122 0.03540123 -0.00593469
v -0.01032857 -0.01972830 0.02673391
v -0.01027142 -0.01949688 -0.03424922
v -0.01026700 -0.03079741 0.01646195
v -0.01025290 0.02825071 0.01893796
v -0.01012311 0.03477467 -0.01076028
v -0.01001570 -0.03536924 -0.00799771
v -0.01000962 -0.00810797 0.02680986
v -0.00999199 -0.00203854 0.02371572
v -0.00999199 -0.00203854 0.02371572
v -0.00998182 -0.00011064 -0.03470711
v -0.00980396 -0.02864149 -0.02625682
v -0.00962351 0.03366247 -0.01557727
v -0.00952714 0.00960174 -0.03618889
v -0.00949789 -0.03507107 -0.01084467
v -0.00945089 -0.02808616 0.02078086
v -0.00932976 0.00497497 0.02348068
v -0.00895527 0.03208094 -0.02021347
v -0.00884501 0.01347697 -0.03606866
v -0.00883335 0.02274650 -0.03257981
v -0.00883335 0.02274650 -0.03257981
v -0.00878445 -0.01623739 0.02804185
v -0.00860976 0.00759366 0.02354729
v -0.00849694 -0.01032413 -0.03556998
v -0.00849694 -0.01032413 -0.03556998
v -0.00838094 -0.00547620 -0.03387951
v -0.00816528 0.00325788 -0.03443885
v -0.00799473 -0.02496785 0.02433490
v -0.00787103 0.02027832 0.02547174
v -0.00784734 0.00762602 -0.03564941
v -0.00780565 0.02891099 -0.02659982
v -0.00779607 0.02471278 0.02327139
v -0.00773090 0.01298813 0.02573509
v -0.00773090 0.01298813 0.02573509
v -0.00772271 0.01062039 -0.03609143
v -0.00764739 0.01910395 -0.03492877
v -0.00764739 0.01910395 -0.03492877
v -0.00741313 -0.01578504 -0.03603295
v -0.00736633 -0.02559819 -0.03065839
v -0.00706845 0.00167888 0.02086381
v -0.00690666 -0.00107065 -0.03233162
v -0.00690666 -0.00107065 -0.03233162
v -0.00667282 -0.00526484 0.02527576
v -0.00651886 -0.02019726 0.02754376
v -0.00651063 -0.03633110 0.00333708
v -0.00650249 0.00836424 0.02356268
v -0.00650249 0.00836424 0.02356268
v -0.00639306 0.00501785 -0.03424788
v -0.00628956 -0.03498164 -0.01496733
v -0.00621802 0.01509235 -0.03616770
v -0.00621802 0.01509235 -0.03616770
v -0.00607948 -0.03675912 -0.00279475
v -0.00594238 -0.00154482 0.02122505
v -0.00594238 -0.00154482 0.02122505
v -0.00589438 0.03478677 0.01063230
v -0.00588975 -0.03461402 0.01086495
v -0.00583472 -0.03401626 -0.01824843
v -0.00576899 0.03303279 0.01463288
v -0.00572485 -0.03653499 -0.00744190
v -0.00570656 0.03033913 0.01877616
v -0.00569464 -0.03595127 -0.01146266
v -0.00556380 -0.03171214 0.01706388
v -0.00552949 -0.01642628 0.02878678
v -0.00547621 0.03634463 0.00542163
v -0.00547166 -0.00699442 -0.03347099
v -0.00547166 -0.00699442 -0.03347099
v -0.00544421 0.02808521 0.02133830
v -0.00542166 0.00440074 0.01945550
v -0.00542166 0.00440074 0.01945550
v -0.00526381 0.00153136 -0.03105628
v -0.00526381 0.00153136 -0.03105628
v -0.00523584 -0.03225711 -0.02242303
v -0.00522951 -0.00264337 0.02201518
v -0.00513010 -0.02133402 -0.03437868
v -0.00499455 -0.02930235 0.02081186
v -0.00498531 0.03713166 -0.00031216
v -0.00495480 0.03342046 -0.01983834
v -0.00495052 0.01008538 -0.03558542
v -0.00495052 0.01008538 -0.03558542
v -0.00492297 0.03635779 -0.01053282
v -0.00474174 0.03068863 -0.02510258
v -0.00471846 0.03510385 -0.01535718
v -0.00466839 0.03712240 -0.00548704
v -0.00456740 -0.01094945 -0.03572615
v -0.00446301 0.01860143 0.02635927
v -0.00437741 0.00039677 0.01785767
v -0.00435898 0.02456529 -0.03229200
v -0.00424070 -0.02613152 0.02446031
v -0.00407729 -0.01152378 0.02854991
v -0.00384672 -0.00112891 -0.03144200
v -0.00372830 0.02062064 -0.03484382
v -0.00354613 -0.03009490 -0.02650457
v -0.00348088 -0.00138250 0.01827221
v -0.00348088 -0.00138250 0.01827221
v -0.00325655 0.00098784 0.01653971
v -0.00325655 0.00098784 0.01653971
v -0.00325655 0.00098784 0.01653971
v -0.00319431 -0.02130306 0.02776415
v -0.00317045 0.00280641 -0.03040083
v -0.00317045 0.00280641 -0.03040083
v -0.00310859 -0.00405945 -0.03055112
v -0.00310859 -0.00405945 -0.03055112
v -0.00310859 -0.00405945 -0.03055112
v -0.00308791 -0.01666829 -0.03598530
v -0.00302094 0.01614992 -0.03619102
v -0.00300216 0.00685578 -0.03341502
v -0.00300216 0.00685578 -0.03341502
v -0.00294337 0.00013205 -0.03091583
v -0.00279760 0.00506808 0.01945444
v -0.00275526 -0.00213795 -0.03122825
v -0.00259558 0.01112844 -0.03570700
v -0.00240808 0.02845399 0.02172393
v -0.00237312 0.00929503 0.02478073
v -0.00230981 -0.02687006 -0.03030891
v -0.00227369 -0.00798607 -0.03356854
v -0.00220354 0.00223785 0.01472140
v -0.00220354 0.00223785 0.01472140
v -0.00203986 -0.01707944 0.02907292
v -0.00202819 -0.00368358 0.02286563
v -0.00191781 0.02501933 0.02451225
v -0.00191072 0.00060915 -0.03057469
v -0.00185938 -0.00715597 0.02671525
v -0.00173252 -0.03583327 -0.01434221
v -0.00157754 -0.01367491 -0.03600849
v -0.00156932 0.01410532 0.02662673
v -0.00154904 -0.00047423 0.01600774
v -0.00154904 -0.00047423 0.01600774
v -0.00154904 -0.00047423 0.01600774
v -0.00147885 0.00795221 -0.03368819
v -0.00138273 -0.02215768 -0.03407905
v -0.00129790 -0.00102144 -0.03370740
v -0.00126260 -0.00203137 -0.03356698
v -0.00122693 -0.00208361 -0.03340994
v -0.00118962 0.00466672 -0.03119951
v -0.00118962 0.00466672 -0.03119951
v -0.00118962 0.00466672 -0.03119951
v -0.00118962 0.00466672 -0.03119951
v -0.00087885 0.00091948 0.01963010
v -0.00082148 -0.00199475 -0.03305825
v -0.00082148 -0.00199475 -0.03305825
v -0.00081574 -0.03660641 -0.01125928
v -0.00077387 -0.03730771 -0.00627451
v -0.00073726 0.03067070 0.01951157
v -0.00073658 0.00250976 0.01548961
v -0.00073658 0.00250976 0.01548961
v -0.00068068 0.00152332 -0.03193684
v -0.00068068 0.00152332 -0.03193684
v -0.00066947 -0.00047515 -0.03348015
v -0.00066947 -0.00047515 -0.03348015
v -0.00066409 -0.00236045 -0.03114748
v -0.00066409 -0.00236045 -0.03114748
v -0.00064668 -0.03692092 0.00384834
v -0.00060793 -0.00260878 -0.03449076
v -0.00060793 -0.00260878 -0.03449076
v -0.00059684 0.00461246 0.01979220
v -0.00058597 -0.00001784 0.01977803
v -0.00057748 -0.00172690 -0.03451871
v -0.00057748 -0.00172690 -0.03451871
v -0.00055931 -0.03750001 -0.00280971
v -0.00054829 0.03023824 -0.02630456
v -0.00051351 0.00188570 0.01951462
v -0.00050258 -0.03491884 0.01128071
v -0.00043268 -0.00247527 -0.03429267
v -0.00043268 -0.00247527 -0.03429267
v -0.00041189 -0.00106825 -0.03425228
v -0.00041189 -0.00106825 -0.03425228
v -0.00040808 -0.00107334 -0.03316807
v -0.00040571 0.03374700 0.01479643
v -0.00037287 -0.01738138 -0.03584172
v -0.00028451 -0.00194526 -0.03457670
v -0.00017661 -0.00222456 -0.03406573
v -0.00017661 -0.00222456 -0.03406573
v -0.00016293 -0.00004268 -0.03316877
v -0.00016293 -0.00004268 -0.03316877
v -0.00013568 -0.00038884 0.01716594
v -0.00013568 -0.00038884 0.01716594
v -0.00013568 -0.00038884 0.01716594
v -0.00010117 -0.00180488 -0.03432775
v 0.00009137 0.01806044 0.02700323
v 0.00014317 -0.00042311 0.01956885
v 0.00014317 -0.00042311 0.01956885
v 0.00017098 0.00064517 0.02291360
v 0.00028571 -0.03009775 0.02041023
v 0.00033659 0.03549144 0.01101826
v 0.00037423 -0.00408407 -0.02974569
v 0.00037423 -0.00408407 -0.02974569
v 0.00037423 -0.00408407 -0.02974569
v 0.00038985 -0.00037320 0.02262219
v 0.00041994 0.01691937 -0.03592749
v 0.00042119 0.03551740 -0.01537964
v 0.00043501 0.03352424 -0.02050033
v 0.00044674 0.00423424 -0.03020953
v 0.00044674 0.00423424 -0.03020953
v 0.00054506 0.00142115 0.02273520
v 0.00054588 -0.03224105 0.01720218
v 0.00056784 0.00235035 0.01967026
v 0.00069769 0.00103333 0.01855205
v 0.00076480 -0.02720216 0.02366637
v 0.00078511 0.00283678 0.01804146
v 0.00080428 -0.00002006 -0.03355758
v 0.00080615 0.00116574 -0.03229015
v 0.00081331 0.03665866 -0.01077628
v 0.00085238 -0.00302813 0.02328967
v 0.00091030 -0.00853215 -0.03396736
v 0.00092850 0.03750001 -0.00044789
v 0.00095689 -0.00155018 -0.03150142
v 0.00097268 0.00098509 0.01796648
v 0.00097268 0.00098509 0.01796648
v 0.00097268 0.00098509 0.01796648
v 0.00106912 0.03685828 0.00567194
v 0.00112690 0.03739166 -0.00574796
v 0.00119585 0.00196367 0.01810217
v 0.00122084 0.02125524 -0.03453889
v 0.00124538 0.00724013 -0.03308517
v 0.00130471 0.00847619 0.02508947
v 0.00131615 -0.01404303 -0.03593534
v 0.00134421 0.01190562 -0.03556088
v 0.00136122 0.00092761 -0.03173716
v 0.00142358 -0.02713938 -0.03024939
v 0.00143843 -0.02262210 0.02712603
v 0.00155306 -0.00002820 -0.03289371
v 0.00160192 -0.00065821 0.02226384
v 0.00160192 -0.00065821 0.02226384
v 0.00161529 -0.01178654 0.02914505
v 0.00163200 0.00176713 0.02230289
v 0.00172071 -0.03034900 -0.02668186
v 0.00174898 -0.03517103 -0.01684403
v 0.00177789 -0.03336865 -0.02146625
v 0.00185029 -0.01765579 0.02887446
v 0.00197248 0.00395715 0.02126408
v 0.00197252 0.00100417 0.02137260
v 0.00201385 0.02504621 -0.03188986
v 0.00216919 -0.02281538 -0.03362722
v 0.00232707 -0.00086960 0.02857536
v 0.00237739 0.00261179 -0.02986593
v 0.00237739 0.00261179 -0.02986593
v 0.00242616 -0.00635527 0.02698023
v 0.00249559 -0.00185388 0.02832126
v 0.00264581 -0.00009595 0.02842392
v 0.00283717 -0.01108406 -0.03536624
v 0.00288990 -0.00258452 -0.03027305
v 0.00288990 -0.00258452 -0.03027305
v 0.00290800 -0.01865934 -0.03541435
v 0.00310290 0.00086249 -0.02996071
v 0.00310290 0.00086249 -0.02996071
v 0.00310290 0.00086249 -0.02996071
v 0.00311800 0.02445068 0.02487597
v 0.00313374 0.01339273 0.02684613
v 0.00327902 0.00230002 0.02148454
v 0.00331160 -0.00115542 0.02374474
v 0.00347466 0.00042466 0.02148690
v 0.00347466 0.00042466 0.02148690
v 0.00354977 0.02925639 0.02085739
v 0.00368894 0.00019993 0.02799253
v 0.00373868 -0.00228114 0.02789949
v 0.00373868 -0.00228114 0.02789949
v 0.00376774 -0.00722643 0.03302547
v 0.00379532 -0.03622211 -0.01272972
v 0.00383704 0.02995369 -0.02639742
v 0.00386135 -0.00610496 -0.03260271
v 0.00390445 -0.02940526 0.02102144
v 0.00396760 -0.00288285 0.03226738
v 0.00398862 -0.00798175 0.03305385
v 0.00398862 -0.00798175 0.03305385
v 0.00399520 -0.00747081 0.03364695
v 0.00401177 -0.03699944 -0.00770614
v 0.00405176 -0.00366719 0.03166841
v 0.00406784 -0.01629674 -0.03583301
v 0.00414754 -0.00750232 0.03244928
v 0.00414754 -0.00750232 0.03244928
v 0.00416130 0.01777736 -0.03551537
v 0.00423476 0.00626838 -0.03335340
v 0.00423823 -0.01338710 0.02922572
v 0.00425637 -0.00043613 0.02704773
v 0.00432810 -0.02733649 0.02315180
v 0.00435710 0.00626544 0.02479646
v 0.00440310 -0.00674777 0.03405425
v 0.00441092 -0.00388114 0.03343046
v 0.00441747 -0.00771620 0.03430032
v 0.00451265 -0.00200113 0.03247156
v 0.00454281 -0.00761982 0.03264608
v 0.00455570 -0.00658215 0.03332319
v 0.00455581 -0.00373612 0.03052761
v 0.00455581 -0.00373612 0.03052761
v 0.00457891 -0.00706398 0.03458423
v 0.00457899 -0.00785314 0.03295369
v 0.00460318 -0.00465767 0.03275326
v 0.00470216 -0.00834587 0.03385801
v 0.00470216 -0.00834587 0.03385801
v 0.00472758 -0.00495021 0.03439586
v 0.00472805 0.01791614 0.02695020
v 0.00474399 -0.03723730 -0.00278218
v 0.00479062 -0.03480281 0.01081759
v 0.00481391 -0.00817146 0.03334763
v 0.00485292 -0.00801802 0.03499929
v 0.00485414 -0.03667742 0.00385657
v 0.00487739 -0.00296674 0.03371904
v 0.00489125 -0.00641371 0.03459530
v 0.00489673 -0.00571309 0.03514330
v 0.00495589 -0.00707619 0.03543759
v 0.00500834 -0.00574628 0.03367245
v 0.00501036 -0.02269601 0.02654776
v 0.00504159 0.03335150 -0.02028772
v 0.00505824 -0.01830704 0.02845150
v 0.00509040 -0.00689434 0.03279584
v 0.00509040 -0.00689434 0.03279584
v 0.00511613 0.03289497 0.01583792
v 0.00513639 -0.00509165 0.03213121
v 0.00513639 -0.00509165 0.03213121
v 0.00515007 -0.00727347 0.03281580
v 0.00517404 -0.00759161 0.03290690
v 0.00520304 -0.00397282 0.03474975
v 0.00526839 -0.00640835 0.03608129
v 0.00527786 -0.00848651 0.03450173
v 0.00527786 -0.00848651 0.03450173
v 0.00529507 -0.00833148 0.03531433
v 0.00540259 -0.00803683 0.03341874
v 0.00540620 -0.00378250 0.03082243
v 0.00542708 -0.00756162 0.03581741
v 0.00543272 -0.00475131 0.03551689
v 0.00549078 -0.00828719 0.03387799
v 0.00549690 -0.00851407 0.03492325
v 0.00549690 -0.00851407 0.03492325
v 0.00549690 -0.00851407 0.03492325
v 0.00550135 -0.00156749 0.03203553
v 0.00556610 -0.00844186 0.03426136
v 0.00560873 -0.00702794 0.03293606
v 0.00566476 -0.00622041 0.03281293
v 0.00566476 -0.00622041 0.03281293
v 0.00567307 -0.00416160 -0.03248830
v 0.00568578 -0.00286952 0.03033911
v 0.00571592 0.02098186 -0.03409635
v 0.00573214 -0.03190340 0.01686715
v 0.00573481 -0.02078715 -0.03437727
v 0.00573979 -0.00820758 0.03535099
v 0.00586214 -0.00548111 0.03628374
v 0.00588030 -0.00726917 0.03324891
v 0.00591559 -0.00839292 0.03475939
v 0.00591559 -0.00839292 0.03475939
v 0.00591772 -0.00783870 0.03559936
v 0.00601951 -0.00681001 0.03622004
v 0.00602222 -0.00202150 0.03118346
v 0.00605225 -0.00473599 0.03208108
v 0.00606767 0.00262726 -0.03289810
v 0.00611156 -0.00241583 0.03346688
v 0.00615208 0.03510011 -0.01512351
v 0.00623851 0.01540826 -0.03568458
v 0.00625918 0.03487746 0.01130802
v 0.00633428 -0.00612857 0.03619870
v 0.00634450 -0.00016437 -0.03232531
v 0.00634450 -0.00016437 -0.03232531
v 0.00635251 -0.00820342 -0.03470170
v 0.00636347 -0.02291204 -0.03306306
v 0.00638825 -0.00683479 0.03363094
v 0.00639355 -0.00791205 0.03373279
v 0.00639722 -0.00808393 0.03454327
v 0.00639722 -0.00808393 0.03454327
v 0.00647764 -0.00575691 0.03307782
v 0.00663269 -0.00318361 0.03456120
v 0.00666357 -0.00221343 0.02630837
v 0.00669234 -0.00702003 0.03552905
v 0.00678190 0.03620265 0.00599627
v 0.00678984 -0.00387191 0.03543540
v 0.00680908 -0.01364758 -0.03590918
v 0.00681058 -0.00411409 0.03220330
v 0.00683068 -0.00751099 0.03489693
v 0.00683068 -0.00751099 0.03489693
v 0.00691137 -0.00489962 0.03629829
v 0.00691468 -0.00755511 0.03397810
v 0.00691662 0.03617721 -0.01042845
v 0.00698500 0.00322829 0.02514644
v 0.00704439 -0.00655035 0.03364029
v 0.00705085 -0.00324939 0.03277913
v 0.00722094 -0.00606691 0.03568960
v 0.00723523 0.03684739 -0.00537630
v 0.00724222 -0.00518806 0.03312533
v 0.00727604 0.02783559 0.02141985
v 0.00730119 0.02477444 -0.03121741
v 0.00731574 0.03695580 -0.00035756
v 0.00736020 -0.00691137 0.03507370
v 0.00736020 -0.00691137 0.03507370
v 0.00736498 -0.01540234 0.02891513
v 0.00749033 -0.00722063 0.03447682
v 0.00756049 -0.02617379 -0.03032237
v 0.00758271 -0.00063875 0.02532567
v 0.00758271 -0.00063875 0.02532567
v 0.00765079 0.01012587 0.02694916
v 0.00773891 0.00846123 -0.03530691
v 0.00775103 -0.00395541 0.03371318
v 0.00775830 -0.00486949 0.03617891
v 0.00776449 0.01647817 0.02702704
v 0.00781326 -0.00633079 0.03394398
v 0.00781480 -0.00433608 0.03525595
v 0.00783648 0.02280056 0.02490436
v 0.00785041 -0.02889997 -0.02748418
v 0.00798631 -0.01841029 -0.03498100
v 0.00807770 -0.00590992 0.03596669
v 0.00808830 -0.00553857 -0.03437587
v 0.00830297 -0.02710839 0.02232309
v 0.00832970 -0.00682357 0.03469342
v 0.00836056 0.01909014 -0.03441401
v 0.00838844 -0.03185114 -0.02277813
v 0.00840594 -0.00634315 0.03531384
v 0.00840594 -0.00634315 0.03531384
v 0.00864351 -0.01943184 0.02741663
v 0.00871823 -0.03384660 -0.01809133
v 0.00871877 -0.00923873 0.02885393
v 0.00888553 -0.00486728 0.03453030
v 0.00890438 -0.00513446 0.03556639
v 0.00894730 -0.00599717 0.03434062
v 0.00895610 -0.00551880 0.03435131
v 0.00896731 0.02897526 -0.02623576
v 0.00897764 -0.02248176 0.02557199
v 0.00901406 -0.03500605 -0.01365691
v 0.00910370 -0.00634371 0.03453583
v 0.00915410 -0.02056219 -0.03378161
v 0.00918289 -0.00577927 0.03444545
v 0.00918633 -0.00550251 0.03455951
v 0.00920454 -0.00589983 0.03524270
v 0.00920454 -0.00589983 0.03524270
v 0.00921409 -0.00514656 0.03475759
v 0.00922940 -0.01651215 -0.03530427
v 0.00926531 -0.00106586 -0.03421286
v 0.00926531 -0.00106586 -0.03421286
v 0.00927208 -0.00524313 0.03520709
v 0.00929279 -0.00594444 0.03456956
v 0.00937338 -0.00569671 0.03499665
v 0.00937338 -0.00569671 0.03499665
v 0.00937338 -0.00569671 0.03499665
v 0.00948219 -0.01359074 0.02899270
v 0.00957404 -0.03575885 -0.00828687
v 0.00962869 0.03136918 0.01618892
v 0.00964819 0.00294832 -0.03490422
v 0.00977476 -0.03606096 -0.00348668
v 0.00998461 0.01301984 -0.03559064
v 0.01002701 -0.03545437 0.00356584
v 0.01024039 0.03217268 -0.02048338
v 0.01041330 -0.01121125 -0.03588657
v 0.01070789 -0.03064796 0.01638333
v 0.01072719 0.00566538 0.02678082
v 0.01074994 -0.03342888 0.01049802
v 0.01081578 0.02632812 0.02139486
v 0.01083337 -0.02388913 -0.03113454
v 0.01085945 0.03345552 0.01123474
v 0.01090768 -0.01879024 -0.03415580
v 0.01092831 -0.02672352 0.02151245
v 0.01094592 0.01501363 0.02679615
v 0.01106271 -0.01789702 0.02771968
v 0.01108449 0.02321432 -0.03120342
v 0.01118682 0.02062534 0.02494027
v 0.01136742 0.03395342 -0.01533706
v 0.01139036 -0.00526535 0.02818048
v 0.01142528 0.03497950 0.00596640
v 0.01146795 0.03525978 -0.01004001
v 0.01176072 -0.00225536 0.02699236
v 0.01176072 -0.00225536 0.02699236
v 0.01177638 0.03584877 -0.00498608
v 0.01183767 0.03584341 0.00001741
v 0.01184063 0.00175936 0.02641056
v 0.01235911 -0.02709728 -0.02742751
v 0.01235971 0.01660254 -0.03428505
v 0.01241996 0.01222746 0.02682334
v 0.01288333 -0.02164303 0.02503622
v 0.01299360 -0.00114489 0.02691886
v 0.01310494 0.01263331 -0.03516520
v 0.01325595 -0.01593349 0.02763166
v 0.01338158 -0.02143774 -0.03183305
v 0.01343158 -0.00749724 -0.03562508
v 0.01344154 0.02674758 -0.02672307
v 0.01347459 -0.02945956 -0.02354481
v 0.01375528 0.00924803 -0.03564799
v 0.01378091 -0.01616700 -0.03434677
v 0.01385282 0.02936589 0.01609059
v 0.01390758 -0.01262499 -0.03538583
v 0.01427418 0.00567156 -0.03571805
v 0.01432175 0.02390559 0.02137533
v 0.01440770 -0.03142709 -0.01864590
v 0.01446994 0.01871345 0.02449385
v 0.01461263 0.00990251 0.02665414
v 0.01470134 -0.01213188 0.02769692
v 0.01490018 -0.00323720 -0.03535586
v 0.01490018 -0.00323720 -0.03535586
v 0.01506979 -0.02589196 0.01964184
v 0.01522125 0.03124793 0.01122545
v 0.01523147 -0.03223893 -0.01485664
v 0.01549903 0.02015633 -0.03121587
v 0.01556297 0.01463066 -0.03382763
v 0.01564072 0.00305060 -0.03538091
v 0.01567455 0.00055566 -0.03539421
v 0.01568195 0.02950927 -0.02095621
v 0.01573985 -0.02400590 -0.02844579
v 0.01593105 -0.02874509 0.01467705
v 0.01603821 -0.03294408 -0.00902913
v 0.01605956 0.03291578 0.00553806
v 0.01621834 0.03399440 -0.00047929
v 0.01624436 -0.01747844 0.02557168
v 0.01625086 0.01558328 0.02493718
v 0.01628478 -0.00875827 -0.03509386
v 0.01629141 -0.03318503 -0.00378239
v 0.01631959 0.03188758 -0.01529362
v 0.01637424 -0.03277727 0.00273391
v 0.01638589 0.03397973 -0.00467272
v 0.01656284 0.03330785 -0.00966402
v 0.01667260 -0.01829354 -0.03218210
v 0.01672304 -0.00818110 0.02719039
v 0.01675457 -0.03077573 0.00952690
v 0.01686503 -0.02265447 0.02172474
v 0.01690147 0.00830931 0.02629333
v 0.01693964 0.01078113 -0.03449294
v 0.01738381 0.02695539 0.01596221
v 0.01751964 -0.02611652 -0.02452682
v 0.01776867 0.02124346 0.02116786
v 0.01810206 0.00508170 0.02617271
v 0.01819100 -0.01380738 0.02565893
v 0.01819175 -0.00377159 -0.03483013
v 0.01819175 -0.00377159 -0.03483013
v 0.01832844 0.00662951 -0.03457457
v 0.01838542 0.01293642 0.02490351
v 0.01839045 -0.00449158 0.02646968
v 0.01839045 -0.00449158 0.02646968
v 0.01876141 0.00171269 0.02614223
v 0.01882869 0.02289506 -0.02673738
v 0.01883843 0.00039912 -0.03471050
v 0.01886766 0.01671617 -0.03114034
v 0.01890560 -0.01458794 -0.03261066
v 0.01901010 0.02905116 0.01034594
v 0.01916587 -0.02009444 -0.02924640
v 0.01928447 -0.00162816 0.02618869
v 0.01939056 -0.01985258 0.02202195
v 0.01955545 0.00359595 -0.03424262
v 0.01989723 0.02918299 -0.01551046
v 0.01995332 -0.02726900 -0.01924479
v 0.02013029 0.03015332 0.00542507
v 0.02019517 -0.02453956 0.01646532
v 0.02026354 -0.00989466 0.02507626
v 0.02032270 0.01862864 0.02120480
v 0.02062735 -0.01078445 -0.03259878
v 0.02077103 0.02413182 0.01575554
v 0.02085059 0.03047902 -0.00992021
v 0.02085066 0.01256452 -0.03187123
v 0.02099227 -0.02803742 -0.01545506
v 0.02127151 0.03052288 -0.00035453
v 0.02127384 0.03077807 -0.00498955
v 0.02127863 0.01003864 0.02399233
v 0.02128236 0.02509853 -0.02094927
v 0.02145707 -0.02228505 -0.02491352
v 0.02181808 -0.01623315 0.02198961
v 0.02187295 -0.00592652 0.02454674
v 0.02187295 -0.00592652 0.02454674
v 0.02193810 -0.01611073 -0.02949468
v 0.02202353 -0.02698186 0.00911839
v 0.02206548 -0.02849578 -0.00977866
v 0.02228123 0.02614300 0.01059539
v 0.02243149 -0.00472933 -0.03253080
v 0.02243149 -0.00472933 -0.03253080
v 0.02248761 0.01536121 0.02130624
v 0.02258880 -0.02872977 -0.00452808
v 0.02265388 0.02735789 -0.01313047
v 0.02270056 0.00563038 0.02400878
v 0.02276117 0.01850112 -0.02660327
v 0.02288903 -0.02185848 0.01640888
v 0.02292134 -0.02809267 0.00228482
v 0.02295766 0.00796003 -0.03163316
v 0.02304136 -0.00031297 -0.03250978
v 0.02308983 0.00408577 -0.03208329
v 0.02321877 -0.00153373 0.02395692
v 0.02327462 0.00180154 0.02384813
v 0.02341479 0.02725152 0.00537285
v 0.02351719 -0.02343960 -0.01967450
v 0.02362443 -0.01225288 -0.02940107
v 0.02383198 0.02118210 0.01575227
v 0.02389344 0.02760607 -0.00981584
v 0.02392519 -0.01235145 0.02132460
v 0.02433216 0.02787309 -0.00560352
v 0.02433848 0.02762485 -0.00025830
v 0.02464204 -0.02411506 -0.01570054
v 0.02495190 -0.01751377 -0.02462182
v 0.02519825 -0.02415931 0.00830577
v 0.02521310 0.01091925 0.02068827
v 0.02524940 0.02392645 -0.01528051
v 0.02528294 0.02316199 0.01066842
v 0.02530899 0.01335610 -0.02733699
v 0.02539770 -0.00724981 0.02107068
v 0.02539770 -0.00724981 0.02107068
v 0.02576892 -0.02469642 -0.01019312
v 0.02583215 -0.00645083 -0.02902277
v 0.02583215 -0.00645083 -0.02902277
v 0.02595456 -0.01773599 0.01573918
v 0.02616990 -0.02503208 -0.00493498
v 0.02627750 -0.02472504 0.00164537
v 0.02652173 0.01723732 0.01576902
v 0.02655171 0.01909881 -0.02068478
v 0.02659234 0.00623118 0.02057802
v 0.02665165 -0.01367091 -0.02454430
v 0.02668079 -0.00278152 0.02046460
v 0.02679120 -0.01874304 -0.01964893
v 0.02688897 0.00814718 -0.02735243
v 0.02699075 0.02391595 -0.01010166
v 0.02710524 0.02352943 0.00521096
v 0.02717681 -0.00106311 -0.02842839
v 0.02731764 0.00138500 0.02009852
v 0.02756203 0.00333384 -0.02759748
v 0.02772644 0.02377603 -0.00618368
v 0.02783353 -0.01372637 0.01483359
v 0.02792438 -0.01918796 -0.01589531
v 0.02799971 0.02360235 -0.00079451
v 0.02852051 -0.01975379 0.00700933
v 0.02875864 -0.01448685 -0.01959097
v 0.02879030 -0.00766803 -0.02426336
v 0.02879030 -0.00766803 -0.02426336
v 0.02880873 0.01870902 -0.01593470
v 0.02885067 0.01146552 0.01570812
v 0.02890745 -0.01974493 -0.01062288
v 0.02896334 0.01791242 0.01066018
v 0.02906031 0.01291241 -0.02175928
v 0.02915286 -0.00858436 0.01445305
v 0.02915286 -0.00858436 0.01445305
v 0.02934086 -0.02010818 0.00106047
v 0.02945325 -0.02009030 -0.00518343
v 0.02989089 -0.01494657 -0.01577367
v 0.03001004 0.01881432 -0.01210286
v 0.03004685 -0.00215402 -0.02378582
v 0.03005450 0.00759618 -0.02217763
v 0.03027684 0.00644008 0.01480215
v 0.03030995 0.00271779 -0.02292994
v 0.03031498 -0.01534194 0.00709074
v 0.03047338 -0.00307090 0.01429002
v 0.03066539 0.01832672 0.00466378
v 0.03078238 -0.00845087 -0.01928672
v 0.03078238 -0.00845087 -0.01928672
v 0.03078651 0.00164929 0.01438358
v 0.03087951 -0.01551168 -0.01048995
v 0.03117588 -0.01562164 0.00119155
v 0.03117940 0.01846604 -0.00678520
v 0.03119735 0.01241304 -0.01688119
v 0.03134280 -0.01568624 -0.00502409
v 0.03146492 0.01830339 -0.00138911
v 0.03150829 0.01182626 0.00961352
v 0.03175447 -0.00881215 0.00763605
v 0.03175447 -0.00881215 0.00763605
v 0.03189142 -0.00279311 -0.01870431
v 0.03193274 -0.00874942 -0.01526485
v 0.03193274 -0.00874942 -0.01526485
v 0.03209090 0.00707616 -0.01727742
v 0.03217938 0.00217168 -0.01795486
v 0.03226600 0.01241283 -0.01297141
v 0.03248470 0.00654648 0.00926967
v 0.03287415 -0.00919539 -0.00980837
v 0.03287415 -0.00919539 -0.00980837
v 0.03287515 -0.00314768 0.00732982
v 0.03290372 0.01189197 0.00388931
v 0.03292707 -0.00914064 0.00180085
v 0.03292707 -0.00914064 0.00180085
v 0.03302313 0.00204808 0.00835208
v 0.03307961 -0.00309316 -0.01467206
v 0.03325650 -0.00926596 -0.00438533
v 0.03325650 -0.00926596 -0.00438533
v 0.03325973 0.00665962 -0.01335958
v 0.03328918 0.01197256 -0.00760688
v 0.03349355 0.00188844 -0.01434075
v 0.03351984 0.01178225 -0.00220540
v 0.03383896 0.00654165 0.00353272
v 0.03398583 -0.00338479 0.00212545
v 0.03413819 -0.00355471 -0.00943034
v 0.03422611 0.00620887 -0.00799689
v 0.03431902 0.00169519 0.00275818
v 0.03445133 0.00642714 -0.00259525
v 0.03446931 -0.00354886 -0.00402400
v 0.03450044 0.00144871 -0.00901645
v 0.03485376 0.00156742 -0.00337273
vn -0.99895144 -0.04439743 0.01117823
vn -0.99426717 -0.04470420 -0.09713060
vn -0.98638386 -0.06150104 0.15252723
vn -0.98215699 0.18778980 -0.01012651
vn -0.97844726 0.15469553 0.13678585
vn -0.97620696 0.18687877 -0.10998289
vn -0.98056281 -0.04776550 -0.19030251
vn -0.96692890 -0.25330272 0.02976782
vn -0.96737731 -0.24299693 -0.07164911
vn -0.95363003 -0.25319672 0.16273047
vn -0.96604526 0.17330179 -0.19163297
vn -0.94855076 -0.07069454 0.30863184
vn -0.95747924 -0.23369820 -0.16917077
vn -0.93428218 0.33467805 0.12291189
vn -0.93774390 0.34698546 -0.01540836
vn -0.93762404 0.13078274 0.32211360
vn -0.96125287 -0.04100688 -0.27260125
vn -0.93820876 0.33145711 -0.09950134
vn -0.94938779 0.16920485 -0.26463661
vn -0.91613412 -0.24445863 0.31770799
vn -0.93199229 0.31187695 -0.18472429
vn -0.93598884 -0.22776628 -0.26841652
vn -0.90893155 0.29319561 0.29644552
vn -0.92156816 -0.38508439 0.04921561
vn -0.91288787 -0.40105417 -0.07610075
vn -0.87921011 -0.07956596 0.46974346
vn -0.92150271 -0.04680704 -0.38554102
vn -0.91033924 -0.37457231 0.17600560
vn -0.91923457 0.15441927 -0.36216360
vn -0.91846192 0.29885879 -0.25905827
vn -0.89725882 -0.40259308 -0.18123312
vn -0.90358996 0.42834240 0.00693335
vn -0.89349484 0.43224168 0.12179507
vn -0.90603596 0.41642851 -0.07540637
vn -0.88785952 -0.23793493 -0.39381778
vn -0.83921289 0.20380469 0.50416803
vn -0.85465574 -0.22647600 0.46719623
vn -0.87731969 -0.34341031 0.33523068
vn -0.89795744 0.40857577 -0.16351844
vn -0.81269324 0.04921141 0.58060986
vn -0.86834902 0.41330439 0.27413401
vn -0.86350721 -0.41549000 -0.28587314
vn -0.88123506 0.29547596 -0.36894286
vn -0.87932873 0.39833516 -0.26097921
vn -0.83430821 -0.07430839 -0.54626727
vn -0.85409349 0.51979512 0.01836887
vn -0.76558614 -0.16703691 0.62127024
vn -0.83963645 0.14253473 -0.52411306
vn -0.85139877 0.52016485 -0.06744434
vn -0.84493846 0.51755685 0.13495956
vn -0.81179720 -0.30354521 0.49884424
vn -0.79307497 0.34308037 0.50331688
vn -0.85013312 -0.52549464 0.03360010
vn -0.85010493 -0.52554053 0.03359868
vn -0.85445893 -0.49167627 0.16779266
vn -0.85442722 -0.49172804 0.16780235
vn -0.81671792 -0.41647625 -0.39939880
vn -0.84046328 0.51747751 -0.16074353
vn -0.80355918 -0.23697211 -0.54601914
vn -0.83552665 0.38664412 -0.39038637
vn -0.83143097 -0.54691702 -0.09800132
vn -0.83142549 -0.54692590 -0.09799895
vn -0.81354284 0.50829202 0.28246638
vn -0.81954408 0.50493145 -0.27090877
vn -0.83001357 -0.44846547 0.33159652
vn -0.82992452 -0.44862014 0.33161020
vn -0.81302756 -0.54930246 -0.19301039
vn -0.81296891 -0.54939520 -0.19299313
vn -0.80290502 0.28527161 -0.52341533
vn -0.75589031 0.44444719 0.48072502
vn -0.64742780 0.12288672 0.75215423
vn -0.66067010 -0.11797748 0.74134767
vn -0.60513312 -0.01531214 0.79597706
vn -0.72439754 -0.08432633 -0.68420565
vn -0.70344675 -0.21695605 0.67682552
vn -0.76053196 0.64850932 0.03204266
vn -0.77589303 0.48820734 -0.39955413
vn -0.71539891 0.10326883 -0.69104260
vn -0.77331936 -0.56730157 -0.28310069
vn -0.77329636 -0.56733537 -0.28309608
vn -0.74626619 0.64770776 0.15349743
vn -0.76243597 0.64400160 -0.06287549
vn -0.74448001 -0.39020705 -0.54174531
vn -0.76745081 0.35777521 -0.53199255
vn -0.76379436 -0.37689230 0.52399462
vn -0.76378214 -0.37690878 0.52400053
vn -0.62548786 0.23667681 0.74347097
vn -0.73434705 0.61496705 0.28731498
vn -0.74969596 0.64314008 -0.15597053
vn -0.68952399 -0.22320217 -0.68901199
vn -0.77039152 -0.63570881 0.04869457
vn -0.77307296 -0.60273927 0.19764507
vn -0.70278323 0.23687890 -0.67080849
vn -0.74970359 -0.65675336 -0.08136105
vn -0.72824937 0.62980902 -0.27017289
vn -0.74665689 -0.55211264 0.37104601
vn -0.69606811 0.56951594 0.43719640
vn -0.72530884 -0.56928068 -0.38710028
vn -0.72529489 -0.56929928 -0.38709912
vn -0.70404768 0.45271301 -0.54714513
vn -0.66759080 -0.25640005 0.69898593
vn -0.66758865 -0.25639170 0.69899112
vn -0.52194297 -0.08645651 0.84858757
vn -0.71186620 -0.67734814 -0.18559618
vn -0.68083185 0.32211131 -0.65780866
vn -0.68912494 0.60106975 -0.40474910
vn -0.57624936 0.32366225 0.75045282
vn -0.64387834 0.48823276 0.58910906
vn -0.63061464 -0.34882084 -0.69328868
vn -0.53099310 -0.08942629 -0.84264416
vn -0.68940860 -0.46859261 0.55239171
vn -0.65469486 -0.53559160 -0.53340060
vn -0.65467155 -0.53562576 -0.53339493
vn -0.38330081 0.05505581 0.92198128
vn -0.52331185 -0.19366822 -0.82984173
vn -0.51588887 0.06928460 -0.85384917
vn -0.67715949 0.73414755 0.04982281
vn -0.66413391 0.73147953 0.15447950
vn -0.66837651 0.74173862 -0.05564818
vn -0.65901178 -0.74744248 0.08386438
vn -0.64944291 0.70829433 0.27666423
vn -0.65471399 0.73783237 -0.16417386
vn -0.49548873 0.15926382 -0.85388875
vn -0.64692801 -0.72347534 0.24097203
vn -0.52807701 0.24111789 -0.81424624
vn -0.49853864 -0.06898235 0.86411840
vn -0.49850112 -0.06901769 0.86413723
vn -0.61611444 0.66746825 0.41819760
vn -0.56744677 0.40371820 -0.71764600
vn -0.32484111 0.08927537 0.94154561
vn -0.62121850 -0.72351730 -0.30101535
vn -0.60472882 0.56162328 -0.56469673
vn -0.62805814 0.72733700 -0.27662936
vn -0.29107577 0.00299153 0.95669526
vn -0.62883210 -0.77523923 -0.05978600
vn -0.60336536 -0.33930847 0.72167867
vn -0.62460291 -0.67357695 0.39517763
vn -0.49464467 -0.27222177 -0.82536173
vn -0.55255765 0.57981163 0.59874755
vn -0.58619934 -0.79136682 -0.17351890
vn -0.59727055 0.69328403 -0.40326801
vn -0.30484304 -0.14980403 -0.94054747
vn -0.25679198 -0.08873390 -0.96238464
vn -0.53752726 -0.47442418 -0.69712710
vn -0.53750414 -0.47445545 -0.69712365
vn -0.58539879 -0.57933933 0.56716335
vn -0.29339212 0.11336786 0.94924641
vn -0.45683748 0.39712510 0.79598451
vn -0.55057168 -0.73015505 -0.40465343
vn -0.29919752 0.09082715 0.94985849
vn -0.29918796 0.09079856 0.94986421
vn -0.24514093 0.02072729 -0.96926582
vn -0.58733940 0.79158640 0.16859241
vn -0.58728182 0.79162502 0.16861157
vn -0.37152249 0.27165145 -0.88779306
vn -0.51913881 -0.81608361 -0.25397316
vn -0.56693250 0.76797926 0.29798561
vn -0.56686717 0.76801705 0.29801247
vn -0.59128439 0.80473876 0.05270950
vn -0.59120685 0.80479658 0.05269657
vn -0.49825826 -0.85980457 0.11169042
vn -0.47374058 -0.15878993 0.86623073
vn -0.52985889 -0.42546862 0.73363882
vn -0.53039724 0.72088635 0.44609585
vn -0.53039664 0.72088915 0.44609240
vn -0.30373454 -0.14415248 -0.94178849
vn -0.47292334 0.47483370 -0.74221051
vn -0.52849305 0.63449150 -0.56401759
vn -0.57197374 0.81745672 -0.06790115
vn -0.57197326 0.81745708 -0.06789961
vn -0.48721236 -0.82997960 0.27158427
vn -0.24583292 0.12032687 -0.96181470
vn -0.55442542 0.81464124 -0.17021193
vn -0.55441004 0.81465608 -0.17019099
vn -0.46574616 0.64700687 0.60370749
vn -0.46563762 0.64705050 0.60374451
vn -0.46150640 -0.88610435 -0.04278715
vn 0.01274361 0.01621705 0.99978727
vn -0.48131120 -0.68823063 -0.54284281
vn -0.46275294 -0.77581447 0.42891923
vn -0.00562593 -0.09104235 -0.99583113
vn -0.52672035 0.80350137 -0.27740073
vn -0.52670938 0.80350620 -0.27740774
vn -0.01888305 -0.04405659 -0.99885058
vn -0.39671209 -0.33937931 -0.85290176
vn -0.39669123 -0.33941695 -0.85289639
vn 0.09951529 -0.11447743 -0.98842889
vn -0.04920711 0.18692121 0.98114181
vn -0.04918147 0.18685699 0.98115534
vn -0.24133506 0.10624586 0.96460831
vn -0.38280505 0.49249572 0.78160632
vn -0.38279605 0.49251017 0.78160149
vn -0.42900127 -0.88926774 -0.15862173
vn -0.31341019 0.33184978 -0.88974702
vn -0.42978635 -0.67859465 0.59564507
vn 0.04034554 -0.02535658 0.99886400
vn -0.42548823 -0.20956555 0.88036472
vn -0.30146050 0.07105462 0.95082742
vn -0.48530915 0.77856392 -0.39788595
vn -0.48519361 0.77862394 -0.39790952
vn -0.41387352 0.51171607 -0.75289798
vn -0.01380573 -0.00238992 -0.99990183
vn -0.38649207 -0.59112030 -0.70795530
vn -0.39019251 -0.52948672 0.75325537
vn -0.38296121 -0.88838452 -0.25320676
vn -0.43789265 0.70820719 -0.55379844
vn -0.43779808 0.70827687 -0.55378401
vn -0.38914204 -0.85809273 -0.33503032
vn -0.04431797 -0.12267017 0.99145746
vn -0.34696302 -0.92787856 0.13659407
vn 0.05971933 0.08564600 -0.99453419
vn 0.33230269 -0.02224070 -0.94291049
vn -0.42898199 0.84633893 0.31572926
vn -0.12744987 0.14680877 -0.98091984
vn -0.20380470 -0.09870768 -0.97402287
vn -0.20379755 -0.09863786 -0.97403133
vn -0.43106750 0.90055072 0.05647417
vn -0.43226901 0.88209444 0.18722413
vn -0.27696022 0.33568972 -0.90033627
vn -0.40869737 0.78945124 0.45796636
vn -0.35166028 -0.82966375 -0.43358162
vn -0.33012784 -0.94380009 -0.01603080
vn 0.21949035 -0.14106949 -0.96536177
vn -0.32490608 -0.89548582 0.30420589
vn -0.26722327 0.15111475 0.95171219
vn -0.26720142 0.15110195 0.95172042
vn 0.39186129 -0.02462059 0.91969484
vn -0.26764068 0.02542070 0.96318346
vn -0.39971447 0.91342771 -0.07666934
vn -0.32195574 -0.35542592 0.87750608
vn -0.26933089 -0.42567167 -0.86386603
vn -0.29320070 -0.83047765 0.47364560
vn -0.37362123 0.69391167 0.61554343
vn -0.38595808 0.90234321 -0.19186731
vn -0.31599489 -0.94185883 -0.11423291
vn -0.10592051 0.31555611 0.94297683
vn 0.29214126 0.32993582 0.89766127
vn 0.29219192 0.32984704 0.89767748
vn 0.43661854 -0.19224413 -0.87886661
vn -0.29063570 -0.77122158 -0.56634629
vn -0.36655962 0.88245189 -0.29480970
vn 0.06825943 -0.02093494 -0.99744791
vn -0.30949950 -0.93089181 -0.19403730
vn -0.27172837 -0.72816926 0.62923229
vn 0.40761510 -0.19005132 0.89315754
vn -0.34416258 0.84974492 -0.39935654
vn -0.11361182 0.12803692 -0.98524052
vn -0.30053222 0.57661080 -0.75973701
vn -0.30048746 0.57663649 -0.75973523
vn -0.26379576 -0.12516262 0.95642352
vn 0.08991449 -0.16497867 0.98219007
vn 0.02519833 0.20781122 -0.97784430
vn 0.02521791 0.20780081 -0.97784603
vn 0.30400327 0.21942332 -0.92705739
vn 0.48069131 -0.26460117 -0.83601558
vn -0.25275412 -0.59489667 0.76302904
vn -0.19861045 0.31816235 0.92699867
vn 0.26032710 -0.21868706 -0.94042850
vn -0.26755276 0.77140069 -0.57737035
vn -0.27393642 0.51909447 0.80962944
vn -0.13681670 -0.19358186 0.97149742
vn -0.13680914 -0.19368275 0.97147840
vn 0.09029811 -0.06501704 -0.99379027
vn -0.20242481 0.36480168 -0.90881449
vn -0.20238730 0.36480886 -0.90881997
vn -0.09586336 -0.13349266 -0.98640245
vn -0.20457907 -0.66615021 -0.71721071
vn 0.67723531 0.06219970 0.73313266
vn 0.49718577 0.02631792 -0.86724490
vn 0.49721324 0.02629923 -0.86722976
vn 0.07888708 0.58300000 0.80863327
vn -0.21175295 -0.37168950 0.90388471
vn -0.19951817 -0.96981531 0.14018081
vn 0.11785409 -0.52533430 0.84269470
vn 0.11792840 -0.52528983 0.84271193
vn 0.43637651 -0.38006172 -0.81555414
vn -0.22639805 -0.93502349 -0.27290109
vn -0.06342671 0.10182164 -0.99277866
vn -0.06340187 0.10180311 -0.99278206
vn -0.19748536 -0.98029858 0.00376927
vn 0.54250902 0.53114772 0.65081948
vn 0.54255295 0.53108311 0.65083557
vn -0.23657727 0.91404915 0.32946205
vn -0.16930112 -0.92832452 0.33098459
vn -0.19555876 -0.91417557 -0.35502094
vn -0.23096161 0.85555041 0.46334669
vn -0.18919875 -0.97651792 -0.10303651
vn -0.23249799 0.77343583 0.58969629
vn -0.18754974 -0.96456110 -0.18559857
vn -0.15710635 -0.85769099 0.48957512
vn -0.15762548 -0.08648744 0.98370433
vn -0.20905235 0.95965248 0.18805359
vn 0.25087750 0.43261164 -0.86597210
vn 0.25091720 0.43254870 -0.86599201
vn -0.23433468 0.66155815 0.71233988
vn 0.48007002 -0.42700967 0.76628691
vn 0.48010123 -0.42697585 0.76628613
vn 0.46840286 -0.09089845 -0.87882662
vn 0.46843290 -0.09104595 -0.87879544
vn -0.17127430 -0.87422365 -0.45431066
vn 0.27489230 0.76783460 0.57867450
vn -0.10329179 -0.47073761 -0.87620592
vn -0.14600165 -0.77512646 0.61470520
vn -0.18359442 0.98160291 0.05242970
vn -0.16539799 0.90189099 -0.39904416
vn 0.17178085 -0.26348749 -0.94924486
vn 0.17182335 -0.26337069 -0.94926953
vn -0.17342487 0.96559513 -0.19377816
vn -0.14495692 0.82789856 -0.54182243
vn -0.16710737 0.94065160 -0.29538053
vn -0.16488943 0.98346734 -0.07485682
vn 0.02687104 0.29901302 -0.95387065
vn -0.14288510 0.15984257 0.97674680
vn 0.71502656 0.23941581 0.65682352
vn -0.10902089 0.64517498 -0.75621670
vn -0.12808178 -0.64710969 0.75156111
vn -0.10764518 0.24134824 0.96444982
vn -0.07730715 0.02731563 -0.99663305
vn -0.06636474 0.41693237 -0.90651149
vn -0.12360226 -0.80503303 -0.58021051
vn 0.34887108 0.75582361 0.55409348
vn 0.34893167 0.75580430 0.55408186
vn -0.83326346 0.23311469 0.50132787
vn 0.76193863 0.00404575 0.64763653
vn 0.76194078 0.00399372 0.64763439
vn -0.09556721 -0.41642344 0.90413409
vn 0.08606867 -0.22580801 -0.97036231
vn 0.08608925 -0.22581616 -0.97035849
vn 0.27237904 0.16051129 -0.94870746
vn 0.27238837 0.16051772 -0.94870365
vn 0.27242011 0.16049048 -0.94869918
vn -0.01197382 -0.15414603 -0.98797548
vn 0.00258293 0.10581329 -0.99438268
vn 0.30887288 -0.49384230 -0.81284523
vn 0.30894980 -0.49380988 -0.81283569
vn -0.06914685 0.50796634 -0.85859710
vn 0.01478943 -0.75858706 0.65140384
vn -0.23899768 -0.60895562 -0.75634193
vn 0.08714030 -0.28878123 -0.95342118
vn -0.08912118 0.67688227 0.73067629
vn -0.13509785 -0.55616587 0.82001710
vn -0.07807580 -0.68680090 -0.72264016
vn 0.08224725 0.60781646 -0.78980660
vn -0.41470173 0.88509792 0.21124443
vn 0.47601599 -0.72718418 0.49458256
vn -0.04843578 -0.13093500 0.99020702
vn -0.08843461 0.80625707 0.58491778
vn -0.09364604 0.48795673 0.86782980
vn -0.39053109 0.34813380 -0.85222548
vn -0.09478825 0.55010664 0.82969737
vn -0.07558521 -0.95905656 -0.27294230
vn 0.00886641 0.06191811 -0.99804187
vn -0.10445814 -0.17449680 0.97910124
vn -0.46590522 -0.82448983 0.32116798
vn 0.14737815 0.81013012 0.56742305
vn 0.14749587 0.81012261 0.56740326
vn 0.13605843 -0.51887769 -0.84395140
vn -0.02138807 -0.49121964 -0.87077314
vn -0.59915680 0.36708406 -0.71151978
vn -0.69837874 -0.53946722 -0.47036406
vn -0.17371631 -0.98232728 -0.06968255
vn 0.18855542 -0.38481355 -0.90352935
vn 0.18859959 -0.38486418 -0.90349871
vn 0.18862382 -0.38485998 -0.90349543
vn 0.18866304 -0.38475835 -0.90353042
vn -0.91072291 0.01661969 0.41268337
vn 0.61687112 -0.78439134 0.06480873
vn 0.61688578 -0.78437960 0.06481124
vn -0.04699129 -0.98231763 -0.18122907
vn -0.04768836 -0.99484223 -0.08952641
vn -0.04091793 0.78423983 0.61910701
vn -0.35555542 -0.77722687 0.51913279
vn -0.09068431 0.99059606 0.10244872
vn -0.35974091 0.38011074 -0.85211635
vn -0.35969487 0.38012537 -0.85212928
vn 0.10678682 0.62250233 -0.77529836
vn 0.10682109 0.62249118 -0.77530247
vn 0.18056533 -0.73973870 -0.64821512
vn 0.18063325 -0.73971403 -0.64822435
vn -0.03308677 -0.98533475 0.16739386
vn -0.14123604 -0.85142958 -0.50509405
vn -0.14111367 -0.85139346 -0.50518924
vn -0.36028546 -0.77281332 0.52245003
vn -0.76486111 -0.61475223 0.19252872
vn -0.30701143 0.22578128 -0.92453593
vn -0.30699819 0.22581924 -0.92453110
vn -0.03961869 -0.99908179 0.01630785
vn -0.01993708 0.80748963 -0.58954489
vn -0.62164366 0.71095788 0.32878259
vn -0.01850276 -0.93920583 0.34285602
vn 0.55777591 -0.82298374 0.10762817
vn 0.55783558 -0.82294720 0.10759789
vn 0.38055867 0.64932907 -0.65844262
vn 0.38061911 0.64935476 -0.65838253
vn 0.87321121 -0.32351565 -0.36447200
vn -0.04599316 0.87936312 0.47392514
vn 0.00329490 -0.19972672 -0.97984612
vn 0.47759774 0.03982436 -0.87767565
vn 0.80504996 -0.55961549 0.19678678
vn 0.80506694 -0.55954123 0.19692856
vn -0.11080875 0.44639742 -0.88794750
vn -0.11078145 0.44654426 -0.88787711
vn -0.52274215 0.71727842 0.46070850
vn 0.22575799 -0.96896493 0.10069779
vn 0.22585487 -0.96893626 0.10075819
vn 0.92574495 0.11503651 -0.36022618
vn -0.05536208 0.13171192 0.98974091
vn 0.18977508 -0.96975064 -0.15352263
vn 0.18983319 -0.96972203 -0.15363167
vn -0.92849779 0.12363128 0.35015312
vn -0.01484958 -0.79618937 0.60486525
vn -0.01772907 0.94247544 0.33380491
vn 0.00267264 0.10703427 -0.99425179
vn 0.00267587 0.10701576 -0.99425375
vn 0.00272956 0.10697809 -0.99425769
vn -0.69700199 -0.70375592 0.13753484
vn 0.04385161 0.13429555 -0.98997056
vn 0.00105405 0.95412129 -0.29941857
vn -0.00256831 0.90407830 -0.42735922
vn 0.18866640 -0.20463246 -0.96048462
vn 0.18872678 -0.20468724 -0.96046102
vn -0.54648656 0.75867569 0.35463175
vn 0.00085487 -0.87385952 0.48617765
vn 0.31103408 0.95029324 -0.01416017
vn 0.92806363 -0.36516866 0.07314131
vn 0.01877780 -0.68034643 0.73264998
vn -0.69533557 -0.50951207 0.50685889
vn 0.25833350 0.07029365 -0.96349496
vn 0.31610855 0.61513591 -0.72227639
vn 0.01438660 0.98084098 -0.19427836
vn -0.40182683 0.71094555 0.57714093
vn -0.05252733 0.57786626 -0.81443930
vn 0.01296397 0.99900150 0.04275461
vn 0.45621547 -0.58471090 -0.67080599
vn -0.78088760 0.12324582 0.61239290
vn -0.78088194 0.12327115 0.61239505
vn 0.97765791 -0.14888160 0.14838874
vn 0.01190373 0.98352247 0.18039353
vn 0.02239922 0.99628723 -0.08312635
vn -0.64739639 -0.13719274 0.74970394
vn 0.05018286 0.44692722 -0.89316165
vn -0.09750713 -0.55920255 -0.82327694
vn -0.24005942 -0.49294540 0.83628720
vn 0.05860154 0.07066697 -0.99577713
vn 0.00879628 -0.23411891 -0.97216815
vn 0.66583425 0.49875677 -0.55489326
vn 0.02441021 -0.68567061 -0.72750252
vn 0.05482098 -0.48528561 0.87263536
vn 0.77432460 -0.05733489 -0.63018578
vn 0.38079563 -0.86192775 -0.33477658
vn 0.38085344 -0.86189896 -0.33478481
vn -0.06370965 0.18294635 0.98105651
vn 0.37474173 0.92406088 0.07536668
vn 0.02376147 -0.81040531 -0.58538753
vn 0.02517217 -0.94539160 -0.32496309
vn 0.01913058 -0.90283883 -0.42955330
vn 0.04347021 -0.20293690 0.97822642
vn -0.58337671 -0.55733705 0.59080195
vn 0.92491686 0.09653351 -0.36770928
vn 0.06306878 0.65200090 -0.75559062
vn 0.04530009 -0.52791178 -0.84809023
vn -0.90083206 0.11367972 0.41902107
vn -0.00573573 -0.04690053 -0.99888307
vn -0.00565800 -0.04687545 -0.99888480
vn -0.20393290 0.47177315 0.85781193
vn -0.77639717 -0.62759811 0.05768996
vn -0.48955035 0.73951399 0.46201673
vn -0.01257031 0.26885882 -0.96309757
vn -0.20005609 0.08467937 -0.97611833
vn -0.20004055 0.08473170 -0.97611696
vn 0.06850273 -0.29597360 -0.95273656
vn -0.01656356 0.01531440 -0.99974549
vn -0.01646466 0.01529101 -0.99974757
vn -0.01645830 0.01524809 -0.99974823
vn 0.06681101 0.48518527 0.87185532
vn -0.07955861 -0.13865976 0.98713923
vn -0.72505903 -0.26642540 0.63506448
vn -0.45981517 0.66868204 0.58432376
vn -0.72159821 0.33237889 0.60730559
vn -0.72153735 0.33252287 0.60729921
vn 0.10050546 0.71669531 0.69010615
vn 0.32386824 0.92697054 0.18930154
vn 0.25991154 -0.83645439 -0.48248321
vn 0.25993553 -0.83643401 -0.48250562
vn -0.91821599 0.36588228 -0.15168931
vn 0.10411649 -0.97084630 -0.21591032
vn 0.10270474 0.80110580 -0.58964491
vn -0.29891747 0.52465200 -0.79711264
vn 0.12831017 -0.77749932 0.61565518
vn -0.91209352 0.06127561 0.40537721
vn -0.63680112 -0.73496974 -0.23303199
vn -0.63675469 -0.73498762 -0.23310232
vn -0.91180241 -0.01687408 0.41028228
vn 0.11880638 -0.98663443 -0.11152381
vn -0.85930997 -0.51145518 -0.00006207
vn 0.06037774 -0.10710100 -0.99241316
vn -0.31884366 -0.08096591 -0.94434285
vn -0.31876475 -0.08103725 -0.94436324
vn 0.10345403 0.24970689 -0.96277916
vn -0.32700834 -0.43450505 -0.83920848
vn 0.00872868 -0.02898263 0.99954188
vn 0.93275166 0.18919809 -0.30688509
vn 0.13777477 -0.66584033 0.73326308
vn -0.37585977 -0.40993968 0.83107096
vn -0.87594998 0.41002399 0.25414944
vn -0.94214010 -0.01194893 0.33500659
vn -0.85184842 -0.29931703 0.42984146
vn -0.48066404 0.66109538 0.57612056
vn 0.27644372 -0.52002794 -0.80817682
vn -0.67092985 0.64072543 -0.37326136
vn -0.15572476 -0.83922046 -0.52101713
vn -0.15568054 -0.83922505 -0.52102298
vn -0.88802046 0.16742231 0.42824009
vn 0.15255578 -0.75182247 -0.64147460
vn -0.88104790 -0.46580645 -0.08233480
vn -0.40133375 -0.91441870 0.05262789
vn -0.40115267 -0.91449928 0.05260706
vn -0.96704006 -0.03156917 0.25265929
vn 0.04216987 0.17180330 0.98422825
vn 0.14106746 -0.98995441 0.00950396
vn 0.13890737 -0.93409616 0.32889065
vn 0.09895033 -0.85143322 -0.51504403
vn -0.78978068 -0.46863526 0.39576179
vn 0.14019741 -0.97513217 0.17164519
vn -0.55073839 0.54171610 0.63500470
vn -0.94607675 0.25723404 0.19689924
vn -0.94613922 0.10864737 0.30498576
vn -0.87624401 -0.06982768 0.47678152
vn -0.97756189 -0.01800325 -0.20987780
vn 0.16492029 -0.50944823 0.84454948
vn 0.12279817 0.89749289 -0.42358842
vn 0.10706367 -0.28569713 0.95232058
vn -0.03909886 0.26466304 -0.96354806
vn -0.03907984 0.26470578 -0.96353710
vn 0.14541239 0.84425718 0.51583445
vn -0.37955090 -0.70320117 -0.60120642
vn -0.37950909 -0.70324326 -0.60118365
vn 0.32018933 -0.11955332 -0.93977958
vn 0.39620692 -0.47318560 -0.78683895
vn -0.60527664 0.47187543 0.64107239
vn -0.61900955 0.01388185 0.78526080
vn -0.29980603 -0.95385861 0.01643646
vn -0.29978180 -0.95386690 0.01639545
vn -0.35568851 -0.74429679 0.56525022
vn 0.32201651 -0.69098169 -0.64718604
vn 0.34970480 -0.59757578 -0.72153294
vn -0.36050659 -0.41013420 0.83774996
vn -0.61679322 0.42261216 0.66405201
vn 0.21900183 -0.89839214 -0.38069642
vn -0.04679310 -0.97478616 0.21817924
vn -0.04677404 -0.97478986 0.21816707
vn -0.04677372 -0.97478724 0.21817914
vn 0.32568896 0.88806599 0.32444650
vn 0.19325356 -0.93295389 -0.30372688
vn 0.48673064 -0.20766947 -0.84850848
vn 0.02919936 -0.29474759 -0.95512903
vn 0.02923068 -0.29469657 -0.95514363
vn -0.48024786 0.28557658 -0.82934195
vn 0.73086369 -0.18677217 -0.65647119
vn 0.15868537 0.46095315 -0.87312150
vn 0.17997058 -0.85440731 0.48744106
vn 0.11323876 -0.40740120 -0.90620154
vn 0.38838688 -0.70623702 0.59193307
vn -0.35829908 0.20214893 0.91145903
vn 0.57696068 -0.26826522 -0.77145970
vn 0.48546726 -0.86509103 0.12625006
vn 0.48550612 -0.86505657 0.12633631
vn 0.38332039 -0.60027283 0.70195305
vn 0.18549480 -0.26346439 0.94666696
vn 0.85774773 0.45872664 -0.23203146
vn 0.39206469 -0.55077422 -0.73683989
vn -0.53041220 -0.24607988 -0.81123829
vn 0.29822171 0.85280073 0.42871290
vn 0.14045489 0.94530380 -0.29440328
vn 0.09224866 0.09217851 -0.99146020
vn 0.18471034 0.92062199 0.34400174
vn 0.26245213 -0.21333002 0.94106805
vn -0.57767481 -0.04983351 -0.81474447
vn -0.57759231 -0.04977495 -0.81480652
vn -0.17749314 0.32119393 -0.93023151
vn 0.15172273 -0.55306691 -0.81920522
vn 0.43862894 -0.27623484 -0.85516018
vn 0.51957655 -0.61509150 -0.59304518
vn 0.59997326 -0.79637742 0.07625728
vn 0.60000134 -0.79635054 0.07631774
vn 0.41986829 -0.45787713 -0.78361923
vn 0.23208453 0.84234351 0.48640946
vn -0.24047890 0.49172992 0.83688211
vn 0.56603187 -0.47559541 0.67336237
vn 0.18113452 0.96312338 0.19895621
vn 0.05173329 0.72345036 0.68843532
vn 0.00376120 0.01048611 -0.99993789
vn 0.74466962 -0.20498778 -0.63517493
vn 0.60800415 -0.69460326 0.38452205
vn 0.60801500 -0.69461894 0.38447660
vn 0.06639971 0.28383970 0.95656997
vn 0.64970821 -0.56325203 -0.51051575
vn 0.15032873 0.96984738 -0.19182600
vn -0.45352048 -0.16485734 0.87586606
vn 0.37076980 -0.42190817 -0.82735914
vn 0.85676563 0.46537656 -0.22220989
vn 0.25443536 -0.47496247 0.84242105
vn 0.15500553 0.98470777 -0.07952271
vn 0.57663155 -0.26619110 -0.77242362
vn 0.22173131 0.67134112 0.70720309
vn 0.19423355 0.63747317 -0.74558789
vn 0.16355951 0.98500872 0.05482897
vn 0.40949470 -0.65598333 0.63403469
vn 0.40950066 -0.65603614 0.63397610
vn 0.08194240 -0.19061747 0.97823840
vn 0.58611828 -0.80084383 -0.12294125
vn 0.18247867 -0.65529156 -0.73300380
vn -0.35610545 0.34407043 0.86879474
vn -0.35610217 0.34397864 0.86883253
vn -0.10307257 -0.13020891 0.98611444
vn -0.15062943 -0.16915123 -0.97401160
vn 0.79975021 0.53168607 -0.27876431
vn 0.23177819 0.37660632 0.89690936
vn 0.08952998 0.14874446 0.98481447
vn 0.45472831 -0.45197204 -0.76742649
vn 0.46919817 0.79207635 0.39047173
vn 0.20878041 0.44528323 0.87070870
vn 0.20099542 -0.76038373 -0.61758995
vn 0.13815488 -0.29994804 -0.94389856
vn 0.21829711 -0.47759432 0.85102880
vn -0.30577344 0.21825261 -0.92675155
vn 0.25638080 -0.68097651 0.68595916
vn 0.49213389 -0.86918932 -0.04810631
vn 0.22088102 0.36661702 -0.90377188
vn 0.22000052 -0.85852867 -0.46317199
vn 0.37378496 -0.66427743 0.64731777
vn 0.37380072 -0.66430980 0.64727545
vn 0.17369983 -0.41294891 0.89403665
vn 0.23937809 -0.91293275 -0.33053276
vn 0.03082458 0.16051252 0.98655236
vn 0.72167903 0.63454443 -0.27664575
vn 0.63313484 0.37646025 0.67632681
vn 0.39366984 -0.21642435 -0.89341170
vn 0.57028407 0.12457527 -0.81194651
vn 0.23999462 0.77330989 -0.58685136
vn 0.23502742 -0.54422885 0.80534279
vn 0.27480868 -0.93812728 -0.21070652
vn 0.62444758 -0.69358748 -0.35916784
vn 0.22806358 -0.46021020 -0.85801715
vn 0.65852398 0.05690689 -0.75040501
vn 0.78912055 0.25630575 -0.55820793
vn 0.65289873 -0.43093887 0.62290859
vn 0.65296865 -0.43078414 0.62294233
vn 0.81165874 0.53541559 -0.23353836
vn 0.13078101 -0.22380154 -0.96582049
vn -0.34731132 -0.00711581 -0.93772292
vn -0.34730721 -0.00707632 -0.93772477
vn 0.81071186 0.46092007 0.36096948
vn 0.90396452 -0.20519343 -0.37515852
vn 0.98872203 -0.10297605 0.10874167
vn 0.98872995 -0.10296820 0.10867608
vn 0.98873538 -0.10289973 0.10869169
vn 0.15689972 -0.06657867 0.98536777
vn 0.29864568 -0.94728273 -0.11604380
vn 0.30516058 0.79171407 0.52921253
vn -0.27787077 -0.14340825 -0.94985360
vn 0.31305316 -0.94971675 -0.00599007
vn 0.07626071 0.09797728 -0.99226248
vn 0.31573847 -0.93597877 0.15573378
vn 0.26897094 0.85670406 -0.44012821
vn -0.00669487 0.04043841 -0.99915957
vn 0.34087288 -0.80767733 0.48110607
vn -0.10333483 -0.11329192 0.98817348
vn 0.33164293 -0.88746232 0.32003689
vn 0.34537670 0.61888117 0.70547932
vn 0.29267564 -0.58932054 -0.75302207
vn 0.34793264 0.86645573 0.35804656
vn 0.26313967 -0.38800865 -0.88329315
vn 0.34477702 -0.68245149 0.64450657
vn 0.18294296 0.15688027 0.97052586
vn 0.23455183 -0.35715234 0.90411711
vn 0.31259310 0.56847984 -0.76099688
vn 0.29575747 0.40094870 0.86704534
vn 0.28598130 0.90844965 -0.30485079
vn 0.04762078 0.22922184 0.97220856
vn 0.33226940 0.91538560 0.22730227
vn 0.28754514 0.94012421 -0.18298694
vn -0.05192363 0.25076431 0.96665466
vn -0.05189928 0.25091764 0.96661609
vn 0.30272517 0.95091784 -0.06413126
vn 0.31757244 0.94449788 0.08409182
vn -0.11457454 0.02573675 0.99308121
vn 0.35978475 -0.69754463 -0.61966628
vn 0.27069524 0.33702973 -0.90174001
vn 0.15545982 0.08599338 0.98409212
vn 0.34920248 -0.53333068 0.77046478
vn 0.02833862 0.09171520 0.99538195
vn 0.21783638 0.21831894 -0.95125401
vn 0.34281117 -0.24640097 0.90651375
vn 0.35697657 -0.51590043 -0.77872628
vn 0.01694032 0.06099145 -0.99799454
vn 0.38431230 0.69881749 -0.60328954
vn 0.40801400 -0.77879041 -0.47645575
vn 0.12867689 0.07847738 -0.98857653
vn 0.30923164 -0.33163103 -0.89128929
vn 0.43733528 0.72959650 0.52576309
vn 0.25343314 -0.16579922 -0.95303845
vn 0.07699926 -0.01769298 -0.99687415
vn 0.43137723 0.56175548 0.70593518
vn 0.43951508 -0.83063513 -0.34186497
vn 0.37254164 0.38265502 0.84545124
vn 0.17403102 0.08011200 0.98147607
vn 0.33295873 -0.07559112 0.93990666
vn -0.00480565 0.02226613 -0.99974060
vn -0.00480251 0.02228844 -0.99974000
vn 0.44998097 -0.68609548 0.57165557
vn 0.47402847 0.79830623 0.37148920
vn 0.46486413 -0.85649031 -0.22433406
vn 0.41601196 0.49364498 -0.76370716
vn 0.36696291 0.32562768 -0.87138098
vn 0.25614905 0.01875687 -0.96645528
vn 0.05162057 -0.02796674 -0.99827510
vn 0.45695457 0.76531428 -0.45330638
vn 0.45572481 -0.61252576 -0.64585370
vn 0.48470423 -0.76060569 0.43190360
vn 0.48335159 -0.86715758 -0.12003760
vn 0.48193440 0.84432495 0.23421064
vn 0.47677842 0.87478077 0.08626103
vn 0.47350982 -0.37267074 0.79806322
vn 0.37165982 0.29883763 0.87895685
vn 0.31443393 -0.09242809 -0.94476885
vn 0.49127346 -0.87097257 -0.00755472
vn 0.46258131 0.82889014 -0.31457850
vn 0.49411738 -0.85946113 0.13105169
vn 0.46582791 0.88404912 -0.03822827
vn 0.45610669 0.87396759 -0.16777168
vn 0.43445605 -0.43847197 -0.78675926
vn 0.34980822 -0.01668905 0.93667263
vn 0.50434649 -0.80990028 0.29949313
vn 0.48627439 -0.58601433 0.64817005
vn 0.29497656 0.10209095 0.95003486
vn 0.37324545 0.20641519 -0.90447813
vn 0.52656424 0.66780943 0.52608043
vn 0.52997863 -0.68727994 -0.49675843
vn 0.48919949 0.52498835 0.69647044
vn 0.25719100 0.04390232 0.96536273
vn 0.52400696 -0.21586826 0.82390386
vn 0.32539970 -0.05630834 -0.94389856
vn 0.32540020 -0.05628589 -0.94389975
vn 0.38632572 0.09650349 -0.91730011
vn 0.41164088 0.25079527 0.87615842
vn 0.32950377 0.02019228 0.94393831
vn 0.32950458 0.02019555 0.94393796
vn 0.26312530 0.05591306 0.96314007
vn 0.54387730 0.59309143 -0.59366667
vn 0.34586081 0.00871936 -0.93824530
vn 0.51366240 0.42019027 -0.74805820
vn 0.50281280 -0.29705954 -0.81174809
vn 0.57001799 0.73917109 0.35875589
vn 0.55035448 -0.51382840 -0.65809596
vn 0.32741693 0.02215081 0.94462031
vn 0.57412386 -0.47877726 0.66419435
vn 0.41155455 0.06510229 -0.90905696
vn 0.61173028 0.72222906 -0.32275546
vn 0.60082793 -0.71361858 -0.36021432
vn 0.59770131 0.76652735 0.23492332
vn 0.58104140 -0.66095150 0.47490412
vn 0.56255430 -0.13984619 0.81484705
vn 0.54139674 0.45221832 0.70879352
vn 0.55063003 -0.20184579 -0.80997831
vn 0.57937396 0.62401593 0.52433747
vn 0.61370081 0.76684475 -0.18793707
vn 0.55214179 0.30174202 -0.77723306
vn 0.63212025 -0.73436660 -0.24724419
vn 0.62187690 0.77655387 0.10115914
vn 0.61790007 0.78579551 -0.02692292
vn 0.51312387 0.19641884 0.83553785
vn 0.62966692 0.64812785 -0.42831045
vn 0.64977890 -0.57307130 -0.49937633
vn 0.66079134 -0.33432618 0.67199761
vn 0.57669050 -0.10029366 0.81078315
vn 0.57669115 -0.10029007 0.81078321
vn 0.65755635 -0.37259522 -0.65482253
vn 0.62545341 -0.72212303 0.29554427
vn 0.64419460 -0.75131637 -0.14330751
vn 0.62901020 0.68740618 0.36306888
vn 0.57728207 -0.11572951 -0.80830193
vn 0.57729423 -0.11570279 -0.80829704
vn 0.60335129 0.35415059 0.71452403
vn 0.64892566 -0.76032460 -0.02831865
vn 0.68613237 0.67366010 -0.27459854
vn 0.53969270 0.10967687 0.83468729
vn 0.65164101 0.48271173 -0.58510965
vn 0.68717313 -0.54711688 0.47797108
vn 0.64964998 -0.75106120 0.11773703
vn 0.62330866 0.16785239 -0.76374853
vn 0.59671581 -0.00785411 -0.80241418
vn 0.61957884 0.09550641 -0.77910233
vn 0.60330760 -0.03222271 0.79685730
vn 0.57958782 0.03541555 0.81413990
vn 0.67055535 0.70595318 0.22800334
vn 0.71791196 -0.59686977 -0.35825834
vn 0.71345776 -0.26558357 -0.64841604
vn 0.65346330 0.54736537 0.52285439
vn 0.71002454 0.67191637 -0.21069795
vn 0.72871977 -0.22347417 0.64732277
vn 0.72267622 0.68948925 -0.04841267
vn 0.70980549 0.69824994 0.09286130
vn 0.74816197 -0.61042464 -0.26006785
vn 0.76508766 -0.42344612 -0.48511249
vn 0.74489045 -0.60708040 0.27675185
vn 0.68855476 0.24895723 0.68111128
vn 0.72440910 0.62303454 -0.29505819
vn 0.70915860 0.60636693 0.35974050
vn 0.72523427 0.33419210 -0.60195595
vn 0.75751060 -0.15960670 0.63301146
vn 0.75756562 -0.15956335 0.63295650
vn 0.76602578 -0.62219745 -0.16147712
vn 0.74657935 -0.17639430 -0.64148611
vn 0.74657977 -0.17639908 -0.64148414
vn 0.79938549 -0.38902783 0.45786476
vn 0.77556133 -0.62986547 -0.04211932
vn 0.77777362 -0.62164009 0.09290765
vn 0.74736631 0.40955430 0.52317190
vn 0.75838917 0.49890780 -0.41944826
vn 0.74552137 0.11905617 0.65576190
vn 0.81470442 -0.30934060 -0.49047437
vn 0.77812022 -0.10593715 0.61911726
vn 0.81163406 -0.46281755 -0.35644078
vn 0.78475231 0.18064252 -0.59290141
vn 0.77334720 0.60429388 -0.19173685
vn 0.76363206 0.61084682 0.20912263
vn 0.77863443 -0.03517906 -0.62649095
vn 0.78369159 -0.00437975 0.62113476
vn 0.79695338 0.09260766 -0.59689957
vn 0.79937327 0.59611988 -0.07512259
vn 0.86422646 -0.25462815 0.43390909
vn 0.84269947 -0.47259429 -0.25789979
vn 0.79659700 0.60200530 0.05498158
vn 0.85794425 -0.45113871 0.24577537
vn 0.87197238 -0.33529302 -0.35671103
vn 0.85279083 -0.21463695 -0.47610787
vn 0.85281426 -0.21456394 -0.47609916
vn 0.82941949 0.46944791 -0.30279064
vn 0.83413076 0.24161045 0.49583283
vn 0.86244178 -0.47785270 -0.16688614
vn 0.83112723 0.42764318 0.35545576
vn 0.84790272 0.30354795 -0.43464884
vn 0.87889320 -0.19419888 0.43569896
vn 0.87892383 -0.19420755 0.43563312
vn 0.88123858 -0.46582615 0.08015345
vn 0.87796247 -0.47640994 -0.04707011
vn 0.90337485 -0.34474167 -0.25508240
vn 0.85993046 0.45898187 -0.22328316
vn 0.89260954 -0.06644642 -0.44590703
vn 0.89048886 0.15117003 -0.42915872
vn 0.88425416 0.10841815 0.45424667
vn 0.90482199 0.06666068 -0.42053956
vn 0.91697603 -0.30770200 0.25391820
vn 0.89369822 -0.13252302 0.42865032
vn 0.88286442 0.42858183 0.19201061
vn 0.91584617 -0.21970394 -0.33608949
vn 0.91586143 -0.21966246 -0.33607486
vn 0.90080565 -0.00909214 0.43412730
vn 0.92483956 -0.34872818 -0.15185674
vn 0.94047928 -0.32715523 0.09202299
vn 0.89528406 0.43556759 -0.09352715
vn 0.91066986 0.27822140 -0.30540657
vn 0.94020164 -0.33918348 -0.03123432
vn 0.90513301 0.42340502 0.03824235
vn 0.91957802 0.23434739 0.31536883
vn 0.93898213 -0.20419896 0.27679497
vn 0.93898320 -0.20419464 0.27679461
vn 0.94451362 -0.07947040 -0.31871393
vn 0.94538933 -0.22429480 -0.23649733
vn 0.94539702 -0.22426225 -0.23649707
vn 0.93707389 0.12906045 -0.32440111
vn 0.93945223 0.02687012 -0.34162477
vn 0.93908513 0.26812455 -0.21500769
vn 0.94797146 0.10595361 0.30020663
vn 0.96118182 -0.24191327 -0.13269337
vn 0.96118647 -0.24189013 -0.13270213
vn 0.95511764 -0.12874384 0.26678693
vn 0.95900369 0.23031162 0.16513166
vn 0.96586150 -0.22511905 0.12819134
vn 0.96588856 -0.22499843 0.12819892
vn 0.95878035 -0.00912956 0.28400153
vn 0.96178430 -0.11217517 -0.24977544
vn 0.96972501 -0.24402599 -0.00920152
vn 0.96973675 -0.24397962 -0.00919828
vn 0.96666884 0.13586012 -0.21701013
vn 0.96479714 0.24382208 -0.09857694
vn 0.96522546 0.01240194 -0.26112449
vn 0.97191316 0.23363410 0.02828301
vn 0.97970223 0.11627008 0.16329354
vn 0.98013830 -0.13479753 0.14545989
vn 0.98155308 -0.13641897 -0.13395344
vn 0.98657262 0.12433100 -0.10590620
vn 0.98785591 -0.00558686 0.15527187
vn 0.99190503 0.12419234 0.02646994
vn 0.99032491 -0.13865937 0.00548849
vn 0.99220085 0.00752775 -0.12442223
vn 0.99991477 0.00042921 0.01304838
vt 0.22578201 0.25738400
vt 0.24881800 0.23000902
vt 0.20261100 0.28194600
vt 0.25329500 0.28490698
vt 0.22942200 0.30807900
vt 0.27784401 0.25891602
vt 0.26884699 0.20654798
vt 0.19697700 0.22796202
vt 0.22202300 0.19962204
vt 0.17607901 0.25536001
vt 0.29589400 0.23724604
vt 0.18110099 0.30682397
vt 0.24433801 0.18108898
vt 0.24922200 0.32858300
vt 0.27360100 0.30728400
vt 0.20464300 0.33184999
vt 0.28844401 0.18943900
vt 0.30006400 0.28257400
vt 0.31397799 0.21873701
vt 0.15383001 0.28616500
vt 0.31703100 0.26193404
vt 0.26747400 0.16318202
vt 0.22435699 0.35021102
vt 0.17001300 0.20134300
vt 0.19863600 0.16944897
vt 0.16199499 0.32672298
vt 0.30998001 0.17324001
vt 0.14529499 0.23293602
vt 0.33101201 0.19926000
vt 0.33410701 0.24172801
vt 0.22274899 0.15010101
vt 0.29595199 0.33223099
vt 0.27208999 0.35398000
vt 0.32086501 0.30779004
vt 0.28691000 0.14584303
vt 0.19600600 0.36507100
vt 0.13737400 0.31190199
vt 0.12338500 0.26658499
vt 0.34000400 0.28777999
vt 0.16785701 0.35374904
vt 0.24668001 0.37586200
vt 0.24430799 0.12938601
vt 0.35509601 0.22166699
vt 0.35785499 0.26522398
vt 0.33711201 0.15223402
vt 0.31507599 0.35367703
vt 0.12873399 0.33208597
vt 0.35734200 0.17623001
vt 0.34052399 0.32880402
vt 0.29008099 0.37517101
vt 0.11012100 0.29724699
vt 0.21793599 0.39088404
vt 0.13801000 0.16612798
vt 0.98610699 0.38745296
vt 0.11052600 0.20593601
vt 0.97930402 0.44191504
vt 0.26550400 0.11136597
vt 0.36003000 0.30833197
vt 0.31347299 0.12565398
vt 0.37769899 0.23848599
vt 0.16777200 0.13370097
vt 0.98556399 0.33763802
vt 0.26239699 0.39513898
vt 0.37821001 0.28537899
vt 0.08833700 0.24235404
vt 0.96349698 0.48938900
vt 0.19415200 0.11148703
vt 0.98265201 0.30017602
vt 0.37882701 0.19472301
vt 0.23832200 0.41032398
vt 0.16430500 0.38840902
vt 0.12211000 0.35512400
vt 0.13910501 0.37467897
vt 0.35908201 0.13791901
vt 0.09878700 0.32957196
vt 0.33531901 0.37735701
vt 0.39939699 0.25433898
vt 0.37854201 0.15605998
vt 0.21893799 0.08638602
vt 0.96956599 0.26401699
vt 0.30925301 0.39956903
vt 0.36303499 0.35163498
vt 0.29458901 0.08982301
vt 0.40018100 0.21004301
vt 0.07198400 0.28667104
vt 0.93974000 0.54096001
vt 0.18646701 0.41090703
vt 0.28037500 0.41666299
vt 0.38356099 0.33041799
vt 0.33981600 0.10830402
vt 0.94774997 0.39168799
vt 0.94134700 0.44093096
vt 0.39718300 0.17417002
vt 0.94865501 0.34382904
vt 0.40244699 0.30654401
vt 0.93024898 0.48278403
vt 0.25569600 0.43250799
vt 0.24296500 0.06735599
vt 0.95575500 0.23200101
vt 0.42106700 0.22412699
vt 0.91386002 0.58049202
vt 0.06492000 0.32537401
vt 0.09756300 0.36505800
vt 0.94018698 0.30907899
vt 0.41703400 0.18733698
vt 0.42412400 0.27393603
vt 0.20488399 0.43960297
vt 0.23773199 0.44601899
vt 0.32329401 0.07178301
vt 0.38495299 0.11964601
vt 0.90702403 0.52414501
vt 0.27807999 0.05017799
vt 0.93763602 0.19169199
vt 0.13949899 0.41188401
vt 0.36425099 0.09477299
vt 0.40324301 0.13727903
vt 0.36217400 0.40338898
vt 0.33304799 0.42667699
vt 0.39053401 0.37825501
vt 0.91314501 0.39587903
vt 0.30458501 0.44527602
vt 0.41096300 0.35385299
vt 0.41887099 0.15130901
vt 0.90535700 0.43857801
vt 0.42996699 0.17014301
vt 0.06368900 0.36170399
vt 0.88582098 0.61255699
vt 0.27828500 0.45991701
vt 0.44020900 0.19379497
vt 0.15078700 0.43173599
vt 0.91873300 0.27051997
vt 0.44869101 0.24063802
vt 0.43153900 0.32880700
vt 0.10826700 0.40310901
vt 0.90997100 0.35130298
vt 0.88589603 0.56024599
vt 0.89382201 0.47448003
vt 0.34915599 0.06180298
vt 0.24577300 0.47249901
vt 0.90551800 0.31842101
vt 0.45348999 0.29456401
vt 0.38403201 0.08493197
vt 0.40614700 0.10747099
vt 0.31492400 0.03143299
vt 0.90740299 0.15603101
vt 0.87728798 0.51200002
vt 0.16639100 0.45665199
vt 0.21763600 0.47769296
vt 0.90208203 0.23872298
vt 0.86331600 0.63581401
vt 0.06699000 0.38955301
vt 0.42504701 0.12460899
vt 0.35465300 0.45083201
vt 0.27729699 0.49968600
vt 0.45302001 0.16981602
vt 0.89566600 0.29590499
vt 0.32089099 0.47053701
vt 0.23389401 0.51193798
vt 0.32138899 0.49401104
vt 0.38610801 0.42883199
vt 0.88365602 0.39559799
vt 0.86156601 0.59082597
vt 0.86415899 0.54622799
vt 0.19831100 0.52664202
vt 0.29013500 0.48379004
vt 0.36970600 0.05605698
vt 0.46869001 0.20656502
vt 0.47350401 0.25755298
vt 0.36967599 0.49548900
vt 0.41767401 0.40286803
vt 0.87487203 0.43717700
vt 0.44670099 0.14248002
vt 0.40931299 0.49978101
vt 0.44053799 0.37808597
vt 0.25840899 0.49487799
vt 0.16593100 0.54700601
vt 0.88025999 0.35306799
vt 0.11292000 0.43875897
vt 0.88656199 0.20707899
vt 0.86358202 0.47312403
vt 0.40551099 0.07886499
vt 0.46110600 0.35103500
vt 0.44797599 0.50866503
vt 0.43740499 0.11662000
vt 0.34973699 0.02481401
vt 0.88079602 0.12261599
vt 0.42265800 0.09329903
vt 0.84000099 0.65684301
vt 0.07237600 0.41745603
vt 0.17666000 0.48401296
vt 0.13662200 0.56889099
vt 0.22630100 0.50130600
vt 0.87528700 0.32323098
vt 0.47608301 0.18056500
vt 0.85180998 0.50388300
vt 0.13389599 0.46239901
vt 0.84265798 0.57909203
vt 0.83912200 0.61165702
vt 0.48469299 0.31498504
vt 0.49487999 0.52735198
vt 0.49071899 0.21382701
vt 0.45668301 0.12931597
vt 0.87206298 0.16934299
vt 0.83854598 0.53709298
vt 0.86616600 0.29285097
vt 0.53828800 0.54884398
vt 0.50091898 0.27515000
vt 0.86606401 0.26633400
vt 0.14756300 0.48452699
vt 0.85252100 0.39590704
vt 0.40676200 0.05068702
vt 0.42868501 0.07325101
vt 0.25215301 0.54541498
vt 0.48167199 0.15386200
vt 0.37957799 0.02215898
vt 0.85362703 0.09774798
vt 0.32923099 0.53182000
vt 0.29104000 0.53766298
vt 0.49624300 0.18603998
vt 0.22016500 0.55610400
vt 0.86040503 0.23762399
vt 0.85332203 0.35445499
vt 0.46238899 0.11528003
vt 0.84360600 0.43615699
vt 0.10446900 0.61152101
vt 0.18216200 0.50962698
vt 0.09466500 0.46054000
vt 0.81961900 0.59705198
vt 0.37168300 0.53437299
vt 0.82177901 0.56266302
vt 0.85134000 0.13528198
vt 0.83436000 0.47428203
vt 0.18783700 0.57367301
vt 0.40688401 0.53695500
vt 0.84996498 0.32854402
vt 0.81310600 0.63219303
vt 0.80983001 0.67348200
vt 0.07049600 0.44827700
vt 0.44768700 0.08335602
vt 0.85217500 0.21149999
vt 0.44230601 0.54351300
vt 0.48448801 0.13685602
vt 0.84781301 0.31149399
vt 0.82491398 0.50287497
vt 0.10517700 0.47735798
vt 0.47708300 0.55355102
vt 0.50018102 0.15786600
vt 0.52101701 0.22264898
vt 0.58584100 0.59138602
vt 0.80905002 0.58366102
vt 0.11773900 0.48951697
vt 0.82840300 0.07306802
vt 0.40897200 0.02742898
vt 0.43319201 0.04988402
vt 0.47028700 0.09462702
vt 0.81193399 0.52880502
vt 0.12691601 0.62112600
vt 0.48676699 0.12007999
vt 0.52557898 0.57441801
vt 0.15696600 0.60509300
vt 0.08279000 0.65036601
vt 0.14704999 0.51258397
vt 0.49709299 0.13728398
vt 0.52130598 0.19118202
vt 0.61256802 0.61611998
vt 0.82853001 0.10861599
vt 0.83563900 0.17819798
vt 0.07552700 0.48167396
vt 0.14305601 0.08931202
vt 0.46189401 0.06362700
vt 0.78828502 0.65145898
vt 0.79770100 0.56033200
vt 0.82278699 0.39134896
vt 0.05861500 0.67901301
vt 0.11574600 0.50290197
vt 0.48582000 0.09881800
vt 0.82974702 0.28659701
vt 0.51907998 0.16016901
vt 0.63436300 0.64220202
vt 0.82403803 0.35654497
vt 0.78001499 0.68456501
vt 0.05616600 0.47278899
vt 0.26294199 0.57749099
vt 0.81379402 0.43396497
vt 0.82766497 0.26669598
vt 0.23554599 0.58626801
vt 0.82414001 0.33015096
vt 0.20503600 0.59747499
vt 0.82514799 0.30715096
vt 0.80642301 0.47162801
vt 0.78784901 0.58217400
vt 0.29822201 0.57235599
vt 0.80129999 0.05065000
vt 0.44028300 0.03102398
vt 0.18499701 0.60805303
vt 0.03068100 0.70124799
vt 0.08103100 0.50222802
vt 0.10886800 0.05895901
vt 0.48302001 0.06838602
vt 0.82421601 0.24047601
vt 0.77543598 0.67631400
vt 0.81810898 0.14413601
vt 0.79900903 0.49576402
vt 0.33605501 0.57003200
vt 0.46823701 0.57725900
vt 0.65765399 0.67046100
vt 0.51014203 0.12502402
vt 0.40351400 0.56918103
vt 0.50692898 0.58848399
vt 0.43656600 0.57319701
vt 0.37006399 0.57008898
vt 0.80314201 0.07945299
vt 0.12361400 0.64770699
vt 0.05474300 0.49777603
vt 0.56691700 0.61419803
vt 0.79001600 0.52184701
vt 0.77458900 0.60972798
vt 0.09660600 0.10832500
vt 0.59402001 0.63349301
vt 0.81336302 0.21368200
vt 0.76235598 0.69917703
vt 0.04362800 0.49225903
vt 0.67797798 0.95370698
vt 0.05150900 0.50850600
vt 0.00814800 0.71949399
vt 0.77806097 0.55330402
vt 0.07499300 0.04150403
vt 0.49863100 0.06749499
vt 0.78028601 0.02872097
vt 0.11158700 0.15458500
vt 0.46971700 0.03264803
vt 0.80058998 0.11499399
vt 0.61894298 0.65550101
vt 0.67019200 0.69614100
vt 0.51007497 0.09676701
vt 0.07967800 0.08675897
vt 0.03942600 0.71589297
vt 0.08950500 0.13274699
vt 0.64425999 0.67863101
vt 0.19097900 0.62546498
vt 0.07833700 0.69763201
vt 0.80423802 0.18488300
vt 0.78202599 0.05974603
vt 0.64749700 0.94085902
vt 0.00990800 0.73384899
vt 0.76648599 0.57672799
vt 0.75399101 0.66750199
vt 0.16699500 0.64035398
vt 0.06411600 0.07681298
vt 0.75600803 0.63650101
vt 0.80269301 0.28989100
vt 0.78687501 0.09805000
vt 0.10729500 0.68188298
vt 0.70401502 0.97003198
vt 0.03748300 0.51030302
vt 0.75026000 0.71368200
vt 0.65925902 0.70020199
vt 0.79499203 0.14972198
vt 0.03983900 0.12106097
vt 0.04392800 0.13564402
vt 0.04591500 0.13729703
vt 0.97095001 0.85841399
vt 0.51447201 0.07488900
vt 0.67909700 0.71691000
vt 0.03654200 0.02020103
vt 0.71764302 0.91659099
vt 0.04852800 0.14489102
vt 0.89915198 0.95685899
vt 0.79657203 0.30723703
vt 0.79463202 0.33489704
vt 0.21187900 0.62654197
vt 0.01809300 0.73960203
vt 0.65352899 0.91885400
vt 0.03415100 0.07109302
vt 0.94460398 0.89957702
vt 0.92044002 0.94025499
vt 0.03129900 0.11085200
vt 0.06918200 0.16132903
vt 0.87129802 0.95110798
vt 0.78893298 0.39033902
vt 0.92110401 0.97721201
vt 0.02575700 0.14563000
vt 0.04561800 0.72914398
vt 0.73006600 0.92336500
vt 0.92619097 0.96421403
vt 0.02469400 0.13319397
vt 0.79194200 0.35381800
vt 0.50957900 0.61571002
vt 0.70828497 0.90514100
vt 0.78264099 0.43206400
vt 0.91812402 0.97398001
vt 0.02913100 0.14819199
vt 0.92300802 0.95267999
vt 0.02371800 0.12281001
vt 0.90757298 0.94335401
vt 0.24452600 0.61593598
vt 0.78357798 0.12062597
vt 0.92078203 0.96575600
vt 0.91294098 0.96737301
vt 0.03308500 0.15275300
vt 0.92484301 0.92803103
vt 0.02404700 0.10194099
vt 0.74079299 0.70754099
vt 0.72635299 0.96002901
vt 0.65432101 0.86469400
vt 0.91833800 0.96245402
vt 0.13237201 0.67627800
vt 0.68352699 0.84993398
vt 0.73933297 0.93111002
vt 0.75595999 0.88682097
vt 0.76930398 0.48748398
vt 0.26996401 0.61299098
vt 0.83518499 0.94785798
vt 0.08069700 0.19736999
vt 0.75768298 0.02989399
vt 0.76451302 0.89874399
vt 0.60479403 0.67162299
vt 0.43372801 0.60376000
vt 0.46773300 0.60979402
vt 0.94356102 0.84846801
vt 0.67863601 0.72916597
vt 0.74717802 0.87879401
vt 0.77127302 0.46645296
vt 0.70505702 0.88877302
vt 0.68404400 0.87601602
vt 0.76216698 0.51064998
vt 0.03548000 0.74371099
vt 0.91327602 0.92134303
vt 0.92154402 0.89866197
vt 0.40430000 0.60286897
vt 0.73377502 0.66664201
vt 0.76201499 0.06705600
vt 0.34059799 0.60417598
vt 0.87597102 0.92426002
vt 0.72888499 0.70828903
vt 0.03085900 0.75410801
vt 0.67622697 0.87950802
vt 0.30358300 0.60997802
vt 0.37301099 0.60407299
vt 0.03494900 0.74955398
vt 0.57797998 0.65933198
vt 0.65452302 0.71872097
vt 0.08672700 0.72188401
vt 0.76815701 0.10243899
vt 0.62775701 0.69748801
vt 0.91031098 0.89246702
vt 0.78162402 0.18667603
vt 0.75195301 0.54128098
vt 0.90406197 0.91225702
vt 0.72146100 0.83108902
vt 0.77623200 0.91209602
vt 0.73750103 0.60312700
vt 0.73688501 0.86584902
vt 0.78179199 0.21379000
vt 0.78259897 0.27491200
vt 0.78253698 0.24745297
vt 0.74317002 0.56966102
vt 0.05750300 0.74518400
vt 0.72218001 0.85746801
vt 0.55031699 0.64941901
vt 0.77324098 0.15603399
vt 0.82647902 0.83912402
vt 0.90562701 0.85313499
vt 0.67971700 0.74543101
vt 0.72542399 0.63546801
vt 0.83584601 0.84950602
vt 0.81744498 0.83198202
vt 0.75366598 0.08634400
vt 0.84379900 0.90482002
vt 0.73888499 0.02753401
vt 0.76405299 0.13069499
vt 0.88144302 0.86956698
vt 0.72939599 0.00846601
vt 0.68355799 0.75665802
vt 0.17519499 0.66998899
vt 0.11842100 0.71141702
vt 0.05689000 0.75925201
vt 0.71336502 0.67041802
vt 0.05097400 0.76946700
vt 0.71202999 0.68734699
vt 0.20924500 0.65465498
vt 0.80758399 0.81965601
vt 0.79294401 0.78076702
vt 0.84840697 0.86353701
vt 0.95541298 0.81804001
vt 0.77007902 0.29786003
vt 0.50469702 0.64166200
vt 0.73870099 0.05394602
vt 0.74772698 0.48928499
vt 0.87894201 0.80787897
vt 0.83140999 0.68049598
vt 0.96544600 0.81832099
vt 0.95767403 0.80984199
vt 0.76748598 0.32539797
vt 0.88488799 0.82013702
vt 0.75342602 0.11826801
vt 0.83005100 0.69137800
vt 0.95542997 0.82781303
vt 0.58880901 0.68855298
vt 0.64754802 0.73868102
vt 0.72275800 0.59009898
vt 0.79368699 0.80957103
vt 0.74195302 0.50484902
vt 0.08706300 0.74874401
vt 0.94654900 0.80374300
vt 0.89928901 0.79935002
vt 0.96072900 0.79948401
vt 0.87068701 0.79579002
vt 0.83619499 0.69006699
vt 0.94182700 0.81333399
vt 0.82268399 0.74858701
vt 0.88353598 0.83739603
vt 0.95113099 0.79599297
vt 0.83834398 0.68518901
vt 0.90594399 0.81206602
vt 0.84506798 0.67232102
vt 0.97162002 0.80308098
vt 0.91906101 0.79321301
vt 0.14542700 0.70215601
vt 0.76148099 0.35182297
vt 0.75268400 0.42644799
vt 0.84392500 0.67987698
vt 0.96486998 0.78787398
vt 0.75737298 0.38767004
vt 0.89020097 0.78758901
vt 0.94055402 0.79485297
vt 0.93230599 0.78601998
vt 0.95164597 0.78364700
vt 0.92768598 0.80674797
vt 0.73113197 0.53521800
vt 0.46267200 0.63655102
vt 0.72458303 0.56129998
vt 0.84381199 0.70049101
vt 0.93962097 0.82450700
vt 0.24581601 0.64913702
vt 0.84110999 0.72503799
vt 0.91011500 0.82363802
vt 0.84471899 0.69520199
vt 0.84546000 0.69068998
vt 0.90819699 0.78082001
vt 0.94367200 0.77440399
vt 0.97517699 0.79120100
vt 0.85644197 0.66724402
vt 0.97005898 0.77991700
vt 0.85143799 0.68293202
vt 0.83506399 0.74972802
vt 0.95879501 0.77490598
vt 0.92138600 0.77504700
vt 0.85517198 0.67664897
vt 0.97555798 0.78423703
vt 0.97660798 0.77577102
vt 0.86219800 0.66376901
vt 0.85999101 0.78375900
vt 0.85846102 0.67194998
vt 0.85119200 0.69859397
vt 0.92856097 0.82359999
vt 0.85232198 0.70979899
vt 0.72333401 0.04606003
vt 0.83437699 0.76441598
vt 0.56649297 0.68460101
vt 0.74158502 0.46169800
vt 0.74884999 0.14650398
vt 0.96954799 0.77267700
vt 0.93309200 0.76594001
vt 0.85630703 0.69461697
vt 0.86625600 0.66898501
vt 0.97746700 0.76861101
vt 0.96428198 0.76902300
vt 0.94944698 0.76529598
vt 0.84840399 0.77398598
vt 0.85211802 0.73304200
vt 0.65662301 0.76452702
vt 0.87965298 0.77147800
vt 0.42995700 0.63704801
vt 0.59404302 0.70907301
vt 0.27474201 0.64684099
vt 0.94188702 0.76002198
vt 0.66841501 0.77804297
vt 0.70991701 0.02493900
vt 0.72523302 0.07403302
vt 0.74757701 0.16103101
vt 0.86556602 0.69959098
vt 0.86500400 0.68539399
vt 0.87099898 0.67607599
vt 0.97692800 0.75924802
vt 0.86417800 0.71621197
vt 0.89525199 0.76160502
vt 0.69047803 0.65201902
vt 0.95664603 0.75414002
vt 0.30608800 0.64294398
vt 0.90898103 0.75763100
vt 0.73175502 0.10658699
vt 0.86204499 0.74235898
vt 0.96745002 0.75193501
vt 0.88133299 0.67963701
vt 0.92529398 0.75347698
vt 0.87323701 0.68905097
vt 0.40156999 0.63851202
vt 0.08587600 0.77743399
vt 0.87417001 0.70393199
vt 0.87218201 0.75297397
vt 0.94244498 0.74614102
vt 0.37189499 0.63941997
vt 0.87426502 0.72501802
vt 0.20989300 0.67850399
vt 0.53766501 0.67871100
vt 0.34295800 0.64117998
vt 0.95676303 0.74206299
vt 0.89100999 0.68379802
vt 0.70622402 0.57352501
vt 0.88443202 0.69093800
vt 0.74364299 0.18563801
vt 0.68324703 0.66223300
vt 0.07354400 0.79954302
vt 0.11977900 0.74973202
vt 0.62114501 0.74682999
vt 0.88738400 0.74069101
vt 0.92333198 0.74323797
vt 0.14857100 0.72348702
vt 0.88545901 0.70648700
vt 0.90929002 0.74238300
vt 0.18053700 0.69982898
vt 0.74438298 0.20744401
vt 0.73163700 0.13554204
vt 0.93475598 0.73569298
vt 0.70851099 0.06177002
vt 0.71918899 0.49813402
vt 0.89598298 0.69659197
vt 0.56836802 0.70548397
vt 0.74304098 0.23814601
vt 0.94172502 0.72666502
vt 0.90601099 0.69141299
vt 0.70480800 0.54782897
vt 0.74153602 0.26598400
vt 0.68723297 0.60534602
vt 0.90540397 0.72455502
vt 0.92047203 0.72647798
vt 0.90203798 0.70956200
vt 0.90336001 0.71576500
vt 0.49896300 0.67229098
vt 0.70772600 0.52774203
vt 0.73928201 0.29089797
vt 0.90442801 0.70481002
vt 0.72744101 0.15069902
vt 0.90613198 0.71165800
vt 0.90842700 0.71507198
vt 0.91488600 0.70226097
vt 0.92879897 0.71798402
vt 0.91091102 0.71990502
vt 0.72096997 0.12671399
vt 0.65568501 0.79908401
vt 0.69191599 0.03872597
vt 0.91804802 0.72003597
vt 0.90776700 0.70891500
vt 0.92431003 0.71499002
vt 0.91439003 0.70823401
vt 0.91569799 0.71298599
vt 0.69018000 0.57948899
vt 0.73475498 0.32023299
vt 0.24773800 0.67666298
vt 0.63668102 0.78237802
vt 0.73205298 0.34624898
vt 0.59190398 0.73838001
vt 0.72701502 0.38443899
vt 0.46078801 0.66807598
vt 0.70417899 0.09940302
vt 0.71205300 0.45824504
vt 0.11427400 0.78615201
vt 0.71755898 0.42297900
vt 0.21298200 0.70091999
vt 0.72133797 0.17601097
vt 0.27843899 0.67408800
vt 0.71405798 0.14345902
vt 0.70380503 0.49299699
vt 0.15430699 0.74527901
vt 0.68792099 0.55188000
vt 0.53465003 0.70370901
vt 0.18158300 0.72416198
vt 0.42940199 0.66843402
vt 0.66239399 0.62149799
vt 0.30896899 0.67020702
vt 0.39893499 0.66514200
vt 0.08849700 0.83135599
vt 0.65448701 0.63964802
vt 0.37037700 0.66614300
vt 0.34250501 0.66788399
vt 0.10421200 0.81097502
vt 0.71561003 0.20446098
vt 0.56599498 0.73541898
vt 0.14818899 0.76425099
vt 0.68369800 0.52353299
vt 0.09920500 0.83178598
vt 0.58116102 0.75555903
vt 0.67101699 0.55683899
vt 0.70249802 0.16605800
vt 0.67713398 0.08537501
vt 0.49982101 0.70252299
vt 0.71095300 0.23014599
vt 0.59296101 0.77355099
vt 0.69181597 0.13464099
vt 0.25071800 0.70334202
vt 0.68466502 0.11454797
vt 0.60498601 0.79269600
vt 0.21392900 0.72608399
vt 0.70591801 0.25950503
vt 0.18604501 0.74705499
vt 0.14833800 0.78519303
vt 0.65385801 0.57323599
vt 0.63620400 0.83911598
vt 0.65882498 0.06457001
vt 0.67875898 0.48217702
vt 0.28042600 0.70194602
vt 0.70053101 0.28091300
vt 0.53393698 0.73672003
vt 0.56173098 0.75905699
vt 0.60850900 0.81211901
vt 0.61793500 0.82431400
vt 0.46232000 0.70386201
vt 0.69122702 0.19228601
vt 0.67951399 0.44927901
vt 0.69430399 0.31330097
vt 0.31317800 0.69880801
vt 0.34643799 0.69469398
vt 0.65549499 0.53723598
vt 0.17957300 0.76805300
vt 0.66115302 0.09979600
vt 0.69116199 0.34232998
vt 0.42853901 0.69939703
vt 0.68746197 0.37849498
vt 0.36935800 0.69450802
vt 0.39678499 0.69665700
vt 0.67718703 0.15598601
vt 0.63161802 0.58805102
vt 0.67985898 0.41755402
vt 0.66234797 0.49975598
vt 0.15336500 0.80339599
vt 0.57248098 0.78205401
vt 0.25231999 0.72789598
vt 0.68221200 0.21867800
vt 0.21579701 0.75174201
vt 0.14757399 0.82457602
vt 0.63483799 0.55037498
vt 0.61996597 0.85894501
vt 0.63716400 0.07769001
vt 0.58208501 0.80768299
vt 0.17838000 0.78898901
vt 0.11813600 0.87651098
vt 0.61111701 0.60311103
vt 0.13993800 0.84475303
vt 0.49972501 0.74213099
vt 0.60170001 0.84047502
vt 0.53539401 0.76624697
vt 0.65586901 0.14157903
vt 0.28650001 0.72655398
vt 0.66393298 0.17839998
vt 0.13231300 0.86478400
vt 0.64140898 0.50724298
vt 0.58633500 0.82809800
vt 0.43037400 0.72536403
vt 0.66672701 0.24988699
vt 0.31473899 0.72668499
vt 0.64669001 0.46386200
vt 0.61049098 0.56217998
vt 0.21518700 0.77337801
vt 0.63598299 0.12698001
vt 0.25380999 0.75325698
vt 0.39874500 0.72600597
vt 0.54466498 0.79262900
vt 0.65980399 0.27220100
vt 0.34674701 0.72942698
vt 0.37192100 0.72767699
vt 0.18315101 0.81502199
vt 0.46303201 0.74583000
vt 0.65151501 0.20853001
vt 0.61717302 0.51631302
vt 0.58827698 0.57525802
vt 0.13982700 0.90196401
vt 0.63811499 0.16562098
vt 0.64222199 0.41654199
vt 0.65129799 0.30501699
vt 0.28546900 0.75153899
vt 0.60894102 0.10079300
vt 0.59298301 0.88688397
vt 0.21222900 0.79646403
vt 0.64647502 0.33556801
vt 0.41772300 0.74492902
vt 0.17614900 0.84227598
vt 0.50133598 0.77723700
vt 0.62465000 0.46712804
vt 0.64095098 0.37544101
vt 0.55045998 0.82320201
vt 0.57768500 0.86491001
vt 0.56313598 0.84280699
vt 0.15968800 0.88268900
vt 0.16886701 0.86473900
vt 0.31540999 0.75156999
vt 0.63742101 0.24077797
vt 0.61666697 0.15256000
vt 0.25406900 0.77774799
vt 0.39893901 0.74992299
vt 0.59171599 0.52371001
vt 0.37583500 0.75149697
vt 0.34666401 0.75332099
vt 0.62933499 0.26518297
vt 0.61788100 0.19854099
vt 0.61713201 0.41319001
vt 0.21243601 0.82784897
vt 0.43078300 0.76898402
vt 0.28524300 0.77568603
vt 0.51086599 0.81022501
vt 0.56340098 0.53967798
vt 0.17033300 0.92840099
vt 0.62080199 0.29887998
vt 0.56545800 0.91631597
vt 0.58527797 0.13234001
vt 0.59399498 0.46987998
vt 0.61690098 0.33109701
vt 0.61313897 0.37160999
vt 0.25226101 0.80521399
vt 0.46418700 0.79273200
vt 0.20672700 0.85621703
vt 0.59560102 0.18805200
vt 0.18822700 0.90642297
vt 0.60495901 0.23181403
vt 0.51871800 0.84157300
vt 0.40155399 0.77735502
vt 0.31667799 0.78130400
vt 0.54452598 0.88998002
vt 0.20109400 0.88514698
vt 0.52886701 0.86856800
vt 0.37985799 0.78166503
vt 0.56726497 0.47197300
vt 0.59583700 0.25617999
vt 0.35010001 0.78412902
vt 0.58408803 0.40815401
vt 0.57834202 0.22240996
vt 0.56078100 0.17008901
vt 0.52904201 0.94164699
vt 0.43666899 0.80527401
vt 0.24774900 0.84091997
vt 0.58715498 0.29081601
vt 0.28406200 0.81229699
vt 0.47574401 0.83023900
vt 0.22227800 0.95868301
vt 0.53706402 0.48119599
vt 0.58096099 0.36826503
vt 0.58197701 0.32683003
vt 0.56863201 0.24925900
vt 0.41439399 0.81037802
vt 0.51166397 0.91209698
vt 0.48508999 0.86056399
vt 0.24779500 0.87215298
vt 0.49711600 0.88662100
vt 0.55644000 0.41315496
vt 0.23635100 0.92755699
vt 0.31917599 0.81724298
vt 0.54220301 0.20920402
vt 0.49129599 0.96019399
vt 0.24400100 0.90030700
vt 0.55959803 0.28679800
vt 0.55222702 0.37031603
vt 0.38424399 0.81779402
vt 0.44636300 0.84322399
vt 0.55355299 0.32568002
vt 0.35366499 0.82015002
vt 0.28666699 0.85079801
vt 0.51789802 0.42537796
vt 0.27770400 0.97452700
vt 0.47637600 0.92842001
vt 0.52987301 0.24068099
vt 0.45983699 0.97043598
vt 0.45390701 0.87394798
vt 0.46428600 0.90108502
vt 0.42285499 0.84903800
vt 0.28461701 0.88193101
vt 0.51933002 0.28387499
vt 0.41742799 0.98079801
vt 0.28792599 0.94105500
vt 0.32161799 0.85650498
vt 0.51201999 0.37730896
vt 0.32503501 0.98321003
vt 0.28656101 0.90924197
vt 0.44750601 0.93758202
vt 0.51283699 0.32738501
vt 0.37450001 0.98474801
vt 0.42915499 0.88239902
vt 0.39076501 0.85654098
vt 0.43959200 0.90895700
vt 0.35834500 0.85928601
vt 0.32158500 0.88801199
vt 0.32620999 0.94725299
vt 0.40985999 0.94660598
vt 0.39513299 0.88998997
vt 0.32445401 0.91684800
vt 0.36070800 0.89070302
vt 0.37080699 0.94951999
vt 0.40389499 0.91731501
vt 0.36587101 0.91916603
f 870/870/870 876/876/876 860/860/860
f 870/870/870 860/860/860 848/848/848
f 857/857/857 870/870/870 848/848/848
f 857/857/857 848/848/848 836/836/836
f 836/836/836 848/848/848 833/833/833
f 836/836/836 833/833/833 824/824/824
f 848/848/848 860/860/860 841/841/841
f 848/848/848 841/841/841 833/833/833
f 837/837/837 857/857/857 836/836/836
f 837/837/837 836/836/836 822/822/822
f 836/836/836 824/824/824 805/805/805
f 836/836/836 805/805/805 822/822/822
f 815/815/815 837/837/837 822/822/822
f 815/815/815 822/822/822 798/798/798
f 822/822/822 805/805/805 778/778/778
f 822/822/822 778/778/778 798/798/798
f 815/815/815 798/798/798 765/765/765
f 815/815/815 765/765/765 782/782/782
f 798/798/798 778/778/778 753/753/753
f 798/798/798 753/753/753 765/765/765
f 710/710/710 696/696/696 626/626/626
f 710/710/710 626/626/626 652/652/652
f 626/626/626 696/696/696 666/666/666
f 626/626/626 666/666/666 580/580/580
f 434/434/434 469/469/469 413/413/413
f 434/434/434 413/413/413 379/379/379
f 472/472/472 469/469/469 434/434/434
f 472/472/472 434/434/434 449/449/449
f 449/449/449 434/434/434 395/395/395
f 449/449/449 395/395/395 428/428/428
f 395/395/395 434/434/434 379/379/379
f 395/395/395 379/379/379 368/368/368
f 399/399/399 406/406/406 395/395/395
f 399/399/399 395/395/395 368/368/368
f 386/386/386 382/382/382 360/360/360
f 386/386/386 360/360/360 359/359/359
f 359/359/359 360/360/360 318/318/318
f 359/359/359 318/318/318 336/336/336
f 395/395/395 406/406/406 393/393/393
f 395/395/395 393/393/393 376/376/376
f 395/395/395 376/376/376 401/401/401
f 395/395/395 401/401/401 428/428/428
f 374/374/374 402/402/402 377/377/377
f 374/374/374 377/377/377 349/349/349
f 359/359/359 377/377/377 394/394/394
f 359/359/359 394/394/394 386/386/386
f 378/378/378 338/338/338 361/361/361
f 378/378/378 361/361/361 367/367/367
f 360/360/360 361/361/361 338/338/338
f 360/360/360 338/338/338 318/318/318
f 399/399/399 391/391/391 398/398/398
f 399/399/399 398/398/398 406/406/406
f 398/398/398 391/391/391 381/381/381
f 398/398/398 381/381/381 385/385/385
f 361/361/361 392/392/392 400/400/400
f 361/361/361 400/400/400 367/367/367
f 392/392/392 361/361/361 360/360/360
f 392/392/392 360/360/360 382/382/382
f 406/406/406 398/398/398 385/385/385
f 406/406/406 385/385/385 393/393/393
f 377/377/377 359/359/359 336/336/336
f 377/377/377 336/336/336 349/349/349
f 330/330/330 338/338/338 378/378/378
f 330/330/330 378/378/378 414/414/414
f 318/318/318 338/338/338 330/330/330
f 318/318/318 330/330/330 269/269/269
f 318/318/318 269/269/269 298/298/298
f 318/318/318 298/298/298 336/336/336
f 374/374/374 349/349/349 327/327/327
f 374/374/374 327/327/327 365/365/365
f 336/336/336 298/298/298 327/327/327
f 336/336/336 327/327/327 349/349/349
f 375/375/375 362/362/362 420/420/420
f 375/375/375 420/420/420 429/429/429
f 429/429/429 428/428/428 401/401/401
f 429/429/429 401/401/401 375/375/375
f 446/446/446 463/463/463 472/472/472
f 446/446/446 472/472/472 449/449/449
f 463/463/463 446/446/446 429/429/429
f 463/463/463 429/429/429 420/420/420
f 429/429/429 446/446/446 449/449/449
f 429/429/429 449/449/449 428/428/428
f 703/703/703 661/661/661 616/616/616
f 703/703/703 616/616/616 699/699/699
f 838/838/838 814/814/814 828/828/828
f 838/838/838 828/828/828 850/850/850
f 858/858/858 838/838/838 850/850/850
f 858/858/858 850/850/850 869/869/869
f 871/871/871 858/858/858 869/869/869
f 871/871/871 869/869/869 883/883/883
f 877/877/877 871/871/871 883/883/883
f 877/877/877 883/883/883 892/892/892
f 869/869/869 850/850/850 853/853/853
f 869/869/869 853/853/853 873/873/873
f 883/883/883 869/869/869 873/873/873
f 883/883/883 873/873/873 888/888/888
f 892/892/892 883/883/883 888/888/888
f 892/892/892 888/888/888 897/897/897
f 850/850/850 828/828/828 830/830/830
f 850/850/850 830/830/830 853/853/853
f 825/825/825 830/830/830 793/793/793
f 825/825/825 793/793/793 791/791/791
f 810/810/810 825/825/825 791/791/791
f 810/810/810 791/791/791 768/768/768
f 851/851/851 853/853/853 830/830/830
f 851/851/851 830/830/830 825/825/825
f 873/873/873 853/853/853 851/851/851
f 873/873/873 851/851/851 872/872/872
f 888/888/888 873/873/873 872/872/872
f 888/888/888 872/872/872 886/886/886
f 897/897/897 888/888/888 886/886/886
f 897/897/897 886/886/886 893/893/893
f 843/843/843 851/851/851 825/825/825
f 843/843/843 825/825/825 810/810/810
f 863/863/863 872/872/872 851/851/851
f 863/863/863 851/851/851 843/843/843
f 874/874/874 886/886/886 872/872/872
f 874/874/874 872/872/872 863/863/863
f 887/887/887 893/893/893 886/886/886
f 887/887/887 886/886/886 874/874/874
f 892/892/892 896/896/896 885/885/885
f 892/892/892 885/885/885 877/877/877
f 897/897/897 898/898/898 896/896/896
f 897/897/897 896/896/896 892/892/892
f 893/893/893 895/895/895 898/898/898
f 893/893/893 898/898/898 897/897/897
f 887/887/887 889/889/889 895/895/895
f 887/887/887 895/895/895 893/893/893
f 860/860/860 864/864/864 847/847/847
f 860/860/860 847/847/847 841/841/841
f 876/876/876 884/884/884 864/864/864
f 876/876/876 864/864/864 860/860/860
f 868/868/868 881/881/881 891/891/891
f 868/868/868 891/891/891 878/878/878
f 896/896/896 891/891/891 881/881/881
f 896/896/896 881/881/881 885/885/885
f 878/878/878 891/891/891 894/894/894
f 878/878/878 894/894/894 882/882/882
f 898/898/898 894/894/894 891/891/891
f 898/898/898 891/891/891 896/896/896
f 882/882/882 894/894/894 890/890/890
f 882/882/882 890/890/890 875/875/875
f 895/895/895 890/890/890 894/894/894
f 895/895/895 894/894/894 898/898/898
f 875/875/875 890/890/890 879/879/879
f 875/875/875 879/879/879 866/866/866
f 889/889/889 879/879/879 890/890/890
f 889/889/889 890/890/890 895/895/895
f 835/835/835 846/846/846 861/861/861
f 835/835/835 861/861/861 854/854/854
f 864/864/864 861/861/861 846/846/846
f 864/864/864 846/846/846 847/847/847
f 854/854/854 861/861/861 880/880/880
f 854/854/854 880/880/880 867/867/867
f 884/884/884 880/880/880 861/861/861
f 884/884/884 861/861/861 864/864/864
f 616/616/616 445/445/445 575/575/575
f 616/616/616 575/575/575 663/663/663
f 699/699/699 616/616/616 663/663/663
f 699/699/699 663/663/663 693/693/693
f 768/768/768 752/752/752 788/788/788
f 768/768/768 788/788/788 810/810/810
f 714/714/714 677/677/677 697/697/697
f 714/714/714 697/697/697 750/750/750
f 752/752/752 714/714/714 750/750/750
f 752/752/752 750/750/750 788/788/788
f 810/810/810 788/788/788 820/820/820
f 810/810/810 820/820/820 843/843/843
f 750/750/750 697/697/697 718/718/718
f 750/750/750 718/718/718 773/773/773
f 788/788/788 750/750/750 773/773/773
f 788/788/788 773/773/773 820/820/820
f 879/879/879 889/889/889 865/865/865
f 879/879/879 865/865/865 856/856/856
f 856/856/856 842/842/842 866/866/866
f 856/856/856 866/866/866 879/879/879
f 839/839/839 863/863/863 843/843/843
f 839/839/839 843/843/843 820/820/820
f 874/874/874 863/863/863 839/839/839
f 874/874/874 839/839/839 849/849/849
f 862/862/862 887/887/887 874/874/874
f 862/862/862 874/874/874 849/849/849
f 889/889/889 887/887/887 862/862/862
f 889/889/889 862/862/862 865/865/865
f 865/865/865 862/862/862 831/831/831
f 865/865/865 831/831/831 834/834/834
f 856/856/856 865/865/865 834/834/834
f 856/856/856 834/834/834 827/827/827
f 808/808/808 839/839/839 820/820/820
f 808/808/808 820/820/820 773/773/773
f 849/849/849 839/839/839 808/808/808
f 849/849/849 808/808/808 826/826/826
f 862/862/862 849/849/849 826/826/826
f 862/862/862 826/826/826 831/831/831
f 808/808/808 773/773/773 759/759/759
f 808/808/808 759/759/759 786/786/786
f 759/759/759 773/773/773 718/718/718
f 759/759/759 718/718/718 728/728/728
f 826/826/826 808/808/808 786/786/786
f 826/826/826 786/786/786 800/800/800
f 767/767/767 800/800/800 786/786/786
f 767/767/767 786/786/786 759/759/759
f 767/767/767 759/759/759 728/728/728
f 767/767/767 728/728/728 731/731/731
f 827/827/827 834/834/834 803/803/803
f 827/827/827 803/803/803 796/796/796
f 809/809/809 827/827/827 796/796/796
f 809/809/809 796/796/796 781/781/781
f 831/831/831 826/826/826 800/800/800
f 831/831/831 800/800/800 802/802/802
f 834/834/834 831/831/831 802/802/802
f 834/834/834 802/802/802 803/803/803
f 754/754/754 781/781/781 796/796/796
f 754/754/754 796/796/796 761/761/761
f 722/722/722 712/712/712 754/754/754
f 722/722/722 754/754/754 761/761/761
f 615/615/615 476/476/476 443/443/443
f 615/615/615 443/443/443 504/504/504
f 443/443/443 476/476/476 353/353/353
f 443/443/443 353/353/353 341/341/341
f 668/668/668 615/615/615 504/504/504
f 668/668/668 504/504/504 599/599/599
f 701/701/701 712/712/712 672/672/672
f 701/701/701 672/672/672 660/660/660
f 670/670/670 701/701/701 660/660/660
f 670/670/670 660/660/660 605/605/605
f 622/622/622 670/670/670 605/605/605
f 622/622/622 605/605/605 475/475/475
f 519/519/519 622/622/622 475/475/475
f 519/519/519 475/475/475 407/407/407
f 476/476/476 519/519/519 407/407/407
f 476/476/476 407/407/407 353/353/353
f 712/712/712 722/722/722 681/681/681
f 712/712/712 681/681/681 672/672/672
f 535/535/535 481/481/481 605/605/605
f 535/535/535 605/605/605 660/660/660
f 407/407/407 475/475/475 348/348/348
f 407/407/407 348/348/348 313/313/313
f 341/341/341 353/353/353 261/261/261
f 341/341/341 261/261/261 274/274/274
f 313/313/313 261/261/261 353/353/353
f 313/313/313 353/353/353 407/407/407
f 660/660/660 672/672/672 576/576/576
f 660/660/660 576/576/576 535/535/535
f 672/672/672 681/681/681 590/590/590
f 672/672/672 590/590/590 576/576/576
f 535/535/535 576/576/576 412/412/412
f 535/535/535 412/412/412 396/396/396
f 576/576/576 590/590/590 438/438/438
f 576/576/576 438/438/438 412/412/412
f 842/842/842 819/819/819 840/840/840
f 842/842/842 840/840/840 866/866/866
f 599/599/599 614/614/614 687/687/687
f 599/599/599 687/687/687 668/668/668
f 741/741/741 668/668/668 687/687/687
f 741/741/741 687/687/687 749/749/749
f 787/787/787 741/741/741 749/749/749
f 787/787/787 749/749/749 795/795/795
f 875/875/875 852/852/852 859/859/859
f 875/875/875 859/859/859 882/882/882
f 852/852/852 875/875/875 866/866/866
f 852/852/852 866/866/866 840/840/840
f 736/736/736 772/772/772 746/746/746
f 736/736/736 746/746/746 707/707/707
f 772/772/772 736/736/736 741/741/741
f 772/772/772 741/741/741 787/787/787
f 784/784/784 746/746/746 772/772/772
f 784/784/784 772/772/772 807/807/807
f 819/819/819 784/784/784 807/807/807
f 819/819/819 807/807/807 840/840/840
f 807/807/807 772/772/772 787/787/787
f 807/807/807 787/787/787 821/821/821
f 840/840/840 807/807/807 821/821/821
f 840/840/840 821/821/821 852/852/852
f 821/821/821 787/787/787 795/795/795
f 821/821/821 795/795/795 829/829/829
f 852/852/852 821/821/821 829/829/829
f 852/852/852 829/829/829 859/859/859
f 741/741/741 736/736/736 707/707/707
f 741/741/741 707/707/707 668/668/668
f 882/882/882 859/859/859 855/855/855
f 882/882/882 855/855/855 878/878/878
f 855/855/855 859/859/859 829/829/829
f 855/855/855 829/829/829 823/823/823
f 684/684/684 613/613/613 588/588/588
f 684/684/684 588/588/588 680/680/680
f 748/748/748 684/684/684 680/680/680
f 748/748/748 680/680/680 733/733/733
f 692/692/692 683/683/683 747/747/747
f 692/692/692 747/747/747 756/756/756
f 692/692/692 756/756/756 749/749/749
f 692/692/692 749/749/749 687/687/687
f 683/683/683 692/692/692 687/687/687
f 683/683/683 687/687/687 614/614/614
f 795/795/795 749/749/749 756/756/756
f 795/795/795 756/756/756 794/794/794
f 829/829/829 795/795/795 794/794/794
f 829/829/829 794/794/794 823/823/823
f 748/748/748 733/733/733 763/763/763
f 748/748/748 763/763/763 776/776/776
f 756/756/756 747/747/747 777/777/777
f 756/756/756 777/777/777 794/794/794
f 811/811/811 776/776/776 763/763/763
f 811/811/811 763/763/763 801/801/801
f 794/794/794 777/777/777 812/812/812
f 794/794/794 812/812/812 823/823/823
f 811/811/811 801/801/801 832/832/832
f 811/811/811 832/832/832 845/845/845
f 823/823/823 812/812/812 844/844/844
f 823/823/823 844/844/844 855/855/855
f 855/855/855 844/844/844 868/868/868
f 855/855/855 868/868/868 878/878/878
f 867/867/867 845/845/845 832/832/832
f 867/867/867 832/832/832 854/854/854
f 796/796/796 803/803/803 770/770/770
f 796/796/796 770/770/770 761/761/761
f 802/802/802 800/800/800 767/767/767
f 802/802/802 767/767/767 771/771/771
f 803/803/803 802/802/802 771/771/771
f 803/803/803 771/771/771 770/770/770
f 761/761/761 770/770/770 723/723/723
f 761/761/761 723/723/723 722/722/722
f 771/771/771 767/767/767 731/731/731
f 771/771/771 731/731/731 730/730/730
f 770/770/770 771/771/771 730/730/730
f 770/770/770 730/730/730 723/723/723
f 487/487/487 640/640/640 606/606/606
f 487/487/487 606/606/606 460/460/460
f 606/606/606 640/640/640 697/697/697
f 606/606/606 697/697/697 677/677/677
f 575/575/575 445/445/445 417/417/417
f 575/575/575 417/417/417 499/499/499
f 679/679/679 682/682/682 731/731/731
f 679/679/679 731/731/731 728/728/728
f 728/728/728 718/718/718 665/665/665
f 728/728/728 665/665/665 679/679/679
f 718/718/718 697/697/697 640/640/640
f 718/718/718 640/640/640 665/665/665
f 722/722/722 723/723/723 686/686/686
f 722/722/722 686/686/686 681/681/681
f 723/723/723 730/730/730 685/685/685
f 723/723/723 685/685/685 686/686/686
f 685/685/685 730/730/730 731/731/731
f 685/685/685 731/731/731 682/682/682
f 558/558/558 579/579/579 652/652/652
f 558/558/558 652/652/652 626/626/626
f 579/579/579 558/558/558 470/470/470
f 579/579/579 470/470/470 473/473/473
f 488/488/488 558/558/558 626/626/626
f 488/488/488 626/626/626 580/580/580
f 572/572/572 578/578/578 474/474/474
f 572/572/572 474/474/474 464/464/464
f 572/572/572 500/500/500 616/616/616
f 572/572/572 616/616/616 661/661/661
f 500/500/500 572/572/572 464/464/464
f 500/500/500 464/464/464 421/421/421
f 500/500/500 442/442/442 445/445/445
f 500/500/500 445/445/445 616/616/616
f 442/442/442 500/500/500 421/421/421
f 442/442/442 421/421/421 364/364/364
f 328/328/328 276/276/276 335/335/335
f 328/328/328 335/335/335 363/363/363
f 364/364/364 334/334/334 357/357/357
f 364/364/364 357/357/357 442/442/442
f 279/279/279 333/333/333 339/339/339
f 279/279/279 339/339/339 306/306/306
f 445/445/445 339/339/339 333/333/333
f 445/445/445 333/333/333 417/417/417
f 306/306/306 339/339/339 357/357/357
f 306/306/306 357/357/357 334/334/334
f 357/357/357 339/339/339 445/445/445
f 357/357/357 445/445/445 442/442/442
f 276/276/276 328/328/328 299/299/299
f 276/276/276 299/299/299 255/255/255
f 255/255/255 299/299/299 270/270/270
f 255/255/255 270/270/270 239/239/239
f 212/212/212 239/239/239 270/270/270
f 212/212/212 270/270/270 254/254/254
f 270/270/270 331/331/331 294/294/294
f 270/270/270 294/294/294 254/254/254
f 258/258/258 276/276/276 255/255/255
f 258/258/258 255/255/255 223/223/223
f 598/598/598 682/682/682 679/679/679
f 598/598/598 679/679/679 574/574/574
f 603/603/603 685/685/685 682/682/682
f 603/603/603 682/682/682 598/598/598
f 607/607/607 686/686/686 685/685/685
f 607/607/607 685/685/685 603/603/603
f 681/681/681 686/686/686 607/607/607
f 681/681/681 607/607/607 590/590/590
f 531/531/531 665/665/665 640/640/640
f 531/531/531 640/640/640 487/487/487
f 574/574/574 679/679/679 665/665/665
f 574/574/574 665/665/665 531/531/531
f 816/816/816 832/832/832 801/801/801
f 816/816/816 801/801/801 775/775/775
f 835/835/835 854/854/854 832/832/832
f 835/835/835 832/832/832 816/816/816
f 742/742/742 763/763/763 733/733/733
f 742/742/742 733/733/733 708/708/708
f 775/775/775 801/801/801 763/763/763
f 775/775/775 763/763/763 742/742/742
f 452/452/452 465/465/465 350/350/350
f 452/452/452 350/350/350 317/317/317
f 443/443/443 383/383/383 458/458/458
f 443/443/443 458/458/458 504/504/504
f 427/427/427 458/458/458 383/383/383
f 427/427/427 383/383/383 372/372/372
f 341/341/341 337/337/337 383/383/383
f 341/341/341 383/383/383 443/443/443
f 372/372/372 383/383/383 337/337/337
f 372/372/372 337/337/337 345/345/345
f 504/504/504 458/458/458 477/477/477
f 504/504/504 477/477/477 599/599/599
f 440/440/440 477/477/477 458/458/458
f 440/440/440 458/458/458 427/427/427
f 274/274/274 296/296/296 337/337/337
f 274/274/274 337/337/337 341/341/341
f 337/337/337 296/296/296 325/325/325
f 337/337/337 325/325/325 345/345/345
f 599/599/599 477/477/477 479/479/479
f 599/599/599 479/479/479 614/614/614
f 479/479/479 477/477/477 440/440/440
f 479/479/479 440/440/440 436/436/436
f 613/613/613 480/480/480 478/478/478
f 613/613/613 478/478/478 588/588/588
f 478/478/478 431/431/431 465/465/465
f 478/478/478 465/465/465 588/588/588
f 431/431/431 347/347/347 350/350/350
f 431/431/431 350/350/350 465/465/465
f 178/178/178 189/189/189 238/238/238
f 178/178/178 238/238/238 227/227/227
f 238/238/238 282/282/282 268/268/268
f 238/238/238 268/268/268 227/227/227
f 321/321/321 347/347/347 431/431/431
f 321/321/321 431/431/431 356/356/356
f 282/282/282 322/322/322 314/314/314
f 282/282/282 314/314/314 268/268/268
f 322/322/322 355/355/355 324/324/324
f 322/322/322 324/324/324 314/314/314
f 236/236/236 271/271/271 237/237/237
f 236/236/236 237/237/237 188/188/188
f 237/237/237 271/271/271 301/301/301
f 237/237/237 301/301/301 281/281/281
f 347/347/347 301/301/301 271/271/271
f 347/347/347 271/271/271 350/350/350
f 321/321/321 281/281/281 301/301/301
f 321/321/321 301/301/301 347/347/347
f 346/346/346 452/452/452 317/317/317
f 346/346/346 317/317/317 291/291/291
f 198/198/198 236/236/236 188/188/188
f 198/198/198 188/188/188 150/150/150
f 134/134/134 151/151/151 189/189/189
f 134/134/134 189/189/189 178/178/178
f 225/225/225 261/261/261 313/313/313
f 225/225/225 313/313/313 257/257/257
f 114/114/114 134/134/134 178/178/178
f 114/114/114 178/178/178 130/130/130
f 260/260/260 257/257/257 313/313/313
f 260/260/260 313/313/313 348/348/348
f 191/191/191 225/225/225 257/257/257
f 191/191/191 257/257/257 260/260/260
f 71/71/71 114/114/114 130/130/130
f 71/71/71 130/130/130 87/87/87
f 326/326/326 346/346/346 291/291/291
f 326/326/326 291/291/291 272/272/272
f 198/198/198 150/150/150 127/127/127
f 198/198/198 127/127/127 162/162/162
f 36/36/36 71/71/71 87/87/87
f 36/36/36 87/87/87 52/52/52
f 126/126/126 103/103/103 75/75/75
f 126/126/126 75/75/75 102/102/102
f 162/162/162 127/127/127 101/101/101
f 162/162/162 101/101/101 136/136/136
f 326/326/326 272/272/272 256/256/256
f 326/326/326 256/256/256 316/316/316
f 691/691/691 674/674/674 711/711/711
f 691/691/691 711/711/711 735/735/735
f 196/196/196 178/178/178 227/227/227
f 196/196/196 227/227/227 245/245/245
f 268/268/268 297/297/297 245/245/245
f 268/268/268 245/245/245 227/227/227
f 314/314/314 324/324/324 297/297/297
f 314/314/314 297/297/297 268/268/268
f 130/130/130 178/178/178 196/196/196
f 130/130/130 196/196/196 147/147/147
f 147/147/147 107/107/107 87/87/87
f 147/147/147 87/87/87 130/130/130
f 251/251/251 209/209/209 196/196/196
f 251/251/251 196/196/196 245/245/245
f 262/262/262 209/209/209 251/251/251
f 262/262/262 251/251/251 275/275/275
f 209/209/209 190/190/190 147/147/147
f 209/209/209 147/147/147 196/196/196
f 226/226/226 190/190/190 209/209/209
f 226/226/226 209/209/209 262/262/262
f 147/147/147 190/190/190 148/148/148
f 147/147/147 148/148/148 107/107/107
f 148/148/148 190/190/190 226/226/226
f 148/148/148 226/226/226 192/192/192
f 245/245/245 297/297/297 275/275/275
f 245/245/245 275/275/275 251/251/251
f 762/762/762 735/735/735 711/711/711
f 762/762/762 711/711/711 720/720/720
f 711/711/711 674/674/674 667/667/667
f 711/711/711 667/667/667 720/720/720
f 438/438/438 590/590/590 607/607/607
f 438/438/438 607/607/607 433/433/433
f 439/439/439 603/603/603 598/598/598
f 439/439/439 598/598/598 430/430/430
f 433/433/433 607/607/607 603/603/603
f 433/433/433 603/603/603 439/439/439
f 388/388/388 487/487/487 460/460/460
f 388/388/388 460/460/460 315/315/315
f 419/419/419 531/531/531 487/487/487
f 419/419/419 487/487/487 388/388/388
f 418/418/418 574/574/574 531/531/531
f 418/418/418 531/531/531 419/419/419
f 430/430/430 598/598/598 574/574/574
f 430/430/430 574/574/574 418/418/418
f 259/259/259 206/206/206 200/200/200
f 259/259/259 200/200/200 246/246/246
f 249/249/249 206/206/206 259/259/259
f 249/249/249 259/259/259 315/315/315
f 388/388/388 315/315/315 259/259/259
f 388/388/388 259/259/259 309/309/309
f 419/419/419 388/388/388 309/309/309
f 419/419/419 309/309/309 305/305/305
f 246/246/246 305/305/305 309/309/309
f 246/246/246 309/309/309 259/259/259
f 169/169/169 159/159/159 217/217/217
f 169/169/169 217/217/217 229/229/229
f 220/220/220 213/213/213 158/158/158
f 220/220/220 158/158/158 164/164/164
f 159/159/159 154/154/154 218/218/218
f 159/159/159 218/218/218 217/217/217
f 213/213/213 218/218/218 154/154/154
f 213/213/213 154/154/154 158/158/158
f 213/213/213 220/220/220 286/286/286
f 213/213/213 286/286/286 283/283/283
f 283/283/283 286/286/286 396/396/396
f 283/283/283 396/396/396 412/412/412
f 218/218/218 213/213/213 283/283/283
f 218/218/218 283/283/283 292/292/292
f 292/292/292 283/283/283 412/412/412
f 292/292/292 412/412/412 438/438/438
f 107/107/107 70/70/70 52/52/52
f 107/107/107 52/52/52 87/87/87
f 192/192/192 175/175/175 139/139/139
f 192/192/192 139/139/139 148/148/148
f 128/128/128 139/139/139 175/175/175
f 128/128/128 175/175/175 165/165/165
f 164/164/164 176/176/176 233/233/233
f 164/164/164 233/233/233 220/220/220
f 148/148/148 139/139/139 108/108/108
f 148/148/148 108/108/108 107/107/107
f 108/108/108 139/139/139 128/128/128
f 108/108/108 128/128/128 97/97/97
f 108/108/108 97/97/97 70/70/70
f 108/108/108 70/70/70 107/107/107
f 63/63/63 70/70/70 97/97/97
f 63/63/63 97/97/97 88/88/88
f 41/41/41 52/52/52 70/70/70
f 41/41/41 70/70/70 63/63/63
f 23/23/23 36/36/36 52/52/52
f 23/23/23 52/52/52 41/41/41
f 121/121/121 128/128/128 165/165/165
f 121/121/121 165/165/165 157/157/157
f 88/88/88 97/97/97 128/128/128
f 88/88/88 128/128/128 121/121/121
f 217/217/217 218/218/218 292/292/292
f 217/217/217 292/292/292 304/304/304
f 304/304/304 292/292/292 438/438/438
f 304/304/304 438/438/438 433/433/433
f 229/229/229 217/217/217 304/304/304
f 229/229/229 304/304/304 311/311/311
f 311/311/311 304/304/304 433/433/433
f 311/311/311 433/433/433 439/439/439
f 183/183/183 241/241/241 246/246/246
f 183/183/183 246/246/246 200/200/200
f 305/305/305 246/246/246 241/241/241
f 305/305/305 241/241/241 310/310/310
f 305/305/305 310/310/310 418/418/418
f 305/305/305 418/418/418 419/419/419
f 229/229/229 234/234/234 173/173/173
f 229/229/229 173/173/173 169/169/169
f 183/183/183 173/173/173 234/234/234
f 183/183/183 234/234/234 241/241/241
f 308/308/308 234/234/234 229/229/229
f 308/308/308 229/229/229 311/311/311
f 234/234/234 308/308/308 310/310/310
f 234/234/234 310/310/310 241/241/241
f 418/418/418 310/310/310 308/308/308
f 418/418/418 308/308/308 430/430/430
f 430/430/430 308/308/308 311/311/311
f 430/430/430 311/311/311 439/439/439
f 73/73/73 134/134/134 114/114/114
f 73/73/73 114/114/114 71/71/71
f 151/151/151 134/134/134 103/103/103
f 151/151/151 103/103/103 126/126/126
f 72/72/72 47/47/47 75/75/75
f 72/72/72 75/75/75 103/103/103
f 73/73/73 72/72/72 103/103/103
f 73/73/73 103/103/103 134/134/134
f 23/23/23 41/41/41 33/33/33
f 23/23/23 33/33/33 14/14/14
f 33/33/33 41/41/41 63/63/63
f 33/33/33 63/63/63 50/50/50
f 118/118/118 121/121/121 157/157/157
f 118/118/118 157/157/157 153/153/153
f 81/81/81 88/88/88 121/121/121
f 81/81/81 121/121/121 118/118/118
f 50/50/50 63/63/63 88/88/88
f 50/50/50 88/88/88 81/81/81
f 50/50/50 81/81/81 76/76/76
f 50/50/50 76/76/76 46/46/46
f 33/33/33 50/50/50 46/46/46
f 33/33/33 46/46/46 32/32/32
f 14/14/14 33/33/33 32/32/32
f 14/14/14 32/32/32 15/15/15
f 117/117/117 118/118/118 153/153/153
f 117/117/117 153/153/153 160/160/160
f 76/76/76 81/81/81 118/118/118
f 76/76/76 118/118/118 117/117/117
f 46/46/46 76/76/76 82/82/82
f 46/46/46 82/82/82 49/49/49
f 82/82/82 76/76/76 117/117/117
f 82/82/82 117/117/117 119/119/119
f 119/119/119 117/117/117 160/160/160
f 119/119/119 160/160/160 170/170/170
f 64/64/64 95/95/95 106/106/106
f 64/64/64 106/106/106 77/77/77
f 133/133/133 182/182/182 199/199/199
f 133/133/133 199/199/199 141/141/141
f 95/95/95 133/133/133 141/141/141
f 95/95/95 141/141/141 106/106/106
f 58/58/58 89/89/89 95/95/95
f 58/58/58 95/95/95 64/64/64
f 89/89/89 58/58/58 49/49/49
f 89/89/89 49/49/49 82/82/82
f 122/122/122 174/174/174 182/182/182
f 122/122/122 182/182/182 133/133/133
f 174/174/174 122/122/122 119/119/119
f 174/174/174 119/119/119 170/170/170
f 89/89/89 122/122/122 133/133/133
f 89/89/89 133/133/133 95/95/95
f 122/122/122 89/89/89 82/82/82
f 122/122/122 82/82/82 119/119/119
f 21/21/21 39/39/39 44/44/44
f 21/21/21 44/44/44 30/30/30
f 64/64/64 44/44/44 39/39/39
f 64/64/64 39/39/39 58/58/58
f 18/18/18 34/34/34 39/39/39
f 18/18/18 39/39/39 21/21/21
f 58/58/58 39/39/39 34/34/34
f 58/58/58 34/34/34 49/49/49
f 15/15/15 32/32/32 34/34/34
f 15/15/15 34/34/34 18/18/18
f 49/49/49 34/34/34 32/32/32
f 49/49/49 32/32/32 46/46/46
f 44/44/44 60/60/60 43/43/43
f 44/44/44 43/43/43 30/30/30
f 77/77/77 60/60/60 44/44/44
f 77/77/77 44/44/44 64/64/64
f 55/55/55 28/28/28 24/24/24
f 55/55/55 24/24/24 53/53/53
f 28/28/28 55/55/55 65/65/65
f 28/28/28 65/65/65 38/38/38
f 8/8/8 24/24/24 28/28/28
f 8/8/8 28/28/28 10/10/10
f 28/28/28 38/38/38 20/20/20
f 28/28/28 20/20/20 10/10/10
f 1/1/1 8/8/8 10/10/10
f 1/1/1 10/10/10 3/3/3
f 3/3/3 10/10/10 20/20/20
f 3/3/3 20/20/20 12/12/12
f 24/24/24 8/8/8 9/9/9
f 24/24/24 9/9/9 25/25/25
f 53/53/53 24/24/24 25/25/25
f 53/53/53 25/25/25 61/61/61
f 8/8/8 1/1/1 2/2/2
f 8/8/8 2/2/2 9/9/9
f 25/25/25 9/9/9 13/13/13
f 25/25/25 13/13/13 31/31/31
f 67/67/67 61/61/61 25/25/25
f 67/67/67 25/25/25 31/31/31
f 9/9/9 2/2/2 7/7/7
f 9/9/9 7/7/7 13/13/13
f 31/31/31 13/13/13 22/22/22
f 31/31/31 22/22/22 42/42/42
f 67/67/67 31/31/31 42/42/42
f 67/67/67 42/42/42 79/79/79
f 22/22/22 13/13/13 7/7/7
f 22/22/22 7/7/7 17/17/17
f 42/42/42 22/22/22 35/35/35
f 42/42/42 35/35/35 57/57/57
f 79/79/79 42/42/42 57/57/57
f 79/79/79 57/57/57 98/98/98
f 22/22/22 17/17/17 27/27/27
f 22/22/22 27/27/27 35/35/35
f 211/211/211 181/181/181 212/212/212
f 211/211/211 212/212/212 254/254/254
f 181/181/181 211/211/211 166/166/166
f 181/181/181 166/166/166 142/142/142
f 212/212/212 181/181/181 187/187/187
f 212/212/212 187/187/187 239/239/239
f 27/27/27 45/45/45 59/59/59
f 27/27/27 59/59/59 35/35/35
f 90/90/90 59/59/59 45/45/45
f 90/90/90 45/45/45 74/74/74
f 59/59/59 83/83/83 57/57/57
f 59/59/59 57/57/57 35/35/35
f 83/83/83 59/59/59 90/90/90
f 83/83/83 90/90/90 109/109/109
f 106/106/106 132/132/132 100/100/100
f 106/106/106 100/100/100 77/77/77
f 129/129/129 100/100/100 132/132/132
f 129/129/129 132/132/132 167/167/167
f 77/77/77 100/100/100 84/84/84
f 77/77/77 84/84/84 60/60/60
f 105/105/105 84/84/84 100/100/100
f 105/105/105 100/100/100 129/129/129
f 60/60/60 84/84/84 69/69/69
f 60/60/60 69/69/69 43/43/43
f 93/93/93 69/69/69 84/84/84
f 93/93/93 84/84/84 105/105/105
f 168/168/168 132/132/132 106/106/106
f 168/168/168 106/106/106 141/141/141
f 207/207/207 168/168/168 141/141/141
f 207/207/207 141/141/141 199/199/199
f 258/258/258 307/307/307 335/335/335
f 258/258/258 335/335/335 276/276/276
f 167/167/167 132/132/132 168/168/168
f 167/167/167 168/168/168 201/201/201
f 168/168/168 207/207/207 248/248/248
f 168/168/168 248/248/248 201/201/201
f 3/3/3 5/5/5 4/4/4
f 3/3/3 4/4/4 1/1/1
f 4/4/4 5/5/5 14/14/14
f 4/4/4 14/14/14 15/15/15
f 12/12/12 16/16/16 5/5/5
f 12/12/12 5/5/5 3/3/3
f 5/5/5 16/16/16 23/23/23
f 5/5/5 23/23/23 14/14/14
f 1/1/1 4/4/4 6/6/6
f 1/1/1 6/6/6 2/2/2
f 18/18/18 6/6/6 4/4/4
f 18/18/18 4/4/4 15/15/15
f 2/2/2 6/6/6 11/11/11
f 2/2/2 11/11/11 7/7/7
f 21/21/21 11/11/11 6/6/6
f 21/21/21 6/6/6 18/18/18
f 7/7/7 11/11/11 19/19/19
f 7/7/7 19/19/19 17/17/17
f 30/30/30 19/19/19 11/11/11
f 30/30/30 11/11/11 21/21/21
f 17/17/17 19/19/19 29/29/29
f 17/17/17 29/29/29 27/27/27
f 43/43/43 29/29/29 19/19/19
f 43/43/43 19/19/19 30/30/30
f 27/27/27 29/29/29 48/48/48
f 27/27/27 48/48/48 45/45/45
f 48/48/48 29/29/29 43/43/43
f 48/48/48 43/43/43 69/69/69
f 48/48/48 78/78/78 74/74/74
f 48/48/48 74/74/74 45/45/45
f 78/78/78 48/48/48 69/69/69
f 78/78/78 69/69/69 93/93/93
f 143/143/143 187/187/187 181/181/181
f 143/143/143 181/181/181 142/142/142
f 47/47/47 72/72/72 73/73/73
f 47/47/47 73/73/73 40/40/40
f 16/16/16 40/40/40 36/36/36
f 16/16/16 36/36/36 23/23/23
f 40/40/40 73/73/73 71/71/71
f 40/40/40 71/71/71 36/36/36
f 239/239/239 187/187/187 223/223/223
f 239/239/239 223/223/223 255/255/255
f 214/214/214 242/242/242 202/202/202
f 214/214/214 202/202/202 172/172/172
f 223/223/223 202/202/202 242/242/242
f 223/223/223 242/242/242 258/258/258
f 263/263/263 242/242/242 214/214/214
f 263/263/263 214/214/214 247/247/247
f 258/258/258 242/242/242 263/263/263
f 258/258/258 263/263/263 307/307/307
f 172/172/172 202/202/202 184/184/184
f 172/172/172 184/184/184 152/152/152
f 184/184/184 202/202/202 223/223/223
f 184/184/184 223/223/223 187/187/187
f 187/187/187 143/143/143 152/152/152
f 187/187/187 152/152/152 184/184/184
f 263/263/263 247/247/247 278/278/278
f 263/263/263 278/278/278 307/307/307
f 651/651/651 661/661/661 717/717/717
f 651/651/651 717/717/717 709/709/709
f 783/783/783 792/792/792 828/828/828
f 783/783/783 828/828/828 814/814/814
f 572/572/572 661/661/661 651/651/651
f 572/572/572 651/651/651 578/578/578
f 793/793/793 830/830/830 828/828/828
f 793/793/793 828/828/828 792/792/792
f 717/717/717 661/661/661 703/703/703
f 717/717/717 703/703/703 716/716/716
f 710/710/710 744/744/744 726/726/726
f 710/710/710 726/726/726 696/696/696
f 726/726/726 744/744/744 782/782/782
f 726/726/726 782/782/782 765/765/765
f 699/699/699 737/737/737 745/745/745
f 699/699/699 745/745/745 703/703/703
f 745/745/745 737/737/737 768/768/768
f 745/745/745 768/768/768 791/791/791
f 693/693/693 715/715/715 737/737/737
f 693/693/693 737/737/737 699/699/699
f 768/768/768 737/737/737 715/715/715
f 768/768/768 715/715/715 752/752/752
f 689/689/689 715/715/715 693/693/693
f 689/689/689 693/693/693 663/663/663
f 715/715/715 689/689/689 714/714/714
f 715/715/715 714/714/714 752/752/752
f 629/629/629 689/689/689 663/663/663
f 629/629/629 663/663/663 575/575/575
f 689/689/689 629/629/629 677/677/677
f 689/689/689 677/677/677 714/714/714
f 441/441/441 560/560/560 499/499/499
f 441/441/441 499/499/499 417/417/417
f 560/560/560 441/441/441 460/460/460
f 560/560/560 460/460/460 606/606/606
f 499/499/499 560/560/560 629/629/629
f 499/499/499 629/629/629 575/575/575
f 677/677/677 629/629/629 560/560/560
f 677/677/677 560/560/560 606/606/606
f 319/319/319 441/441/441 417/417/417
f 319/319/319 417/417/417 333/333/333
f 441/441/441 319/319/319 315/315/315
f 441/441/441 315/315/315 460/460/460
f 265/265/265 319/319/319 333/333/333
f 265/265/265 333/333/333 279/279/279
f 319/319/319 265/265/265 249/249/249
f 319/319/319 249/249/249 315/315/315
f 155/155/155 194/194/194 214/214/214
f 155/155/155 214/214/214 172/172/172
f 194/194/194 219/219/219 247/247/247
f 194/194/194 247/247/247 214/214/214
f 219/219/219 194/194/194 167/167/167
f 219/219/219 167/167/167 201/201/201
f 219/219/219 264/264/264 278/278/278
f 219/219/219 278/278/278 247/247/247
f 264/264/264 219/219/219 201/201/201
f 264/264/264 201/201/201 248/248/248
f 717/717/717 751/751/751 743/743/743
f 717/717/717 743/743/743 709/709/709
f 743/743/743 751/751/751 792/792/792
f 743/743/743 792/792/792 783/783/783
f 745/745/745 758/758/758 716/716/716
f 745/745/745 716/716/716 703/703/703
f 793/793/793 758/758/758 745/745/745
f 793/793/793 745/745/745 791/791/791
f 716/716/716 758/758/758 751/751/751
f 716/716/716 751/751/751 717/717/717
f 792/792/792 751/751/751 758/758/758
f 792/792/792 758/758/758 793/793/793
f 738/738/738 754/754/754 712/712/712
f 738/738/738 712/712/712 701/701/701
f 740/740/740 766/766/766 738/738/738
f 740/740/740 738/738/738 704/704/704
f 704/704/704 738/738/738 701/701/701
f 704/704/704 701/701/701 670/670/670
f 670/670/670 622/622/622 678/678/678
f 670/670/670 678/678/678 704/704/704
f 706/706/706 740/740/740 704/704/704
f 706/706/706 704/704/704 678/678/678
f 675/675/675 706/706/706 678/678/678
f 675/675/675 678/678/678 619/619/619
f 619/619/619 678/678/678 622/622/622
f 619/619/619 622/622/622 519/519/519
f 476/476/476 615/615/615 619/619/619
f 476/476/476 619/619/619 519/519/519
f 827/827/827 809/809/809 842/842/842
f 827/827/827 842/842/842 856/856/856
f 819/819/819 842/842/842 809/809/809
f 819/819/819 809/809/809 799/799/799
f 784/784/784 819/819/819 799/799/799
f 784/784/784 799/799/799 764/764/764
f 766/766/766 740/740/740 764/764/764
f 766/766/766 764/764/764 799/799/799
f 746/746/746 784/784/784 764/764/764
f 746/746/746 764/764/764 725/725/725
f 764/764/764 740/740/740 706/706/706
f 764/764/764 706/706/706 725/725/725
f 725/725/725 706/706/706 675/675/675
f 725/725/725 675/675/675 690/690/690
f 707/707/707 746/746/746 725/725/725
f 707/707/707 725/725/725 690/690/690
f 690/690/690 615/615/615 668/668/668
f 690/690/690 668/668/668 707/707/707
f 809/809/809 781/781/781 766/766/766
f 809/809/809 766/766/766 799/799/799
f 738/738/738 766/766/766 781/781/781
f 738/738/738 781/781/781 754/754/754
f 675/675/675 619/619/619 615/615/615
f 675/675/675 615/615/615 690/690/690
f 92/92/92 96/96/96 66/66/66
f 92/92/92 66/66/66 56/56/56
f 284/284/284 290/290/290 232/232/232
f 284/284/284 232/232/232 224/224/224
f 720/720/720 667/667/667 669/669/669
f 720/720/720 669/669/669 734/734/734
f 779/779/779 762/762/762 720/720/720
f 779/779/779 720/720/720 734/734/734
f 457/457/457 501/501/501 452/452/452
f 457/457/457 452/452/452 346/346/346
f 457/457/457 346/346/346 326/326/326
f 457/457/457 326/326/326 448/448/448
f 316/316/316 426/426/426 448/448/448
f 316/316/316 448/448/448 326/326/326
f 390/390/390 423/423/423 290/290/290
f 390/390/390 290/290/290 284/284/284
f 633/633/633 641/641/641 691/691/691
f 633/633/633 691/691/691 676/676/676
f 641/641/641 627/627/627 674/674/674
f 641/641/641 674/674/674 691/691/691
f 91/91/91 92/92/92 56/56/56
f 91/91/91 56/56/56 54/54/54
f 273/273/273 284/284/284 224/224/224
f 273/273/273 224/224/224 210/210/210
f 380/380/380 390/390/390 284/284/284
f 380/380/380 284/284/284 273/273/273
f 521/521/521 390/390/390 380/380/380
f 521/521/521 380/380/380 524/524/524
f 521/521/521 524/524/524 664/664/664
f 521/521/521 664/664/664 669/669/669
f 254/254/254 294/294/294 253/253/253
f 254/254/254 253/253/253 211/211/211
f 470/470/470 558/558/558 488/488/488
f 470/470/470 488/488/488 415/415/415
f 343/343/343 293/293/293 329/329/329
f 343/343/343 329/329/329 415/415/415
f 580/580/580 468/468/468 432/432/432
f 580/580/580 432/432/432 488/488/488
f 415/415/415 488/488/488 432/432/432
f 415/415/415 432/432/432 343/343/343
f 211/211/211 253/253/253 215/215/215
f 211/211/211 215/215/215 166/166/166
f 592/592/592 468/468/468 580/580/580
f 592/592/592 580/580/580 666/666/666
f 109/109/109 144/144/144 112/112/112
f 109/109/109 112/112/112 83/83/83
f 83/83/83 112/112/112 98/98/98
f 83/83/83 98/98/98 57/57/57
f 179/179/179 113/113/113 145/145/145
f 179/179/179 145/145/145 203/203/203
f 454/454/454 320/320/320 342/342/342
f 454/454/454 342/342/342 447/447/447
f 623/623/623 454/454/454 447/447/447
f 623/623/623 447/447/447 612/612/612
f 62/62/62 68/68/68 104/104/104
f 62/62/62 104/104/104 94/94/94
f 54/54/54 62/62/62 94/94/94
f 54/54/54 94/94/94 91/91/91
f 149/149/149 99/99/99 113/113/113
f 149/149/149 113/113/113 179/179/179
f 271/271/271 236/236/236 317/317/317
f 271/271/271 317/317/317 350/350/350
f 228/228/228 317/317/317 236/236/236
f 228/228/228 236/236/236 198/198/198
f 197/197/197 228/228/228 198/198/198
f 197/197/197 198/198/198 162/162/162
f 197/197/197 162/162/162 136/136/136
f 197/197/197 136/136/136 163/163/163
f 96/96/96 92/92/92 124/124/124
f 96/96/96 124/124/124 137/137/137
f 92/92/92 91/91/91 120/120/120
f 92/92/92 120/120/120 124/124/124
f 250/250/250 230/230/230 272/272/272
f 250/250/250 272/272/272 291/291/291
f 197/197/197 230/230/230 250/250/250
f 197/197/197 250/250/250 228/228/228
f 230/230/230 204/204/204 256/256/256
f 230/230/230 256/256/256 272/272/272
f 163/163/163 204/204/204 230/230/230
f 163/163/163 230/230/230 197/197/197
f 180/180/180 171/171/171 224/224/224
f 180/180/180 224/224/224 232/232/232
f 171/171/171 180/180/180 137/137/137
f 171/171/171 137/137/137 124/124/124
f 171/171/171 161/161/161 210/210/210
f 171/171/171 210/210/210 224/224/224
f 161/161/161 171/171/171 124/124/124
f 161/161/161 124/124/124 120/120/120
f 228/228/228 250/250/250 291/291/291
f 228/228/228 291/291/291 317/317/317
f 669/669/669 664/664/664 729/729/729
f 669/669/669 729/729/729 734/734/734
f 734/734/734 729/729/729 790/790/790
f 734/734/734 790/790/790 779/779/779
f 320/320/320 454/454/454 456/456/456
f 320/320/320 456/456/456 300/300/300
f 630/630/630 456/456/456 454/454/454
f 630/630/630 454/454/454 623/623/623
f 203/203/203 267/267/267 240/240/240
f 203/203/203 240/240/240 179/179/179
f 320/320/320 240/240/240 267/267/267
f 320/320/320 267/267/267 342/342/342
f 179/179/179 240/240/240 221/221/221
f 179/179/179 221/221/221 149/149/149
f 300/300/300 221/221/221 240/240/240
f 300/300/300 240/240/240 320/320/320
f 397/397/397 444/444/444 496/496/496
f 397/397/397 496/496/496 471/471/471
f 496/496/496 444/444/444 468/468/468
f 496/496/496 468/468/468 592/592/592
f 496/496/496 624/624/624 562/562/562
f 496/496/496 562/562/562 471/471/471
f 624/624/624 496/496/496 592/592/592
f 624/624/624 592/592/592 650/650/650
f 612/612/612 671/671/671 688/688/688
f 612/612/612 688/688/688 623/623/623
f 719/719/719 688/688/688 671/671/671
f 719/719/719 671/671/671 695/695/695
f 623/623/623 688/688/688 698/698/698
f 623/623/623 698/698/698 630/630/630
f 739/739/739 698/698/698 688/688/688
f 739/739/739 688/688/688 719/719/719
f 352/352/352 444/444/444 397/397/397
f 352/352/352 397/397/397 332/332/332
f 468/468/468 444/444/444 352/352/352
f 468/468/468 352/352/352 312/312/312
f 293/293/293 343/343/343 312/312/312
f 293/293/293 312/312/312 252/252/252
f 432/432/432 468/468/468 312/312/312
f 432/432/432 312/312/312 343/343/343
f 312/312/312 352/352/352 332/332/332
f 312/312/312 332/332/332 266/266/266
f 252/252/252 312/312/312 266/266/266
f 252/252/252 266/266/266 216/216/216
f 790/790/790 729/729/729 727/727/727
f 790/790/790 727/727/727 785/785/785
f 698/698/698 739/739/739 760/760/760
f 698/698/698 760/760/760 705/705/705
f 705/705/705 760/760/760 769/769/769
f 705/705/705 769/769/769 713/713/713
f 713/713/713 769/769/769 780/780/780
f 713/713/713 780/780/780 721/721/721
f 785/785/785 727/727/727 721/721/721
f 785/785/785 721/721/721 780/780/780
f 727/727/727 662/662/662 659/659/659
f 727/727/727 659/659/659 721/721/721
f 662/662/662 727/727/727 729/729/729
f 662/662/662 729/729/729 664/664/664
f 721/721/721 659/659/659 642/642/642
f 721/721/721 642/642/642 713/713/713
f 713/713/713 642/642/642 634/634/634
f 713/713/713 634/634/634 705/705/705
f 705/705/705 634/634/634 630/630/630
f 705/705/705 630/630/630 698/698/698
f 91/91/91 94/94/94 135/135/135
f 91/91/91 135/135/135 120/120/120
f 161/161/161 120/120/120 135/135/135
f 161/161/161 135/135/135 177/177/177
f 161/161/161 177/177/177 222/222/222
f 161/161/161 222/222/222 210/210/210
f 273/273/273 210/210/210 222/222/222
f 273/273/273 222/222/222 280/280/280
f 380/380/380 273/273/273 280/280/280
f 380/380/380 280/280/280 387/387/387
f 380/380/380 387/387/387 520/520/520
f 380/380/380 520/520/520 524/524/524
f 664/664/664 524/524/524 520/520/520
f 664/664/664 520/520/520 662/662/662
f 140/140/140 135/135/135 94/94/94
f 140/140/140 94/94/94 104/104/104
f 285/285/285 208/208/208 221/221/221
f 285/285/285 221/221/221 300/300/300
f 285/285/285 300/300/300 456/456/456
f 285/285/285 456/456/456 455/455/455
f 634/634/634 455/455/455 456/456/456
f 634/634/634 456/456/456 630/630/630
f 662/662/662 520/520/520 494/494/494
f 662/662/662 494/494/494 659/659/659
f 659/659/659 494/494/494 486/486/486
f 659/659/659 486/486/486 642/642/642
f 634/634/634 642/642/642 486/486/486
f 634/634/634 486/486/486 455/455/455
f 285/285/285 455/455/455 351/351/351
f 285/285/285 351/351/351 277/277/277
f 351/351/351 455/455/455 486/486/486
f 351/351/351 486/486/486 369/369/369
f 369/369/369 486/486/486 494/494/494
f 369/369/369 494/494/494 370/370/370
f 520/520/520 387/387/387 370/370/370
f 520/520/520 370/370/370 494/494/494
f 277/277/277 205/205/205 208/208/208
f 277/277/277 208/208/208 285/285/285
f 370/370/370 387/387/387 280/280/280
f 370/370/370 280/280/280 287/287/287
f 369/369/369 370/370/370 287/287/287
f 369/369/369 287/287/287 289/289/289
f 351/351/351 369/369/369 289/289/289
f 351/351/351 289/289/289 277/277/277
f 131/131/131 80/80/80 99/99/99
f 131/131/131 99/99/99 149/149/149
f 104/104/104 68/68/68 80/80/80
f 104/104/104 80/80/80 131/131/131
f 156/156/156 140/140/140 104/104/104
f 156/156/156 104/104/104 131/131/131
f 149/149/149 221/221/221 208/208/208
f 149/149/149 208/208/208 131/131/131
f 156/156/156 131/131/131 208/208/208
f 156/156/156 208/208/208 205/205/205
f 177/177/177 135/135/135 140/140/140
f 177/177/177 140/140/140 193/193/193
f 193/193/193 140/140/140 156/156/156
f 193/193/193 156/156/156 205/205/205
f 222/222/222 177/177/177 193/193/193
f 222/222/222 193/193/193 235/235/235
f 243/243/243 235/235/235 193/193/193
f 243/243/243 193/193/193 205/205/205
f 243/243/243 205/205/205 277/277/277
f 243/243/243 277/277/277 289/289/289
f 287/287/287 235/235/235 243/243/243
f 287/287/287 243/243/243 289/289/289
f 222/222/222 235/235/235 287/287/287
f 222/222/222 287/287/287 280/280/280
f 138/138/138 115/115/115 142/142/142
f 138/138/138 142/142/142 166/166/166
f 115/115/115 138/138/138 109/109/109
f 115/115/115 109/109/109 90/90/90
f 142/142/142 115/115/115 110/110/110
f 142/142/142 110/110/110 143/143/143
f 74/74/74 110/110/110 115/115/115
f 74/74/74 115/115/115 90/90/90
f 152/152/152 116/116/116 123/123/123
f 152/152/152 123/123/123 172/172/172
f 143/143/143 110/110/110 116/116/116
f 143/143/143 116/116/116 152/152/152
f 78/78/78 116/116/116 110/110/110
f 78/78/78 110/110/110 74/74/74
f 185/185/185 138/138/138 166/166/166
f 185/185/185 166/166/166 215/215/215
f 138/138/138 185/185/185 144/144/144
f 138/138/138 144/144/144 109/109/109
f 562/562/562 581/581/581 461/461/461
f 562/562/562 461/461/461 471/471/471
f 447/447/447 461/461/461 581/581/581
f 447/447/447 581/581/581 612/612/612
f 471/471/471 461/461/461 358/358/358
f 471/471/471 358/358/358 397/397/397
f 358/358/358 461/461/461 447/447/447
f 358/358/358 447/447/447 342/342/342
f 231/231/231 186/186/186 216/216/216
f 231/231/231 216/216/216 266/266/266
f 186/186/186 231/231/231 203/203/203
f 186/186/186 203/203/203 145/145/145
f 302/302/302 231/231/231 266/266/266
f 302/302/302 266/266/266 332/332/332
f 231/231/231 302/302/302 267/267/267
f 231/231/231 267/267/267 203/203/203
f 358/358/358 302/302/302 332/332/332
f 358/358/358 332/332/332 397/397/397
f 302/302/302 358/358/358 342/342/342
f 302/302/302 342/342/342 267/267/267
f 644/644/644 581/581/581 562/562/562
f 644/644/644 562/562/562 624/624/624
f 581/581/581 644/644/644 671/671/671
f 581/581/581 671/671/671 612/612/612
f 673/673/673 644/644/644 624/624/624
f 673/673/673 624/624/624 650/650/650
f 644/644/644 673/673/673 695/695/695
f 644/644/644 695/695/695 671/671/671
f 724/724/724 694/694/694 676/676/676
f 724/724/724 676/676/676 691/691/691
f 694/694/694 724/724/724 742/742/742
f 694/694/694 742/742/742 708/708/708
f 735/735/735 757/757/757 724/724/724
f 735/735/735 724/724/724 691/691/691
f 724/724/724 757/757/757 775/775/775
f 724/724/724 775/775/775 742/742/742
f 762/762/762 789/789/789 757/757/757
f 762/762/762 757/757/757 735/735/735
f 775/775/775 757/757/757 789/789/789
f 775/775/775 789/789/789 816/816/816
f 779/779/779 806/806/806 789/789/789
f 779/779/779 789/789/789 762/762/762
f 816/816/816 789/789/789 806/806/806
f 816/816/816 806/806/806 835/835/835
f 790/790/790 818/818/818 806/806/806
f 790/790/790 806/806/806 779/779/779
f 835/835/835 806/806/806 818/818/818
f 835/835/835 818/818/818 846/846/846
f 695/695/695 732/732/732 755/755/755
f 695/695/695 755/755/755 719/719/719
f 778/778/778 755/755/755 732/732/732
f 778/778/778 732/732/732 753/753/753
f 719/719/719 755/755/755 774/774/774
f 719/719/719 774/774/774 739/739/739
f 774/774/774 755/755/755 778/778/778
f 774/774/774 778/778/778 805/805/805
f 774/774/774 797/797/797 760/760/760
f 774/774/774 760/760/760 739/739/739
f 797/797/797 774/774/774 805/805/805
f 797/797/797 805/805/805 824/824/824
f 760/760/760 797/797/797 804/804/804
f 760/760/760 804/804/804 769/769/769
f 804/804/804 797/797/797 824/824/824
f 804/804/804 824/824/824 833/833/833
f 804/804/804 813/813/813 780/780/780
f 804/804/804 780/780/780 769/769/769
f 841/841/841 813/813/813 804/804/804
f 841/841/841 804/804/804 833/833/833
f 785/785/785 817/817/817 818/818/818
f 785/785/785 818/818/818 790/790/790
f 846/846/846 818/818/818 817/817/817
f 846/846/846 817/817/817 847/847/847
f 780/780/780 813/813/813 817/817/817
f 780/780/780 817/817/817 785/785/785
f 847/847/847 817/817/817 813/813/813
f 847/847/847 813/813/813 841/841/841
f 700/700/700 732/732/732 695/695/695
f 700/700/700 695/695/695 673/673/673
f 696/696/696 726/726/726 702/702/702
f 696/696/696 702/702/702 666/666/666
f 753/753/753 702/702/702 726/726/726
f 753/753/753 726/726/726 765/765/765
f 650/650/650 702/702/702 700/700/700
f 650/650/650 700/700/700 673/673/673
f 753/753/753 732/732/732 700/700/700
f 753/753/753 700/700/700 702/702/702
f 650/650/650 592/592/592 666/666/666
f 650/650/650 666/666/666 702/702/702
f 588/588/588 465/465/465 635/635/635
f 588/588/588 635/635/635 680/680/680
f 708/708/708 733/733/733 680/680/680
f 708/708/708 680/680/680 635/635/635
f 635/635/635 465/465/465 452/452/452
f 635/635/635 452/452/452 501/501/501
f 633/633/633 532/532/532 530/530/530
f 633/633/633 530/530/530 641/641/641
f 448/448/448 530/530/530 532/532/532
f 448/448/448 532/532/532 457/457/457
f 530/530/530 503/503/503 627/627/627
f 530/530/530 627/627/627 641/641/641
f 503/503/503 530/530/530 448/448/448
f 503/503/503 448/448/448 426/426/426
f 610/610/610 532/532/532 633/633/633
f 610/610/610 633/633/633 676/676/676
f 532/532/532 610/610/610 501/501/501
f 532/532/532 501/501/501 457/457/457
f 658/658/658 610/610/610 676/676/676
f 658/658/658 676/676/676 694/694/694
f 501/501/501 610/610/610 658/658/658
f 501/501/501 658/658/658 635/635/635
f 658/658/658 694/694/694 708/708/708
f 658/658/658 708/708/708 635/635/635
f 256/256/256 244/244/244 303/303/303
f 256/256/256 303/303/303 316/316/316
f 290/290/290 303/303/303 244/244/244
f 290/290/290 244/244/244 232/232/232
f 86/86/86 111/111/111 136/136/136
f 86/86/86 136/136/136 101/101/101
f 96/96/96 111/111/111 86/86/86
f 96/96/96 86/86/86 66/66/66
f 75/75/75 51/51/51 85/85/85
f 75/75/75 85/85/85 102/102/102
f 85/85/85 51/51/51 38/38/38
f 85/85/85 38/38/38 65/65/65
f 47/47/47 37/37/37 51/51/51
f 47/47/47 51/51/51 75/75/75
f 51/51/51 37/37/37 20/20/20
f 51/51/51 20/20/20 38/38/38
f 26/26/26 37/37/37 47/47/47
f 26/26/26 47/47/47 40/40/40
f 20/20/20 37/37/37 26/26/26
f 20/20/20 26/26/26 12/12/12
f 303/303/303 411/411/411 426/426/426
f 303/303/303 426/426/426 316/316/316
f 411/411/411 303/303/303 290/290/290
f 411/411/411 290/290/290 423/423/423
f 111/111/111 146/146/146 163/163/163
f 111/111/111 163/163/163 136/136/136
f 137/137/137 146/146/146 111/111/111
f 137/137/137 111/111/111 96/96/96
f 204/204/204 195/195/195 244/244/244
f 204/204/204 244/244/244 256/256/256
f 232/232/232 244/244/244 195/195/195
f 232/232/232 195/195/195 180/180/180
f 146/146/146 195/195/195 204/204/204
f 146/146/146 204/204/204 163/163/163
f 180/180/180 195/195/195 146/146/146
f 180/180/180 146/146/146 137/137/137
f 426/426/426 411/411/411 489/489/489
f 426/426/426 489/489/489 503/503/503
f 26/26/26 40/40/40 16/16/16
f 26/26/26 16/16/16 12/12/12
f 489/489/489 411/411/411 423/423/423
f 489/489/489 423/423/423 561/561/561
f 561/561/561 521/521/521 669/669/669
f 561/561/561 669/669/669 667/667/667
f 521/521/521 561/561/561 423/423/423
f 521/521/521 423/423/423 390/390/390
f 489/489/489 561/561/561 627/627/627
f 489/489/489 627/627/627 503/503/503
f 627/627/627 561/561/561 667/667/667
f 627/627/627 667/667/667 674/674/674
f 155/155/155 129/129/129 167/167/167
f 155/155/155 167/167/167 194/194/194
f 125/125/125 105/105/105 129/129/129
f 125/125/125 129/129/129 155/155/155
f 116/116/116 78/78/78 93/93/93
f 116/116/116 93/93/93 123/123/123
f 125/125/125 123/123/123 93/93/93
f 125/125/125 93/93/93 105/105/105
f 125/125/125 155/155/155 172/172/172
f 125/125/125 172/172/172 123/123/123
f 427/427/427 372/372/372 436/436/436
f 427/427/427 436/436/436 440/440/440
f 437/437/437 373/373/373 424/424/424
f 437/437/437 424/424/424 425/425/425
f 373/373/373 344/344/344 389/389/389
f 373/373/373 389/389/389 424/424/424
f 389/389/389 344/344/344 323/323/323
f 389/389/389 323/323/323 366/366/366
f 366/366/366 323/323/323 354/354/354
f 366/366/366 354/354/354 384/384/384
f 403/403/403 478/478/478 480/480/480
f 403/403/403 480/480/480 435/435/435
f 431/431/431 478/478/478 403/403/403
f 431/431/431 403/403/403 356/356/356
f 384/384/384 354/354/354 404/404/404
f 384/384/384 404/404/404 409/409/409
f 425/425/425 408/408/408 405/405/405
f 425/425/425 405/405/405 437/437/437
f 459/459/459 425/425/425 424/424/424
f 459/459/459 424/424/424 453/453/453
f 408/408/408 425/425/425 459/459/459
f 408/408/408 459/459/459 450/450/450
f 416/416/416 384/384/384 409/409/409
f 416/416/416 409/409/409 451/451/451
f 410/410/410 366/366/366 384/384/384
f 410/410/410 384/384/384 416/416/416
f 422/422/422 389/389/389 366/366/366
f 422/422/422 366/366/366 410/410/410
f 424/424/424 389/389/389 422/422/422
f 424/424/424 422/422/422 453/453/453
f 467/467/467 422/422/422 410/410/410
f 467/467/467 410/410/410 462/462/462
f 482/482/482 453/453/453 422/422/422
f 482/482/482 422/422/422 467/467/467
f 502/502/502 459/459/459 453/453/453
f 502/502/502 453/453/453 482/482/482
f 466/466/466 416/416/416 451/451/451
f 466/466/466 451/451/451 484/484/484
f 462/462/462 410/410/410 416/416/416
f 462/462/462 416/416/416 466/466/466
f 508/508/508 467/467/467 462/462/462
f 508/508/508 462/462/462 490/490/490
f 553/553/553 482/482/482 467/467/467
f 553/553/553 467/467/467 508/508/508
f 570/570/570 502/502/502 482/482/482
f 570/570/570 482/482/482 553/553/553
f 466/466/466 484/484/484 512/512/512
f 466/466/466 512/512/512 495/495/495
f 490/490/490 462/462/462 466/466/466
f 490/490/490 466/466/466 495/495/495
f 495/495/495 512/512/512 537/537/537
f 495/495/495 537/537/537 515/515/515
f 450/450/450 459/459/459 502/502/502
f 450/450/450 502/502/502 483/483/483
f 483/483/483 502/502/502 570/570/570
f 483/483/483 570/570/570 559/559/559
f 570/570/570 601/601/601 593/593/593
f 570/570/570 593/593/593 559/559/559
f 593/593/593 571/571/571 546/546/546
f 593/593/593 546/546/546 559/559/559
f 546/546/546 571/571/571 536/536/536
f 546/546/546 536/536/536 511/511/511
f 559/559/559 546/546/546 511/511/511
f 559/559/559 511/511/511 483/483/483
f 495/495/495 515/515/515 506/506/506
f 495/495/495 506/506/506 490/490/490
f 490/490/490 506/506/506 525/525/525
f 490/490/490 525/525/525 508/508/508
f 508/508/508 525/525/525 573/573/573
f 508/508/508 573/573/573 553/553/553
f 570/570/570 553/553/553 573/573/573
f 570/570/570 573/573/573 601/601/601
f 571/571/571 593/593/593 604/604/604
f 571/571/571 604/604/604 586/586/586
f 557/557/557 536/536/536 571/571/571
f 557/557/557 571/571/571 586/586/586
f 529/529/529 515/515/515 537/537/537
f 529/529/529 537/537/537 556/556/556
f 518/518/518 506/506/506 515/515/515
f 518/518/518 515/515/515 529/529/529
f 540/540/540 525/525/525 506/506/506
f 540/540/540 506/506/506 518/518/518
f 587/587/587 573/573/573 525/525/525
f 587/587/587 525/525/525 540/540/540
f 601/601/601 573/573/573 587/587/587
f 601/601/601 587/587/587 617/617/617
f 593/593/593 601/601/601 617/617/617
f 593/593/593 617/617/617 604/604/604
f 510/510/510 534/534/534 498/498/498
f 510/510/510 498/498/498 485/485/485
f 556/556/556 534/534/534 510/510/510
f 556/556/556 510/510/510 529/529/529
f 510/510/510 485/485/485 493/493/493
f 510/510/510 493/493/493 505/505/505
f 529/529/529 510/510/510 505/505/505
f 529/529/529 505/505/505 526/526/526
f 527/527/527 518/518/518 529/529/529
f 527/527/527 529/529/529 526/526/526
f 548/548/548 540/540/540 518/518/518
f 548/548/548 518/518/518 527/527/527
f 591/591/591 587/587/587 540/540/540
f 591/591/591 540/540/540 548/548/548
f 621/621/621 617/617/617 587/587/587
f 621/621/621 587/587/587 591/591/591
f 636/636/636 617/617/617 621/621/621
f 636/636/636 621/621/621 637/637/637
f 639/639/639 604/604/604 617/617/617
f 639/639/639 617/617/617 636/636/636
f 618/618/618 596/596/596 602/602/602
f 618/618/618 602/602/602 625/625/625
f 596/596/596 618/618/618 621/621/621
f 596/596/596 621/621/621 591/591/591
f 618/618/618 625/625/625 637/637/637
f 618/618/618 637/637/637 621/621/621
f 577/577/577 602/602/602 596/596/596
f 577/577/577 596/596/596 564/564/564
f 548/548/548 564/564/564 596/596/596
f 548/548/548 596/596/596 591/591/591
f 577/577/577 564/564/564 541/541/541
f 577/577/577 541/541/541 569/569/569
f 527/527/527 541/541/541 564/564/564
f 527/527/527 564/564/564 548/548/548
f 528/528/528 541/541/541 527/527/527
f 528/528/528 527/527/527 526/526/526
f 513/513/513 528/528/528 526/526/526
f 513/513/513 526/526/526 505/505/505
f 507/507/507 513/513/513 505/505/505
f 507/507/507 505/505/505 493/493/493
f 522/522/522 545/545/545 549/549/549
f 522/522/522 549/549/549 516/516/516
f 577/577/577 569/569/569 589/589/589
f 577/577/577 589/589/589 602/602/602
f 568/568/568 589/589/589 569/569/569
f 568/568/568 569/569/569 547/547/547
f 541/541/541 528/528/528 547/547/547
f 541/541/541 547/547/547 569/569/569
f 550/550/550 544/544/544 523/523/523
f 550/550/550 523/523/523 542/542/542
f 507/507/507 517/517/517 542/542/542
f 507/507/507 542/542/542 523/523/523
f 513/513/513 507/507/507 523/523/523
f 513/513/513 523/523/523 528/528/528
f 523/523/523 544/544/544 547/547/547
f 523/523/523 547/547/547 528/528/528
f 554/554/554 566/566/566 552/552/552
f 554/554/554 552/552/552 543/543/543
f 584/584/584 566/566/566 554/554/554
f 584/584/584 554/554/554 549/549/549
f 551/551/551 567/567/567 563/563/563
f 551/551/551 563/563/563 544/544/544
f 549/549/549 554/554/554 543/543/543
f 549/549/549 543/543/543 516/516/516
f 544/544/544 563/563/563 568/568/568
f 544/544/544 568/568/568 547/547/547
f 649/649/649 646/646/646 639/639/639
f 649/649/649 639/639/639 636/636/636
f 649/649/649 636/636/636 637/637/637
f 649/649/649 637/637/637 653/653/653
f 628/628/628 632/632/632 609/609/609
f 628/628/628 609/609/609 611/611/611
f 637/637/637 625/625/625 631/631/631
f 637/637/637 631/631/631 648/648/648
f 643/643/643 647/647/647 632/632/632
f 643/643/643 632/632/632 628/628/628
f 654/654/654 656/656/656 647/647/647
f 654/654/654 647/647/647 643/643/643
f 653/653/653 637/637/637 648/648/648
f 653/653/653 648/648/648 655/655/655
f 649/649/649 653/653/653 657/657/657
f 649/649/649 657/657/657 646/646/646
f 594/594/594 589/589/589 568/568/568
f 594/594/594 568/568/568 585/585/585
f 567/567/567 585/585/585 568/568/568
f 567/567/567 568/568/568 563/563/563
f 631/631/631 625/625/625 602/602/602
f 631/631/631 602/602/602 608/608/608
f 608/608/608 602/602/602 589/589/589
f 608/608/608 589/589/589 594/594/594
f 611/611/611 609/609/609 595/595/595
f 611/611/611 595/595/595 597/597/597
f 611/611/611 600/600/600 620/620/620
f 611/611/611 620/620/620 628/628/628
f 604/604/604 620/620/620 600/600/600
f 604/604/604 600/600/600 586/586/586
f 597/597/597 582/582/582 600/600/600
f 597/597/597 600/600/600 611/611/611
f 628/628/628 620/620/620 638/638/638
f 628/628/628 638/638/638 643/643/643
f 639/639/639 638/638/638 620/620/620
f 639/639/639 620/620/620 604/604/604
f 522/522/522 514/514/514 539/539/539
f 522/522/522 539/539/539 545/545/545
f 638/638/638 645/645/645 654/654/654
f 638/638/638 654/654/654 643/643/643
f 645/645/645 638/638/638 639/639/639
f 645/645/645 639/639/639 646/646/646
f 646/646/646 656/656/656 654/654/654
f 646/646/646 654/654/654 645/645/645
f 492/492/492 493/493/493 485/485/485
f 492/492/492 485/485/485 498/498/498
f 491/491/491 514/514/514 522/522/522
f 491/491/491 522/522/522 516/516/516
f 517/517/517 507/507/507 493/493/493
f 517/517/517 493/493/493 492/492/492
f 481/481/481 348/348/348 475/475/475
f 481/481/481 475/475/475 605/605/605
f 371/371/371 481/481/481 535/535/535
f 371/371/371 535/535/535 396/396/396
f 286/286/286 288/288/288 371/371/371
f 286/286/286 371/371/371 396/396/396
f 191/191/191 260/260/260 233/233/233
f 191/191/191 233/233/233 176/176/176
f 220/220/220 233/233/233 288/288/288
f 220/220/220 288/288/288 286/286/286
f 288/288/288 295/295/295 340/340/340
f 288/288/288 340/340/340 371/371/371
f 348/348/348 340/340/340 295/295/295
f 348/348/348 295/295/295 260/260/260
f 233/233/233 260/260/260 295/295/295
f 233/233/233 295/295/295 288/288/288
f 340/340/340 348/348/348 481/481/481
f 340/340/340 481/481/481 371/371/371
f 583/583/583 584/584/584 549/549/549
f 583/583/583 549/549/549 545/545/545
f 582/582/582 557/557/557 586/586/586
f 582/582/582 586/586/586 600/600/600
f 565/565/565 583/583/583 545/545/545
f 565/565/565 545/545/545 539/539/539
f 582/582/582 597/597/597 583/583/583
f 582/582/582 583/583/583 565/565/565
f 584/584/584 583/583/583 597/597/597
f 584/584/584 597/597/597 595/595/595
f 509/509/509 538/538/538 539/539/539
f 509/509/509 539/539/539 514/514/514
f 533/533/533 538/538/538 509/509/509
f 533/533/533 509/509/509 497/497/497
f 539/539/539 538/538/538 555/555/555
f 539/539/539 555/555/555 565/565/565
f 555/555/555 538/538/538 533/533/533
f 555/555/555 533/533/533 557/557/557
f 555/555/555 557/557/557 582/582/582
f 555/555/555 582/582/582 565/565/565
f 514/514/514 491/491/491 497/497/497
f 514/514/514 497/497/497 509/509/509

